/*
 Navicat Premium Data Transfer

 Source Server         : heng7749
 Source Server Type    : MySQL
 Source Server Version : 80033 (8.0.33)
 Source Host           : localhost:3306
 Source Schema         : property_management

 Target Server Type    : MySQL
 Target Server Version : 80033 (8.0.33)
 File Encoding         : 65001

 Date: 08/04/2025 14:48:20
*/

SET NAMES utf8mb4;
SET FOREIGN_KEY_CHECKS = 0;

-- ----------------------------
-- Table structure for advise
-- ----------------------------
DROP TABLE IF EXISTS `advise`;
CREATE TABLE `advise`  (
  `id` int UNSIGNED NOT NULL AUTO_INCREMENT COMMENT '建议ID',
  `owner_id` int UNSIGNED NULL DEFAULT NULL COMMENT '业主ID',
  `type` tinyint NULL DEFAULT NULL COMMENT '建议类型',
  `SUBJECT` varchar(50) CHARACTER SET utf8mb3 COLLATE utf8mb3_general_ci NULL DEFAULT NULL COMMENT '建议标题',
  `contents` varchar(500) CHARACTER SET utf8mb3 COLLATE utf8mb3_general_ci NULL DEFAULT NULL COMMENT '建议内容',
  `STATUS` tinyint NULL DEFAULT 0,
  `create_time` datetime NULL DEFAULT NULL COMMENT '创建时间',
  `update_by` int UNSIGNED NULL DEFAULT NULL COMMENT '处理人ID',
  `update_time` datetime NULL DEFAULT NULL COMMENT '处理时间',
  `feedback` varchar(255) CHARACTER SET utf8mb3 COLLATE utf8mb3_general_ci NULL DEFAULT NULL COMMENT '反馈',
  `is_deleted` bit(1) NULL DEFAULT b'0',
  PRIMARY KEY (`id`) USING BTREE
) ENGINE = InnoDB CHARACTER SET = utf8mb3 COLLATE = utf8mb3_general_ci ROW_FORMAT = Dynamic;

-- ----------------------------
-- Records of advise
-- ----------------------------
INSERT INTO `advise` VALUES (1, 1, 6, '下调物业费建议', '经济不景气，哈哈哈', 1, '2023-03-18 10:27:59', 1, '2023-03-20 10:28:22', '这边已就您提的问题进行了商讨，已对问题的解决方案有了初步的进展', b'0');
INSERT INTO `advise` VALUES (2, 2, 2, '加强保安素质教育', '最近在小区遇到的保安都很不礼貌', 1, '2023-03-22 12:19:21', 3, '2023-04-07 08:12:47', '这边已就您提的问题进行了商讨，已对问题的解决方案有了初步的进展', b'0');
INSERT INTO `advise` VALUES (3, 3, 2, '提升门禁管理', '最近发现，小区的门禁好像随都能进', 1, '2023-03-22 12:19:21', 3, '2023-04-07 08:12:21', '这边已就您提的问题进行了商讨，已对问题的解决方案有了初步的进展', b'0');
INSERT INTO `advise` VALUES (4, 4, 6, '加强广告管路', '在电梯内发现一些低俗的广告', 1, '2023-03-22 12:19:21', 3, '2023-04-07 08:12:26', '这边已就您提的问题进行了商讨，已对问题的解决方案有了初步的进展', b'0');
INSERT INTO `advise` VALUES (5, 5, 6, '小区公告发布不及时', '都停水了还没发公告', 1, '2023-03-22 12:19:21', 3, '2023-04-07 08:12:17', '这边已就您提的问题进行了商讨，已对问题的解决方案有了初步的进展', b'0');
INSERT INTO `advise` VALUES (6, 6, 6, '加强小区内的文娱活动管理', '楼下公园的大妈一直在跳广场舞，吵死人', 1, '2023-03-22 12:19:21', 3, '2023-04-07 08:12:37', '这边已就您提的问题进行了商讨，已对问题的解决方案有了初步的进展', b'0');
INSERT INTO `advise` VALUES (7, 7, 1, '做好绿化工作', '楼下的花草都枯萎了，要及时浇水', 1, '2023-03-22 12:19:21', 3, '2023-04-07 08:12:13', '这边已就您提的问题进行了商讨，已对问题的解决方案有了初步的进展', b'0');
INSERT INTO `advise` VALUES (8, 8, 6, '加强高空抛物管理6', '最近小区内老是有高空抛物的人，能不能管一下6', 0, '2023-03-22 12:19:21', NULL, NULL, '', b'0');
INSERT INTO `advise` VALUES (9, 9, 6, '下调物业费建议', '经济不景气，哈哈哈', 1, '2023-03-22 12:19:21', 3, '2023-04-07 08:12:04', '这边已就您提的问题进行了商讨，已对问题的解决方案有了初步的进展', b'0');
INSERT INTO `advise` VALUES (10, 10, 2, '加强保安素质教育', '最近在小区遇到的保安都很不礼貌', 1, '2023-03-22 12:19:21', 3, '2023-04-07 08:11:51', '这边已就您提的问题进行了商讨，已对问题的解决方案有了初步的进展', b'0');
INSERT INTO `advise` VALUES (11, 8, 2, 'sss', 'ssss', 0, '2023-04-07 08:39:49', NULL, NULL, NULL, b'0');

-- ----------------------------
-- Table structure for bill
-- ----------------------------
DROP TABLE IF EXISTS `bill`;
CREATE TABLE `bill`  (
  `id` int UNSIGNED NOT NULL AUTO_INCREMENT COMMENT '缴费ID',
  `house_id` int UNSIGNED NULL DEFAULT NULL COMMENT '房屋ID',
  `bill_type_id` tinyint UNSIGNED NULL DEFAULT NULL COMMENT '收费类型ID',
  `count` decimal(10, 2) NULL DEFAULT NULL COMMENT '数值',
  `money` decimal(10, 2) NULL DEFAULT NULL COMMENT '金额',
  `STATUS` tinyint NULL DEFAULT 0,
  `start_time` datetime NULL DEFAULT NULL COMMENT '上次记录时间',
  `end_time` datetime NULL DEFAULT NULL COMMENT '本次记录时间',
  `create_by` int UNSIGNED NULL DEFAULT NULL COMMENT '创建人',
  `create_time` datetime NULL DEFAULT NULL COMMENT '创建时间',
  `update_by` int UNSIGNED NULL DEFAULT NULL COMMENT '处理人ID',
  `update_time` datetime NULL DEFAULT NULL COMMENT '处理时间',
  `is_deleted` bit(1) NULL DEFAULT b'0',
  PRIMARY KEY (`id`) USING BTREE
) ENGINE = InnoDB CHARACTER SET = utf8mb3 COLLATE = utf8mb3_general_ci ROW_FORMAT = Dynamic;

-- ----------------------------
-- Records of bill
-- ----------------------------
INSERT INTO `bill` VALUES (1, 1, 1, 200.00, 800.00, 1, '2023-03-16 22:41:03', '2023-03-16 22:41:07', NULL, '2023-03-16 22:41:14', NULL, NULL, b'0');
INSERT INTO `bill` VALUES (2, 2, 1, 100.00, 400.00, 1, '2023-02-21 21:04:57', '2023-03-21 21:04:53', NULL, '2023-03-01 21:05:05', NULL, NULL, b'0');
INSERT INTO `bill` VALUES (3, 10, 1, 200.00, 800.00, 1, '2023-02-21 21:06:11', '2023-03-21 21:04:53', NULL, '2023-03-21 21:04:53', 1, '2023-03-27 04:22:09', b'0');
INSERT INTO `bill` VALUES (4, 4, 1, 100.00, 400.00, 1, '2023-02-21 21:06:11', '2023-03-21 21:04:53', NULL, '2023-03-21 21:04:53', NULL, NULL, b'0');
INSERT INTO `bill` VALUES (5, 5, 1, 200.00, 800.00, 1, '2023-02-21 21:06:11', '2023-03-21 21:04:53', NULL, '2023-03-21 21:04:53', NULL, NULL, b'0');
INSERT INTO `bill` VALUES (6, 6, 1, 100.00, 400.00, 1, '2023-02-21 21:06:11', '2023-03-21 21:04:53', NULL, '2023-03-21 21:04:53', NULL, NULL, b'0');
INSERT INTO `bill` VALUES (7, 7, 1, 200.00, 800.00, 1, '2023-02-21 21:06:11', '2023-03-21 21:04:53', NULL, '2023-03-21 21:04:53', NULL, NULL, b'0');
INSERT INTO `bill` VALUES (8, 8, 1, 100.00, 400.00, 1, '2023-02-21 21:06:11', '2023-03-21 21:04:53', NULL, '2023-03-21 21:04:53', NULL, NULL, b'0');
INSERT INTO `bill` VALUES (9, 9, 1, 200.00, 800.00, 1, '2023-02-21 21:06:11', '2023-03-21 21:04:53', NULL, '2023-03-21 21:04:53', NULL, NULL, b'0');
INSERT INTO `bill` VALUES (10, 10, 1, 10.00, 6.80, 0, '2023-03-21 21:04:53', '2023-03-27 06:05:15', 1, '2023-03-27 06:07:13', NULL, NULL, b'0');

-- ----------------------------
-- Table structure for bill_type
-- ----------------------------
DROP TABLE IF EXISTS `bill_type`;
CREATE TABLE `bill_type`  (
  `id` int UNSIGNED NOT NULL AUTO_INCREMENT,
  `name` varchar(255) CHARACTER SET utf8mb3 COLLATE utf8mb3_general_ci NULL DEFAULT NULL,
  `unit_price` decimal(10, 2) NULL DEFAULT NULL,
  `create_time` datetime NULL DEFAULT NULL COMMENT '创建时间',
  `create_by` int UNSIGNED NULL DEFAULT NULL COMMENT '创建人',
  `is_deleted` bit(1) NULL DEFAULT b'0',
  PRIMARY KEY (`id`) USING BTREE
) ENGINE = InnoDB CHARACTER SET = utf8mb3 COLLATE = utf8mb3_general_ci ROW_FORMAT = Dynamic;

-- ----------------------------
-- Records of bill_type
-- ----------------------------
INSERT INTO `bill_type` VALUES (1, '电费', 0.68, '2023-04-25 08:56:57', 2, b'0');
INSERT INTO `bill_type` VALUES (2, '水费', 2.00, '2023-04-25 08:56:57', 2, b'0');
INSERT INTO `bill_type` VALUES (3, '物业费', 1.50, '2023-04-25 08:56:57', 2, b'0');
INSERT INTO `bill_type` VALUES (4, '停车费', 1.00, '2023-04-25 08:56:57', 1, b'0');
INSERT INTO `bill_type` VALUES (5, '商业用电费', 1.80, '2023-04-25 08:56:57', 1, b'0');
INSERT INTO `bill_type` VALUES (6, '商业用水', 5.00, '2023-04-25 08:56:57', 1, b'0');
INSERT INTO `bill_type` VALUES (7, '测试', 1.00, '2023-04-25 02:15:16', 3, b'1');

-- ----------------------------
-- Table structure for building
-- ----------------------------
DROP TABLE IF EXISTS `building`;
CREATE TABLE `building`  (
  `id` int UNSIGNED NOT NULL AUTO_INCREMENT,
  `name` varchar(50) CHARACTER SET utf8mb3 COLLATE utf8mb3_general_ci NULL DEFAULT NULL,
  `units` tinyint NULL DEFAULT NULL COMMENT '单元数',
  `floors` tinyint NULL DEFAULT NULL COMMENT '楼层数',
  `create_time` datetime NULL DEFAULT NULL COMMENT '创建时间',
  `create_by` int UNSIGNED NULL DEFAULT NULL COMMENT '处理人ID',
  `is_deleted` bit(1) NULL DEFAULT b'0',
  PRIMARY KEY (`id`) USING BTREE
) ENGINE = InnoDB CHARACTER SET = utf8mb3 COLLATE = utf8mb3_general_ci ROW_FORMAT = Dynamic;

-- ----------------------------
-- Records of building
-- ----------------------------
INSERT INTO `building` VALUES (1, '1栋', 2, 16, '2023-04-24 16:58:22', 2147483649, b'0');
INSERT INTO `building` VALUES (2, '2栋', 2, 8, '2023-04-24 16:58:26', 2147483649, b'0');
INSERT INTO `building` VALUES (3, '3栋', 2, 16, '2023-04-24 16:58:26', 2147483649, b'0');
INSERT INTO `building` VALUES (4, '4栋', 3, 8, '2023-04-24 16:58:26', 2147483649, b'0');
INSERT INTO `building` VALUES (7, '5栋', 2, 11, '2023-04-24 10:15:30', 2147483651, b'0');

-- ----------------------------
-- Table structure for car
-- ----------------------------
DROP TABLE IF EXISTS `car`;
CREATE TABLE `car`  (
  `id` int UNSIGNED NOT NULL AUTO_INCREMENT COMMENT '车辆ID',
  `carNumber` varchar(20) CHARACTER SET utf8mb3 COLLATE utf8mb3_general_ci NULL DEFAULT NULL COMMENT '车牌号码',
  `ownerName` varchar(10) CHARACTER SET utf8mb3 COLLATE utf8mb3_general_ci NULL DEFAULT NULL COMMENT '车主名',
  `phoneNumber` varchar(50) CHARACTER SET utf8mb3 COLLATE utf8mb3_general_ci NULL DEFAULT NULL COMMENT '联系电话',
  `owner_id` int UNSIGNED NULL DEFAULT NULL COMMENT '业主ID',
  `stall_id` int UNSIGNED NULL DEFAULT NULL COMMENT '车位ID',
  `is_deleted` bit(1) NULL DEFAULT b'0',
  PRIMARY KEY (`id`) USING BTREE
) ENGINE = InnoDB CHARACTER SET = utf8mb3 COLLATE = utf8mb3_general_ci ROW_FORMAT = Dynamic;

-- ----------------------------
-- Records of car
-- ----------------------------
INSERT INTO `car` VALUES (1, '粤A·YD99', '陆菲菲', '17650183284', 1, 1, b'0');
INSERT INTO `car` VALUES (2, '粤A·AK98', '吴亦凡', '17607914290', 2, 2, b'0');
INSERT INTO `car` VALUES (3, '粤B·CO91', '王秀瑶', '13406983524', 3, 3, b'0');
INSERT INTO `car` VALUES (4, '粤A·PH02', '王妙蓝', '18556894069', 4, 4, b'0');
INSERT INTO `car` VALUES (5, '粤R·CC03', '王黎晨', '17557533621', 5, 5, b'0');
INSERT INTO `car` VALUES (6, '粤A·AX82', '潭秋夏', '16572432737', 6, 6, b'0');
INSERT INTO `car` VALUES (7, '粤C·PP66', '齐英逸', '18442315292', 7, 7, b'0');
INSERT INTO `car` VALUES (8, '粤A·LC74', '牛念柳', '19936456245', 8, 8, b'0');
INSERT INTO `car` VALUES (9, '粤R·OP55', '郭凌兰', '13691269077', 9, 9, b'0');
INSERT INTO `car` VALUES (10, '粤A·LL77', '司宁曦', '15887709902', 10, 10, b'0');
INSERT INTO `car` VALUES (11, '粤A·8888', '司宁曦', '15887709902', 10, 10, b'0');
INSERT INTO `car` VALUES (12, '藏A·8888', '王小小', '15622605215', NULL, NULL, b'0');
INSERT INTO `car` VALUES (13, '川A·1234', '王小崔', '1562260583', NULL, NULL, b'0');

-- ----------------------------
-- Table structure for complaint
-- ----------------------------
DROP TABLE IF EXISTS `complaint`;
CREATE TABLE `complaint`  (
  `id` int UNSIGNED NOT NULL AUTO_INCREMENT COMMENT '投诉ID',
  `owner_id` int UNSIGNED NULL DEFAULT NULL COMMENT '业主ID',
  `type` tinyint NULL DEFAULT NULL COMMENT '投诉类型',
  `SUBJECT` varchar(50) CHARACTER SET utf8mb3 COLLATE utf8mb3_general_ci NULL DEFAULT NULL COMMENT '投诉标题',
  `contents` varchar(500) CHARACTER SET utf8mb3 COLLATE utf8mb3_general_ci NULL DEFAULT NULL COMMENT '投诉内容',
  `STATUS` tinyint NULL DEFAULT 0,
  `phoneNumber` varchar(50) CHARACTER SET utf8mb3 COLLATE utf8mb3_general_ci NULL DEFAULT NULL COMMENT '联系电话',
  `create_time` datetime NULL DEFAULT NULL COMMENT '创建时间',
  `update_by` int UNSIGNED NULL DEFAULT NULL COMMENT '处理人ID',
  `update_time` datetime NULL DEFAULT NULL COMMENT '处理时间',
  `feedback` varchar(255) CHARACTER SET utf8mb3 COLLATE utf8mb3_general_ci NULL DEFAULT NULL COMMENT '反馈',
  `is_deleted` bit(1) NULL DEFAULT b'0',
  PRIMARY KEY (`id`) USING BTREE
) ENGINE = InnoDB CHARACTER SET = utf8mb3 COLLATE = utf8mb3_general_ci ROW_FORMAT = Dynamic;

-- ----------------------------
-- Records of complaint
-- ----------------------------
INSERT INTO `complaint` VALUES (1, 1, 1, '小区保洁差', '门口的垃圾两天没人打扫', -127, '17650183284', '2023-03-20 00:37:26', 1, '2023-03-20 09:48:48', '您所反馈的问题，物业这边高度重视，将迅速拟定方案处理该问题。', b'0');
INSERT INTO `complaint` VALUES (2, 2, 3, '门口的瓷砖破裂', '门口的瓷砖破裂', -127, '17607914290', '2023-03-22 10:46:44', 1, '2023-03-23 10:47:25', '您所反馈的问题，物业这边高度重视，将迅速拟定方案处理该问题。', b'0');
INSERT INTO `complaint` VALUES (3, 3, 1, '室内有臭味', '室内有臭味', -127, '13406983524', '2023-03-22 10:46:44', 2, '2023-03-23 10:47:25', '您所反馈的问题，物业这边高度重视，将迅速拟定方案处理该问题。', b'0');
INSERT INTO `complaint` VALUES (4, 4, 1, '公园保洁差', '公园内有垃圾', -127, '18556894069', '2023-03-22 10:46:44', 2, '2023-03-23 10:47:25', '您所反馈的问题，物业这边高度重视，将迅速拟定方案处理该问题。', b'0');
INSERT INTO `complaint` VALUES (5, 5, 1, '小区保洁差', '门口的垃圾两天没人打扫', -127, '17557533621', '2023-03-22 10:46:44', 2, '2023-03-23 10:47:25', '您所反馈的问题，物业这边高度重视，将迅速拟定方案处理该问题。', b'0');
INSERT INTO `complaint` VALUES (6, 9, 1, '室内有臭味', '室内有臭味', -127, '16572432737', '2023-03-22 10:46:44', 1, '2023-03-23 10:47:25', '您所反馈的问题，物业这边高度重视，将迅速拟定方案处理该问题。', b'0');
INSERT INTO `complaint` VALUES (7, 7, 1, '公园保洁差', '公园内有垃圾', -127, '18442315292', '2023-03-22 10:46:44', 1, '2023-03-23 10:47:25', '您所反馈的问题，物业这边高度重视，将迅速拟定方案处理该问题。', b'0');
INSERT INTO `complaint` VALUES (8, 8, 1, '小区保洁差6', '门口的垃圾三天没人打扫', -128, '19936456245', '2023-03-22 10:46:44', NULL, '2023-04-07 12:11:58', '', b'0');
INSERT INTO `complaint` VALUES (9, 9, 1, '公园保洁差', '公园内有垃圾', -127, '13691269077', '2023-02-17 10:46:44', 3, '2023-03-23 10:47:25', '您所反馈的问题，物业这边高度重视，将迅速拟定方案处理该问题。', b'0');
INSERT INTO `complaint` VALUES (10, 10, 1, '小区保洁差', '门口的垃圾两天没人打扫', -128, '15887709902', '2023-03-22 10:46:44', 3, '2023-04-07 03:11:43', '', b'0');
INSERT INTO `complaint` VALUES (11, 8, 4, '保安态度差', '早上撞见小区保安，被他骂了一顿', -128, '12345678910', '2023-04-07 04:28:46', NULL, NULL, NULL, b'0');

-- ----------------------------
-- Table structure for department
-- ----------------------------
DROP TABLE IF EXISTS `department`;
CREATE TABLE `department`  (
  `id` int UNSIGNED NOT NULL AUTO_INCREMENT COMMENT '部门ID',
  `name` varchar(10) CHARACTER SET utf8mb3 COLLATE utf8mb3_general_ci NULL DEFAULT NULL,
  `create_time` datetime NULL DEFAULT NULL COMMENT '创建时间',
  `create_by` int UNSIGNED NULL DEFAULT NULL COMMENT '创建人ID',
  `is_deleted` bit(1) NULL DEFAULT b'0',
  PRIMARY KEY (`id`) USING BTREE
) ENGINE = InnoDB CHARACTER SET = utf8mb3 COLLATE = utf8mb3_general_ci ROW_FORMAT = Dynamic;

-- ----------------------------
-- Records of department
-- ----------------------------
INSERT INTO `department` VALUES (1, '经理室', '2023-04-24 20:52:29', 1, b'0');
INSERT INTO `department` VALUES (2, '办公室', '2023-04-24 20:52:29', 1, b'0');
INSERT INTO `department` VALUES (3, '财务部', '2023-04-24 20:52:29', 1, b'0');
INSERT INTO `department` VALUES (4, '安保部', '2023-04-24 20:52:29', 1, b'0');
INSERT INTO `department` VALUES (5, '工程部', '2023-04-24 20:52:29', 1, b'0');
INSERT INTO `department` VALUES (6, '保洁部', '2023-04-24 20:52:29', 1, b'0');
INSERT INTO `department` VALUES (7, 'aaa', '2023-04-24 12:55:06', 3, b'1');

-- ----------------------------
-- Table structure for duty
-- ----------------------------
DROP TABLE IF EXISTS `duty`;
CREATE TABLE `duty`  (
  `id` int UNSIGNED NOT NULL AUTO_INCREMENT COMMENT '值班ID',
  `employee_id` int UNSIGNED NULL DEFAULT NULL COMMENT '员工ID',
  `shift` varchar(50) CHARACTER SET utf8mb3 COLLATE utf8mb3_general_ci NULL DEFAULT NULL COMMENT '班次',
  `job` varchar(255) CHARACTER SET utf8mb3 COLLATE utf8mb3_general_ci NULL DEFAULT NULL COMMENT '工作内容',
  `attended_date` date NULL DEFAULT NULL COMMENT '值班日期',
  `create_time` datetime NULL DEFAULT NULL COMMENT '创建时间',
  `create_by` int UNSIGNED NULL DEFAULT NULL COMMENT '创建人ID',
  `is_deleted` bit(1) NULL DEFAULT b'0',
  PRIMARY KEY (`id`) USING BTREE
) ENGINE = InnoDB CHARACTER SET = utf8mb3 COLLATE = utf8mb3_general_ci ROW_FORMAT = Dynamic;

-- ----------------------------
-- Records of duty
-- ----------------------------
INSERT INTO `duty` VALUES (1, 1, '早班', NULL, '2023-03-23', '2023-03-23 09:47:28', NULL, b'0');
INSERT INTO `duty` VALUES (2, 2, '午班', NULL, '2023-03-23', NULL, NULL, b'0');
INSERT INTO `duty` VALUES (3, 3, '晚班', NULL, '2023-03-22', NULL, NULL, b'0');
INSERT INTO `duty` VALUES (4, 1, '早班', NULL, '2023-04-23', NULL, NULL, b'0');
INSERT INTO `duty` VALUES (5, 9, '早班', '打扫1号楼卫生', '2023-03-25', '2023-03-25 18:10:45', 1, b'0');
INSERT INTO `duty` VALUES (6, 7, '早班', '维修大厅天花板漏水问题', '2023-03-25', '2023-03-25 20:40:39', 1, b'1');
INSERT INTO `duty` VALUES (7, 4, '午班', '计算', '2023-03-25', '2023-03-25 21:23:16', 1, b'0');
INSERT INTO `duty` VALUES (8, 12, '早班', '小区安全巡查', '2023-03-24', '2023-03-26 20:11:07', 1, b'0');

-- ----------------------------
-- Table structure for employee
-- ----------------------------
DROP TABLE IF EXISTS `employee`;
CREATE TABLE `employee`  (
  `id` int UNSIGNED NOT NULL AUTO_INCREMENT COMMENT '员工ID',
  `name` varchar(50) CHARACTER SET utf8mb3 COLLATE utf8mb3_general_ci NULL DEFAULT NULL COMMENT '员工姓名',
  `gender` bit(1) NULL DEFAULT NULL COMMENT '性别',
  `department_id` int UNSIGNED NULL DEFAULT NULL COMMENT '部门ID',
  `position` varchar(20) CHARACTER SET utf8mb3 COLLATE utf8mb3_general_ci NULL DEFAULT NULL COMMENT '职位',
  `phoneNumber` varchar(20) CHARACTER SET utf8mb3 COLLATE utf8mb3_general_ci NULL DEFAULT NULL COMMENT '电话',
  `email` varchar(50) CHARACTER SET utf8mb3 COLLATE utf8mb3_general_ci NULL DEFAULT NULL COMMENT '邮箱',
  `birthday` date NULL DEFAULT NULL COMMENT '出生年月日',
  `identification` varchar(18) CHARACTER SET utf8mb3 COLLATE utf8mb3_general_ci NULL DEFAULT NULL COMMENT '身份证号',
  `address` varchar(50) CHARACTER SET utf8mb3 COLLATE utf8mb3_general_ci NULL DEFAULT NULL COMMENT '住址',
  `salary` decimal(10, 2) NULL DEFAULT NULL COMMENT '薪资',
  `is_deleted` bit(1) NULL DEFAULT b'0',
  PRIMARY KEY (`id`) USING BTREE
) ENGINE = InnoDB CHARACTER SET = utf8mb3 COLLATE = utf8mb3_general_ci ROW_FORMAT = Dynamic;

-- ----------------------------
-- Records of employee
-- ----------------------------
INSERT INTO `employee` VALUES (1, '王小强', b'1', 1, '总经理', '18723392112', '123456789@qq.com', '2023-03-15', '441881200002111111', '城南', 5000.00, b'0');
INSERT INTO `employee` VALUES (2, '陆芝兰', b'0', 1, '副经理', '15831298834', 'fcnlr@sohu.com', '2023-03-14', '441881200002111111', '城北', 4000.00, b'0');
INSERT INTO `employee` VALUES (3, '欧香萱', b'0', 1, '副经理', '16676221887', 'vkbgdmejhagq@56.com', '2023-03-14', '441881200002111111', '城北', 4000.00, b'0');
INSERT INTO `employee` VALUES (4, '容彤蕊', b'1', 2, '会计', '17788492538', 'galv@qq.com', '2023-03-14', '441881200002111111', '城北', 4000.00, b'0');
INSERT INTO `employee` VALUES (5, '尚今歌', b'1', 2, '电话客服', '15119136462', 'uhciqkuh@eastday.com', '2023-03-14', '441881200002111111', '城北', 4000.00, b'0');
INSERT INTO `employee` VALUES (6, '石俊英', b'0', 2, '人事', '17560616985', 'iahro@sogou@com', '2023-03-14', '441881200002111111', '城北', 4000.00, b'0');
INSERT INTO `employee` VALUES (7, '鱼一凡', b'1', 5, '电工', '18638504876', 'tqbfev@hotmail.com', '2023-03-14', '441881200002111111', '城北', 4000.00, b'0');
INSERT INTO `employee` VALUES (8, '邱芝兰', b'0', 6, '保洁员', '13414039914', 'ftiioikwdifi@21cn.com', '2023-03-14', '441881200002111111', '城北', 4000.00, b'0');
INSERT INTO `employee` VALUES (9, '尹霏霏', b'0', 6, '保洁员', '15021078736', 'lsfekjaqf@yeah.net', '2023-03-14', '441881200002111111', '城北', 4000.00, b'0');
INSERT INTO `employee` VALUES (10, 'AAAAAA', b'1', 2, 'ss', 'ss', 'ss', '2023-03-27', 'ss', 'ss', 4555.00, b'1');
INSERT INTO `employee` VALUES (12, '王富贵', b'1', 4, '保安队长', '15622605123', '15xxxxxadsas@163.com', '2023-03-05', '121354678915421314', '城中小区', 8000.00, b'0');

-- ----------------------------
-- Table structure for equipment
-- ----------------------------
DROP TABLE IF EXISTS `equipment`;
CREATE TABLE `equipment`  (
  `id` int UNSIGNED NOT NULL AUTO_INCREMENT COMMENT '设备ID',
  `NAME` varchar(100) CHARACTER SET utf8mb3 COLLATE utf8mb3_general_ci NULL DEFAULT NULL COMMENT '设备名',
  `type` tinyint NULL DEFAULT NULL COMMENT '类型',
  `model` varchar(255) CHARACTER SET utf8mb3 COLLATE utf8mb3_general_ci NULL DEFAULT NULL COMMENT '型号',
  `deployPlace` varchar(255) CHARACTER SET utf8mb3 COLLATE utf8mb3_general_ci NULL DEFAULT NULL COMMENT '部署场所',
  `department_id` int UNSIGNED NULL DEFAULT NULL COMMENT '所属部门ID',
  `STATUS` tinyint NULL DEFAULT NULL COMMENT '状态',
  `deploy_time` date NULL DEFAULT NULL COMMENT '投用时间',
  `purchasing_time` date NULL DEFAULT NULL COMMENT '购买时间',
  `producer` varchar(255) CHARACTER SET utf8mb3 COLLATE utf8mb3_general_ci NULL DEFAULT NULL COMMENT '生产商',
  `repairsPeriod` int NULL DEFAULT NULL COMMENT '定检周期',
  `replacePeriod` int NULL DEFAULT NULL COMMENT '更换周期',
  `create_by` int UNSIGNED NULL DEFAULT NULL COMMENT '创建人ID',
  `create_time` datetime NULL DEFAULT NULL COMMENT '创建时间',
  `update_by` int UNSIGNED NULL DEFAULT NULL COMMENT '更新人ID',
  `update_time` datetime NULL DEFAULT NULL COMMENT '更新时间',
  `remark` varchar(255) CHARACTER SET utf8mb3 COLLATE utf8mb3_general_ci NULL DEFAULT NULL COMMENT '说明',
  `is_deleted` bit(1) NULL DEFAULT b'0',
  PRIMARY KEY (`id`) USING BTREE
) ENGINE = InnoDB CHARACTER SET = utf8mb3 COLLATE = utf8mb3_general_ci ROW_FORMAT = Dynamic;

-- ----------------------------
-- Records of equipment
-- ----------------------------
INSERT INTO `equipment` VALUES (1, '专变变压器', 1, '500v', '变电房', 5, 0, '2022-10-02', '2022-01-05', 'SIEMENS西门子', 24, 300, 1, NULL, NULL, NULL, NULL, b'0');
INSERT INTO `equipment` VALUES (2, '发电机', 1, '发电机', '变电房', 5, 0, '2023-03-17', '2023-03-04', '科润智控', 12, 300, 1, NULL, NULL, NULL, NULL, b'0');
INSERT INTO `equipment` VALUES (3, '风柜', 3, 'YDM-HXP-TFG', '全场景', 5, 0, '2023-03-17', '2023-03-04', '奕多美', 12, 100, 1, NULL, NULL, NULL, NULL, b'0');
INSERT INTO `equipment` VALUES (4, '水泵配电柜', 1, '380v', '变电房', 5, 0, '2023-03-17', '2023-03-04', '德力西', 12, 100, 1, NULL, NULL, NULL, NULL, b'0');
INSERT INTO `equipment` VALUES (5, '配电箱', 1, '20位PZ30', '变电房', 5, 0, '2023-03-17', '2023-03-04', '正泰', 12, 100, 1, NULL, NULL, NULL, NULL, b'0');
INSERT INTO `equipment` VALUES (6, '消防水泵 ', 2, '6寸水泵', '水泵房 ', 5, 0, '2023-03-17', '2023-03-04', '玉柴动力', 12, 100, 1, NULL, NULL, NULL, NULL, b'0');
INSERT INTO `equipment` VALUES (7, '空调主机', 3, '1.5匹', '全场景', 5, 0, '2023-03-17', '2023-03-04', '格力', 24, 300, 2, NULL, NULL, NULL, NULL, b'0');
INSERT INTO `equipment` VALUES (8, '摄像头', 3, '2K超清+智能追踪+64G', '全场景', 5, 0, '2023-03-17', '2023-03-04', '乔安', 8, 200, 2, NULL, NULL, NULL, NULL, b'0');
INSERT INTO `equipment` VALUES (9, '消防栓', 2, 'SSFT150', '全场景', 5, 0, '2023-03-17', '2023-03-04', '都格', 12, 200, 3, NULL, 3, '2023-04-09 13:01:15', '666', b'0');
INSERT INTO `equipment` VALUES (10, 'ss', 1, 'ss', 'ss', 1, 0, '2023-04-09', '2023-04-09', 'ss', 1, 1, 3, '2023-04-09 13:11:02', NULL, NULL, 'ss', b'0');
INSERT INTO `equipment` VALUES (11, 'aaa', 1, 'aa', 'aaa', 1, 0, '2023-04-14', '2023-04-11', 'ss', 6, 12, 3, '2023-04-14 04:11:57', NULL, NULL, 'aaa', b'0');

-- ----------------------------
-- Table structure for house
-- ----------------------------
DROP TABLE IF EXISTS `house`;
CREATE TABLE `house`  (
  `id` int UNSIGNED NOT NULL AUTO_INCREMENT COMMENT '房屋ID',
  `owner_id` int UNSIGNED NULL DEFAULT NULL COMMENT '业主ID',
  `building_id` int UNSIGNED NULL DEFAULT NULL COMMENT '楼宇ID',
  `unit` tinyint NULL DEFAULT NULL COMMENT '单元',
  `floor` tinyint NULL DEFAULT NULL COMMENT '楼层',
  `NAME` varchar(10) CHARACTER SET utf8mb3 COLLATE utf8mb3_general_ci NULL DEFAULT NULL COMMENT '房号',
  `houseType` varchar(10) CHARACTER SET utf8mb3 COLLATE utf8mb3_general_ci NULL DEFAULT NULL COMMENT '户型',
  `floorSpace` decimal(10, 2) NULL DEFAULT NULL COMMENT '面积',
  `STATUS` tinyint NULL DEFAULT NULL COMMENT '状态',
  `remark` varchar(255) CHARACTER SET utf8mb3 COLLATE utf8mb3_general_ci NULL DEFAULT NULL COMMENT '说明',
  `is_deleted` bit(1) NULL DEFAULT b'0',
  PRIMARY KEY (`id`) USING BTREE
) ENGINE = InnoDB CHARACTER SET = utf8mb3 COLLATE = utf8mb3_general_ci ROW_FORMAT = Dynamic;

-- ----------------------------
-- Records of house
-- ----------------------------
INSERT INTO `house` VALUES (1, 1, 1, 2, 4, '401', '3房1厅', 109.00, 1, NULL, b'0');
INSERT INTO `house` VALUES (2, 1, 2, 1, 8, '802', '4房1厅', 115.00, 1, NULL, b'0');
INSERT INTO `house` VALUES (3, 6, 1, 2, 5, '502', '3房1厅', 98.00, 1, NULL, b'0');
INSERT INTO `house` VALUES (4, 2, 1, 1, 4, '402', '4房1厅', 115.00, 1, NULL, b'0');
INSERT INTO `house` VALUES (5, 3, 3, 1, 2, '201', '3房1厅', 98.00, 1, NULL, b'0');
INSERT INTO `house` VALUES (6, 4, 3, 2, 5, '501', '4房1厅', 115.00, 1, NULL, b'0');
INSERT INTO `house` VALUES (7, 5, 4, 1, 2, '202', '3房1厅', 98.00, 1, NULL, b'0');
INSERT INTO `house` VALUES (8, 6, 4, 2, 6, '601', '4房1厅', 115.00, 1, NULL, b'0');
INSERT INTO `house` VALUES (9, 7, 4, 3, 5, '502', '3房1厅', 98.00, 1, NULL, b'0');
INSERT INTO `house` VALUES (10, 8, 1, 2, 4, '402', '4房1厅', 115.00, 1, NULL, b'0');
INSERT INTO `house` VALUES (11, 9, 1, 2, 4, '403', '3房1厅', 98.00, 1, NULL, b'0');
INSERT INTO `house` VALUES (12, 10, 1, 2, 4, '404', '4房1厅', 115.00, 1, NULL, b'0');
INSERT INTO `house` VALUES (13, 11, 1, 1, 5, '503', '3房1厅', 98.00, 1, NULL, b'0');
INSERT INTO `house` VALUES (14, 6, 2, 1, 2, '203', '3房1厅', 100.00, 1, '', b'0');

-- ----------------------------
-- Table structure for maintenance
-- ----------------------------
DROP TABLE IF EXISTS `maintenance`;
CREATE TABLE `maintenance`  (
  `id` int UNSIGNED NOT NULL AUTO_INCREMENT COMMENT '检修ID',
  `equipment_id` int UNSIGNED NULL DEFAULT NULL COMMENT '设备ID',
  `STATUS` tinyint NULL DEFAULT NULL COMMENT '状态',
  `maintainer_id` int UNSIGNED NULL DEFAULT NULL COMMENT '检修员ID',
  `maintain_date` date NULL DEFAULT NULL COMMENT '检修日期',
  `maintain_target_date` date NULL DEFAULT NULL COMMENT '检修目标日期',
  `remark` varchar(255) CHARACTER SET utf8mb3 COLLATE utf8mb3_general_ci NULL DEFAULT NULL COMMENT '说明',
  `is_deleted` bit(1) NULL DEFAULT b'0',
  PRIMARY KEY (`id`) USING BTREE
) ENGINE = InnoDB CHARACTER SET = utf8mb3 COLLATE = utf8mb3_general_ci ROW_FORMAT = Dynamic;

-- ----------------------------
-- Records of maintenance
-- ----------------------------
INSERT INTO `maintenance` VALUES (1, 1, 0, 1, '2023-03-19', '2023-03-19', NULL, b'0');
INSERT INTO `maintenance` VALUES (2, 2, 0, 2, '2023-03-22', '2023-03-22', NULL, b'0');
INSERT INTO `maintenance` VALUES (3, 3, 0, 3, '2023-03-22', '2023-03-22', NULL, b'0');
INSERT INTO `maintenance` VALUES (4, 4, 0, 4, '2023-03-22', '2023-03-22', NULL, b'0');
INSERT INTO `maintenance` VALUES (5, 5, 0, 5, '2023-03-22', '2023-03-22', NULL, b'0');
INSERT INTO `maintenance` VALUES (6, 6, 0, 6, '2023-03-22', '2023-03-22', NULL, b'0');
INSERT INTO `maintenance` VALUES (7, 7, 0, 7, '2023-03-22', '2023-03-22', NULL, b'0');
INSERT INTO `maintenance` VALUES (8, 8, 1, 8, '2023-03-20', '2023-03-22', NULL, b'0');
INSERT INTO `maintenance` VALUES (9, 9, 2, 12, '2023-03-19', '2023-03-22', 'dsda', b'0');
INSERT INTO `maintenance` VALUES (10, 10, 1, 12, '2023-04-13', '2023-04-16', 'ssss', b'1');
INSERT INTO `maintenance` VALUES (11, 10, 0, NULL, NULL, '2023-04-16', NULL, b'0');
INSERT INTO `maintenance` VALUES (12, 11, 0, NULL, NULL, '2023-05-26', NULL, b'0');

-- ----------------------------
-- Table structure for notice
-- ----------------------------
DROP TABLE IF EXISTS `notice`;
CREATE TABLE `notice`  (
  `id` int UNSIGNED NOT NULL AUTO_INCREMENT COMMENT '通知ID',
  `type` tinyint NULL DEFAULT NULL COMMENT '类型',
  `subject` varchar(255) CHARACTER SET utf8mb3 COLLATE utf8mb3_general_ci NULL DEFAULT NULL COMMENT '主题',
  `contents` mediumtext CHARACTER SET utf8mb3 COLLATE utf8mb3_general_ci NULL COMMENT '通知内容',
  `status` tinyint NULL DEFAULT NULL COMMENT '状态',
  `create_time` datetime NULL DEFAULT NULL COMMENT '创建时间',
  `create_by` int UNSIGNED NULL DEFAULT NULL COMMENT '创建人ID',
  `update_time` datetime NULL DEFAULT NULL COMMENT '更新时间',
  `update_by` int UNSIGNED NULL DEFAULT NULL COMMENT '更新人ID',
  `is_deleted` bit(1) NULL DEFAULT b'0',
  PRIMARY KEY (`id`) USING BTREE
) ENGINE = InnoDB CHARACTER SET = utf8mb3 COLLATE = utf8mb3_general_ci ROW_FORMAT = Dynamic;

-- ----------------------------
-- Records of notice
-- ----------------------------
INSERT INTO `notice` VALUES (2, -1, '撒大大', '<h1 class=\"ql-align-center\">大苏打大</h1><p class=\"ql-align-center\"><img src=\"data:image/jpeg;base64,/9j/4AAQSkZJRgABAQAASABIAAD/4QBYRXhpZgAATU0AKgAAAAgAAgESAAMAAAABAAEAAIdpAAQAAAABAAAAJgAAAAAAA6ABAAMAAAABAAEAAKACAAQAAAABAAAB9KADAAQAAAABAAAB9AAAAAD/wAARCAH0AfQDASIAAhEBAxEB/8QAHwAAAQUBAQEBAQEAAAAAAAAAAAECAwQFBgcICQoL/8QAtRAAAgEDAwIEAwUFBAQAAAF9AQIDAAQRBRIhMUEGE1FhByJxFDKBkaEII0KxwRVS0fAkM2JyggkKFhcYGRolJicoKSo0NTY3ODk6Q0RFRkdISUpTVFVWV1hZWmNkZWZnaGlqc3R1dnd4eXqDhIWGh4iJipKTlJWWl5iZmqKjpKWmp6ipqrKztLW2t7i5usLDxMXGx8jJytLT1NXW19jZ2uHi4+Tl5ufo6erx8vP09fb3+Pn6/8QAHwEAAwEBAQEBAQEBAQAAAAAAAAECAwQFBgcICQoL/8QAtREAAgECBAQDBAcFBAQAAQJ3AAECAxEEBSExBhJBUQdhcRMiMoEIFEKRobHBCSMzUvAVYnLRChYkNOEl8RcYGRomJygpKjU2Nzg5OkNERUZHSElKU1RVVldYWVpjZGVmZ2hpanN0dXZ3eHl6goOEhYaHiImKkpOUlZaXmJmaoqOkpaanqKmqsrO0tba3uLm6wsPExcbHyMnK0tPU1dbX2Nna4uPk5ebn6Onq8vP09fb3+Pn6/9sAQwABAQEBAQEBAQEBAQEBAQEBAQEBAQEBAQEBAQEBAQEBAQEBAQEBAQEBAQEBAQEBAQEBAQEBAQEBAQEBAQEBAQEB/9sAQwEBAQEBAQEBAQEBAQEBAQEBAQEBAQEBAQEBAQEBAQEBAQEBAQEBAQEBAQEBAQEBAQEBAQEBAQEBAQEBAQEBAQEB/90ABAAg/9oADAMBAAIRAxEAPwD++CiiivMjG2r36L+nv8lb5e90BRRRT5I9vxAKKKKmp0+f6AFFFFZgFFFFTP4X8vzAKKKKxAKKKKAIX+8fw/lTac/3j+H8qbQAVDsb0/WpqbsX0/WgCGinP94/h/Km1zgFFFFABRRRQAUUUUAFFFFABRRRUSjfVb9V/T3+Tv8AP3QKKKvQWTPzJ8q/r/kf8B+vGKKVKdaShDff+v8APX0ewFJVLfKvpjP9e/8AP65xVpbKd/4Qn++f6Y//AFeval1LU9H8O6Vf6zrWpafomiaTaS3+qatql3b6ZpemWFrF51xfX9/ey29tbWttb7p7m6u5/s9sFyWBDbfibxL/AMFDPgXaStB8MNL+Inx+mQ86h8J/D9oPBE1r50EH9oaV8UviLrPgH4W+L9PJZsXHgPxn4tugtpdk2QIRbrXGVcryqj9YzbH4bA0W98Tifq+m+9ddF32/vbx2w2HxeMl7LCYXE4is9P8AZW9fRaJfjt8z7fXTWHWX9P8A6w/PP4Cn/wBnH/noP+/a/wDxyvy81H9u/wCPl4GGgfs8/C/R7eaKKS0vPFfx48SX+sW0p+9b6p4a8OfBA6P9oJGc6Z49vLftvA3VjWf7bn7UlnN5+ofCf4B+Ibfvp9l8RfiL4NlH/cWn+H/jnHv/AMSE+uBgivk6niR4c0Z+ynn+F12uq/pt7B/lG195HvLhHiicOaOV2u+nsPxtVl6f52fL+qx0+T+F0f17fz3D+fTtxVSSGSL/AFi/h1/w/D+vWvz10H/goLrVi0SfE79nHxhpyvte41b4P+N/C3xV0HS4hxcz30XjCH4L+ObnyBjFr4Y8B+Iry7Ofslq2UNx9f/CX9of4L/G83tr8NvHem65rWlWkF5rfhDUbTVfCfxA0GxuW8q3vvEXw68YafoXjfw/YXzbVtLrV/D9lbXmAbQyYLV9DlebcN55/yJ81w2Orf9QuI6dvqy/fr52/NS8jF5XmeXf77gMVh/W+trd7d+/5Xj6PRWzPZI/zR/I49f8AV49xzn/OccCspl2ttb5NnPX/AOt6c/xc9uMt0VsPOj8dv8vyv933aHFF878/P+lp89fIjooorAqHxL5/kFFFFYz+J/L8jYKjduq/nz+PTb/7N/hTd7ev6U2pAKKKKACiiiplK3q/P89Jflr5290Co5O34/0pHfd69c8n/wCt/U//ABLKxAKKKKmfwv5fmAUUUUoxtq9+i/p7/JW+XvAUUUVE/ify/IAprNj6n3/nw38uffHyj/dP4fzqGpAKa/3T+H86GbH1Pv8Az4b+XPvj5YamUrer8/z0l+Wvnb3ajG/p9/8A7dH+u1veKKkx/t/5/wC/lGP9v/P/AH8rE2P/0P74KKKK886AooooAKKKKiUb6rfqv6e/yd/n7oFFFFZAFFFFZ1Onz/QAooorMAooooAjk7fj/So6sVXoAKKKKACo/L9/0/8AtlSUUAQsuPp+X/szf59c/K2pti+n61Gy4+n5f+zN/n1z8sSjfVb9V/T3+Tv8/dBtFFFRyS7fiAUUUUcku34gFFFFSAUUVas4fOf5vuJ2z+f8j2/PgtcafPLkff8ALtvv69etwLVpa/8ALWTp/wAs09Px/wDrflivmf8AaP8A2pPDPwDj03w1puly/EL4xeKrC6vfBfww07U10qSawgnFvN4x8c+IzZalB4A+HFjff6Jqniq70vWLy7ug2jeC/DPjHxQYvDF10P7S3x4tP2f/AIdnxBa6dB4k8eeJ9Vj8H/CzwVLdtZDxb43v7O+v4IL2/EM8+n+F/D+jadqvjHxnqltaXd3pfhPw/rLaPY61rTaRod/+RGhaNqVvea94m8Va9ceM/iJ411D+3PiB441CIWt94i1kQeRB5Fj9puP+Ef8AC/h+3/4lfgzwvaXV3pPhPw9aWdlZG+/029u/g/EbxDw/A2BpYHBUvb57j7rCXvbDdPrOJvdrr7Cg09rNK/u/XcJ8LVuIKyq4j/Z8tw+//USv+gdafLS/ZJW96TxhF4w+MetWvir9oHxP/wALI1WzvIdQ0PwfFazaX8HPAd1FP51h/wAId8OZ5r/TrjWdP6Wvjvx7d+LPiF9rurz+xPE+jaLe2Xhey3qy9a1zRfDek6l4g8RaxpegaDo9nJqGsa5rl/Y6Xpel2Fr+/mvr7Vr64g0/T7e3/wCXq6uroWn0yDW/8NPhV+0P+0FDban8M/B9n8LvhxeRwy2fxg+Ouja5ay6zay5MF/4A+CFlceFvH/ijT8K3/E08ea78G9Ju7S7sta8GX3jTRb77bX8q4XAcX+IuZ1q1Glis2xn/ADFYr/mGwyen+8WVDDv/AKcP8No/slXFZJwvhOSf1XAUWvP8X/Hr322j6WKlFfZ/hf8A4J0fDcRrc/Ff4q/HL4saluScRxfEK++DPhzS7rIllGiaX8Al+GesXGlE4W3svHfijxzdi3Oy81C9IBf1jTf2Ef2PtPEzSfs9/DrXp5/9Ze+M9Lm8eanKeOZdU8bz+IdRMue5u8/XkL+oYP6PedyjzY7Ocrw9bvhfrGJ/+Udr2/8AJm2fIYjxOy+E/wDZsBiq/W/+7/fr06adPNcv5sVzuv8AhXRfEc2lXd/DcW2teHrz+0PC/ijR76+0Hxb4S1WX9x/avhXxVodxp/iDwvqFxb/6LdXWg6nZ3d3aG9sr4X1le3lne/pnqf7A/wCzBPbunh/wPrvw9m3yXED/AAz+IvxE8C2FpfyQ+RDejw3oPii28H6i1uhzb2mu+G9X0nK4ubGTBDfL3xO/ZI+MXwutLzxB4E8QXvx88H2EZn1Dwxq+jaHoXxnsLH/l+vdEvvDdto3gj4jmAZP/AAjFr4N+H/iBdIs/+JPffEDxQ1jot75ua+CfF+RR/tHJ8Vhsd7DrhvrGHzL/ALlldf8AlGt7bXVo7MFx/keY/wCyY6l7B13/AMxT+s4V9P73fv63v7vrf7L/AO094ovvEmlfBT436vBq/ibWI7pPhh8TmtLHR5PiFLpdjcatfeEvGOk6Zb2Wjad8TbDRrC91y3utAtNJ0DxtpOleJbyx8M+F7rQbuwu/0FvbdWXzV++nv/TH9ePTAJr+f3UppPF3hOHWPA+q28OsQ/YPFHgPxBJFP5WjeMvC99b634P1WeH/AEa4/wCKf8UaPpd1qmmXVr/y6X2i3tic3tkv7s/DrxjZ/Ef4d+BfiFp9vJaWHjvwZ4Y8Z2dpcPvmtrHxTodhrkNvMRgefBb34gbAwSuehAX9l8JuMcdxfk2OwWc/8jLKf9lxeK3+tYXEP/Z/rGn+8L2Ff213b7ve+D41yHDZNjqWIwWmDx/bbyf9W9Fo5aNFFFfaylbRb9X/AEt/mrfL3vkoxt6vy/LWX56+dvdKjk7fj/SnP90/h/Oo3+8fw/lWRQ2iiigAoooqZSt6vz/PSX5a+dvdAqFmz9Pz/wDZV/z6Y+Z0nb8f6VHWIBRRRUylb1fn+ekvy187e6BRRRWes35/f/8AI338vnYAoooqpy+wvXf9Lei3+69gCkLBf/14/o38vzz8q1HJ2/H+lZgN3t6/pTaKh/j/AOBf1qZ/C/l+ZUY39Pv/APbo/wBdre8cuff+X8s/pn2p6/Kmf8+nv+ePwP8AEqfdH4/zqNmz9Pz/APZV/wA+mPm5ubnuvne9+vpH/wBK+8vm57r53vfr6R/9K+8N7ev6Ub29f0ptFPnj3/As/9H++CiiivPOgKKKKACiiis/aeX4/wD3MAooorMAooorGUr+n3/+2x/rtb3gKKKKkAooooAhf7x/D+VNqxUOxvT9aAG0VJ5fv+n/ANspr/eP4fyoAbRRRQAU3Yvp+tOooAYy55HXuP8AJ6/gc/j8sVWcE5x/n8yP5/nircdkzcv8v+x2/p0+h+p/hpU5z+HT5Xv/AF/WzAzVX5tvL+/9ePT8f1wtyOxlblvk/n/7L/JfxzT76/0vQ9PvtV1S+sNH0rTbWa+1TU9QubawsLCxs4jNcX19fXBt7aC2t7cNcXV1czLBbKpJcgF1+Mr79uLwf4s860/Zn8BeM/2mrgvJbxeM/BgsPC3wHglHC3v/AAvXxjLp3hDxho5nJtbu5+CVv8YdWsroBbvQxyzLGVMuy7DvEZnisLh6K/6CcR9X/LT/AIGvRxldGnVxE+TD0vrG3z8/v89+17R+1k0+Fc5Lv9T0/wDHR/n1zVlYIV+7Eg/Af1/+t+gDfnrc3P7YfxBLzeK/i94B+AOlTjzE8Nfs/wDhSy+IvjXS84zBN8Z/jv4e1Dwd4ggOB/x7fs0+Err7xF6C9t9lxrj9l34X663mfEmX4ifG+Z/3l7b/ABr+KHj/AOJXhK7u8f8AHx/wrLxH4gufhPo/H/LroPgXSbPn/jzr8+zHxc4Qy73ML9ax9br9Vw/+zPy+sYj2XV79LdbHuYfhfNKutV+w6fLzS/R/OX2fuTxh8W/hT8O+PH/xL+H/AIG/d+Z/xWHjLw54Y/dnof8Aid6jY8c9ccd85O3hbX9qv9l2+KrZ/tJ/AO9ds7BbfF/4d3Of93yPETZ/P2Gedvhng34HfBX4d/8AJP8A4P8Awv8AA3/LT/ij/h74V8L/APpj0ew5/P8ADOF1fip4xb4c/DH4i/ECOz/tKbwN4D8W+ME0/P8Ax/S+HPDmoa5BY9P+Xn+z/suAo59elfMS8cYTn7PD8OL/AMOO3/lCFu28l06pnoR4Ot8ePX/hNZf+pL/LXysfDHxX+Jel/Hv43eJ/iVo2tWXiDwJ4A/t74N/Ci80q/t7/AEaWLRdct4Pi34wsLiCa4tzf+J/iRoB8HXGftdpd+HvhR4Y1rRcf23ei94LxV4o0PwT4d1XxV4kv/sGiaPb/AGi8ufLnupZfMnt7GwsbGwsra41DWNY1jULi10zQdL0u2utW1bVryy0XRbO9vb6ysr+v4J8Of8If4P8ADHhdrn7fNoPh/StLudUki8qXVL+wsbeC+1afrnUNZ1EXWqXVz/x93d3d/bb1jwW679n3wCvxq+NGq+Ptdiju/hf+z9rH/CPeC9Lk/e2Hi3453Wlef4j8VX0O77PqGn/B/wAP6xpfhfwv/wAflofiF4h8aXt7ZWXif4Y+GL6y/nvOMxq8Y8T5hnGN/g4jE/Wr6aYbShh8Nh1t/wA+aHl/F6H69h6MeHMjwuFpL991vt9a+Wtn8r7aqzO5/Z5+HPwRtdQ0H43/ALYfxW+Clh46s7u38Q/C/wCA3iP4qeAJvCPwO8r9/pOt+K4f+Ehm0Xxv8eM4u9U8T79T8K/DO7/4pj4YNeXljrnxN+IH6SWH7VH7MWrXaafpf7R/wH1G+f8A1dlp/wAX/h/f3Un0gt/EDTk/QducZ+Xyrxl4P03xL4b1HR2s7dHe3ln0+SOLyvsuqQwfuJ8c9/8Aj65/49MA5zmvz1tfDGn+M9Q03w7qdnpd5DrOoWun+XqdrBf2sX2qfyP9It5xcfT8SOcZr9gy/wAZsu4ZwmEynLeEPq+Ew/vXeYtbf9yUr19evyv9n4OXBdXPZYrHYrOWqy6fVrXs1p/Gb/F2/vW5T9zrG/sdTtIb7Tru01Cyuo/Mt7uyuYbq1uIyODBPAWgmXgjcCQOfSrLxCQffkX/ccjP6kfoPxya/HTWP2Af2adH0nVde8O+APD/hHxhbW8uqf8Jp4P0bSvAfiP7Vawef58HiPwPp+geKLD/r6ttfN1a9Sb3pXjfh7Wfj78PNj/C39pz4wabbw5lj8L/FTWYP2h/DF9LFx/xPL74t2/iD4v8A2c97Xwv8WfCfqM4G37HBeO3D0pU6ObYDNMBfe/sMThu19vbfL2C2STdrx8b/AFAzGvGrPL8Xhq6odNcMn0/Dp++fz1Z+83kzx8x3G8Y+5OMj8MHP5/8Aj2MVajaRlzIuxvTORX5I+E/2+vjv4MkS2+NfwI0P4laIp2XHjv8AZv10aVr+QAJr2++BPxa1i3/s/TbZS1zdDwx8d/iH4hudwstP8M3l6i/bfuj4IftUfAL9odtRsvhT8RtM1fxNocEV14l+Hmt2uq+Cvip4Ttpm8mCfxV8LfGOneHviB4f0+5nyNN1TVPD1tpWq/M+j315a7Wf9PyHibh7iGHtcjzTC467/AN1+s3xP/hPiGq2H+T+111PlcyyjNMqm4Zjhfq600/G/1i19fLr/AC7y/PD9qXwvoHwh+OvjDUbRY9E8IfEHwR/wt+7s0iP2C18ZaNqmr6V8VNWsIYT5Gn2+sWH/AAgeu6na21uftfivVvE3ii9LXutXzN+mX7O2i3fhz9n74FeHr5HhvNA+Dnww0a8jf/WR3WmeCdFsLiI+jLPbkHJOTnHZV/PX43eF7z9r/wDarm+Gvhe0l1b4V/DjS9G+H/xk8aH/AJAOl2Emt3Hir4ufD/T76HEGsa/8QNPtvAnwwutL028tdX8JbvGvie9exvPDGiWXif8AWeUrb27bQFVE2Iv4YGOR27fy6r4HCuS0sFxJxnndKl7DB5visP8AVdLX+rUP3+I+J/8AL/EV9l/Go1U76M9bN8dPE5VkOXVKv77AYbEXv/1E108P1/58K+67XduYweM//qzj/P4U1/un8P50b19f0pv+/wDh/X7v4da9I8Mbvb1/Sm0UUAFFFFABTX+6fw/nTqYzY4HXuf8AI6/iMfh82MpX9Pv/APbY/wBdre8DH+8fw/lTaKKzn8L+X5gFFFFZ8ku34gFFFFU/c2673dtvK0u/dfL7IFFFRydvx/pWYDt6+v6VGxDH2xjnn+i/y/L+JtNZsfU+/wDPhv5c++PlCoxv6ff/AO3R/rtb3kZscDr3P+R1/EY/D5kRejflx+HXd/7L/jTfvN9fx6f989vp+NPZscD8f6cY/qO3tuwqNzv/AF1/7d6etvPaWnu/Br/Wv39fi8vMTzPb9f8A7XUdFQs2fp+f/sq/59MfNl/g+f6fF89iox6L+vXVeXXTzsO8z2/X/wC10eZ7fr/9rqOiswP/0v74KKKK886AooooAKKKKxn8T+X5AFFFFSAUUUVzgFFFFABRRRQAU3Yvp+tOooAa/wB0/h/OoasUUAV6KKKACp4rd5efuJyd/ft047f/AF89qnt7Xd80n3T/AMs+3T8/8+4ryD47/tAfCz9nHwWvjf4p+IjpNpe6hFofhbQNLsrnXfGvxA8WXUNxPY+D/AHg7Sln1nxh4p1G2trm5ttK0q1ufslla3utas1jo2j39/ZdVOjGEfrOIq/V6PT5f+Aq1322elleMpXPOfJDf+t9Fa1+736antUaJCu77v8Afd+Cf1I5PckY/wBrIr8z/i1/wUW0CS/1LwX+yf4Zs/2gPFNlc3Wl6v8AE241kaH+zh4J1O0mMF7BffEayttRvvid4h066+0W114O+Eml+IrW11axu/DXjbxr8Mr7F2nx38V/iH8Zv2t5LmH4ypc/C/4F3Pmx6f8Asx+HNet7q68W6XL/AKif9pLxxodxjxhcT2+P7U+DfgzUv+FT2n2q90XxRrfxos/sWsWmjY2NjpdjZ6bptnZ6bpthbx2enafp9pBbWFha2sHkQWNjBCfIt7e2t/8ARbW0tR/onvn5fwbjfx0wmBdXLOEKX1+tp/wq4n/dvL6vhtfb9f3yXsVrf2uiP03IPDyrifZ4nO/9novR4X/mJ/7mNf3H3u3W+h6f4A+Bmv8A7QeqL8S/2t/HF/8AH19O1GGXw58O9T0r/hHP2fdB1qwmF79v8O/Aiw1DUPD+oHRr4C50HX/ijqnxX+IekXS3gsviEbLFjX30qrGqJGkaoieXHHH/AKqGLrnkn+Q/E4rxz4F6tZ33gWz0+F4/tmiXl/bXidZT9qv7i+gn5x/o9xb3Hof+PPrxXslfhWJzfM86msbmeOxOPrYi3+9ffb/px9yu+isz6OthcPha1XD4el9WpYf8dfyvsuvyCiiiuMxCvnf9qxl/4Uf4jt5E8621PxJ8L9CvLfH/AB9WGvfFTwNomqwTj5f9HuNP1C6tLrp/onPtX0RXhP7TVlJcfAX4nXcLbJvDHh//AITy3/deb5svw6vrfx/DY9/+QhceHxa9f+XvvitqP8Wn/hf/AKUVD4l8/wAj4N8ceJh4K8F+LfGDWFxqX/CK+G9e8Sf2XZf8fWp/2NpVxffYYDi4/wBIvzb/AGW1GDi75r9CvgL8Mf8AhTvwd8AfDma5t7/V9B0OKTxZrFufKi8R+O9enuPEfxG8VdP+Pjxh441jXvFF3yMXmrdDw1fnj4utbe+XwZpt9D9psdV+MnwH0fULeT/VX2l6p8afh/pV9Yzjk/Z9Q0+4urW66AWl3nJ6V+mHjL4jeG/BcLf2hc/adS8v/RtIs5fNv5f+eHn/APQOt+M/arof9eQP8XmZbKFHL6s57YjFfd9Xvp0f/L7o/XvH385VatjKWHi9Pqr87L7v+nDez+dix4+8TweE/C+papJNGly1vLaaXF1llv7qDMHPH/Huf9Kusn/j0s+1fnqrNGyPHJIjJJ5kckf+thl/I/XGR6c11/jTxtrHjjUhfao+22h82PTtPt+bWwi/T7TcY/4+7r/l6684xXHV5GMxX1qf7v5df8tvWK76NHrZdgfqlH39a1fXp91157f8OddqHj7xlq2n/wBl6h4g1C5sHj8t7eSX/Wxf9N54M3Fx/wBvQ/OuRoorlnKc/j/pfPbr37+Ue+NOFP4Nfw+X4f1dhXC+NPhp4J+IC6dJ4o0P7Tqug3Et54Y8UaXfar4d8b+DL+X9z/avgfx/4c1DR/GHgfV/s5+y/wBveF9e0nVv+nwZ+XuqK1oYjE4OrSxGHq/V62H/AOYrDfn8n3Tt/eV+ZVIKrB0qtJYmgr/8M76v+vIm+Dfx8+Pv7Kmmaf4VttItP2k/ghpvnBPDccXhXwH+0N4XiluBPfXGheKgPCnww+M5GDjTPiJb/D3xxdk32t+J/jP411u8Fld/q98DP2kPg5+0doWo6z8KfF8Ot3OgXEFh4z8H6pY33hz4g/D3WLqD7RBoXj/wB4ig0/xT4P1a4tx9ps01zSra11ayK61otzf6Ld2l7d/k3XA+JPh/a6t4g0fx94Z17xB8Nfi14Xt5bPwf8XPh/cwaX430G1lnE8+lTT30GpaN4w8H6hcf6XqngPx5oXiz4e6td2dle634Yvb2ysr2y/eODfHDM8uVLAcTUnm2D/6Cv+Znhl6XXt727qtqt/tfnef+H2ExPtMRlN8DW3+qX/2bT5f7Pv0v8t4/0DXFkrfNENn/AEzxwD+fP/juP1rJbcrbW+T2HH8sk/n9NvO385vgF+3lfWuv6D8I/wBrWz8P+BfG2vahaeHvAHxw8PRT6X8FvjBrN9NBZaTod9DqmoX1z8Hvixq9wTa2fgLxRqmr+HfFd2bOz+Hvj/xPrl7e+DNF/Te4t47hefkf/np/iO3p1/PFf0pg8TlfEGApZnkmKwuIpYjS2mlu2j9hX32X3XPyXFYXF5diauExtL6vW0fz6aW622v6rRM5+ipZYmiba3+fbtz/AJ561FXJOPJ8dv8AN+n+X5GAU1/un8P50b19f0qNm3Y9vfP/ALKv+fTHzYylf0+//wBtj/Xa3vAM27Ht75/9lX/Ppj5m0UVnKVvV+f56S/LXzt7oFFFFT8flb57/APgHbz+QBRRRRKf8v4/gtn83f5MAooprc/L3P6Y9Rxnp/eXHvnFZgDNj6n3/AJ8N/Ln3x8sbNux7e+f/AGVf8+mPmH+8fw/lUbNj6n3/AJ8N/Ln3x8oAP90/h/OoxlsLxj8/Xr0/mf0xRy59/wCX8s/pn2qXhR6DP1/z/n1rnnU/4ZP7rvl/Dl/zNvgtD/hvLS36/db3m/cX3J/L/wBCzx/u5PpUVOf7x/D+VV2bdj298/8Asq/59MfNnL+RLsnf/K336r8PeoGbP0/P/wBlX/Ppj5m0UVmAUU35v9n/AMeo+b/Z/wDHqAP/0/74KKKK8nnl3/A6AoooqQCiiiplK3q/P89Jflr5290Ciiis5Sv6ff8A+2x/rtb3gKKKKkAooooAKKKKACiiigAooooAjk7fj/SrtvbEfPJn1RMjj8cH+Y9TnIpYIc/PJ6/u/Yfp+Wf/ALH40/a6/a0i+ANlpHw/+HulaZ48/aM+Imn31x8O/Aeo3NxDoXh3QrWf7Dq3xb+Kt9Ysb7R/hj4WuZ7a2+zWaDxB448RPY+C/CwF9eahrfhvepPCZdhKuY5jV+r4Oh/tP+0/8Ptfsr+v2bpUq2IrUsPh6Xt61fdve/59Pn1NP9qj9r3wz+zvBpfhDQtFPxP+PnjbT7m8+HPwe0vVBpclzYw3P2Gfxz8RfEX2TUIPhv8ACfR78Lba5401PTby5vLwf8I14K0Txn40vLDwxe/lTY+HfFHiTxtefGT41+Kv+FnfGzWNPl0uTxR9gOl+F/Afhy6nt55/AHwd8HTajqFv8P8AwP59va3V1/pWr+LPG91Z2WtfEHxP4nvbKy+xSeD/AAbcaBeeJPFXijxJqvxC+Knj/UItb+JnxQ8QxW8WveMtZig8ixg8mDOn+H/B/h+3/wCJX4D8CaV9l8PeE/D3+hWVib0Xt7d9xX8d+JHipjuLqtXLssX1DIbW/wConM1r/tGI/Bewbk/PU/deFuD8Nk0KWLxf+0Zlpf8A6hv+wfTzf77VrrfRhRRRX44fcG94b8Tax4V1JNU0a8+zXKfu5IyPOtbqLn9xPBnNxbfn9T0r6Y0D9obR7iNI/EmlXmm3P/LS40//AEqwlPr5E2Li39P+Xzn+HkbvkmiumjiatH4H/X3r107XujkxWCw2Mv7Wlb5/5Wf+Xnrzff1n8Vvh7fKjReJ9PTf/AM/kU9h+t7b2+f6dMtzWq/j/AMDqu7/hLfDf/g5su3/bxz+nH5t+dlFdn9p1f+fT/wDJTzZcP4bXkqp2+f4Jq33+l7H31dfFr4e2a7pPElnN22WdrfXXfr+4hm+v48E87fNfFnxy8F6lpOq6GNB1DxDYaxp99peoW94YNLsLqwv4PsN9B53+kXB+0W9xdf8ALv8ATGBu+T6KmWaYn7G/yv1/rT/M2p5HhIP3/wDaPTbpfq7X9X8jxm6m1K6+GfhKS8vLga34b8YfC86xqkcnlS/2z4E+Knhf+3NVgngPP/Ex8P3V1a3X/Pp/p3y9G9plkeaR5JHlZ3k82R5Myyyyjn1H6ZxnpzXEapoqyN4h0rf5Nh4z0+5jkuP+fDWZdK/srz+4B1DTre2+y8/8fekXuM3t7XUafdNfWNndMnlNc28Uklv/AM+sp/18H/bvcZtup+ndcKzc4rk6v/1J+f6P0d2o+jTjyTXr+S76/wDpK9GXKKKK4zYKKKKACiiigAooooAyde8P6H4q0XVfDfibR9L8Q+Hte0+60vXNC1yxg1TS9V0u/t/IvrC/sb63uLfUILi35urW6/XrXV/BD9qHxn+yG1n4T+LGq+I/iX+yghEGl+PNQk1XxT8UP2brTOYIPGN9/p/iD4ofAfT7f/RR4puhrHxC+E1taZ8TXnjX4fC91n4ZZVFfX8IcZ5zwdmH1rLar9j/zFYX/AJhcV/m/+n+l+jVrnj53kOBz7DeyxVK9a3+y4tf8wu3ktn5XV+up+3+malpHibR9M1vRNRsNa0XXLCx1fSNY0i+hvtN1PS9Sgt76x1TStUs/Pt9R07UYJre6tLy1LWd5asrjdGQapXEJt5Csg/65/wDTX0GR16e36sW/Dz4KfGvVv2INWmjmXUNa/Y51rULnUPFvhSytp7/VP2ZNU1O4+0ar8RfhzY2/n3Fz8F7nUJ7rU/iN8OdLtgPBH+m/EH4f2X2L/hKPDF7+6On6hpXiXSNP1jR9RsNY0TWLC11PR9Y0y5gvtL1PSr+CC+sNV0u/sp54NQ06/gntru2urS5e0vLR1IwjAt/auQ5/lHHOU0s2ymt++0eLwu2JwuJ/6BsTbm/F6+WvL+AZvlWKyHF/VcXf1/6CtXbs/lq+nRsyWbP0/P8A9lX/AD6Y+ZtTSwGGTy5Px/8A1H8PT6jrUNZVOeE+Sp899n8n+Fr99jzgoooqPZ+f4f8A3QAoooofubdd7u23laXfuvl9kCiims2Pqff+fDfy598fLmAM23Hv74/9lb/Prn5Y2bdj298/+yr/AJ9MfMM27Ht75/8AZV/z6Y+ZtABUf329h+v/AKDjn/ewPWhmz8o9cf8A1unHPfP4c5oj7/h/Wsakkvl59X/26/8A27rtY1hDl/r/ADf6L8PePue+fw6f99+vt+NKzY4HXuf8jr+Ix+HzMZs/T8//AGVf8+mPmjZtuPf3x/7K3+fXPyyPkj2/ERmxwOvc/wCR1/EY/D5oqKK5ygprNtx7++P/AGVv8+ufldTCu7nPXHbP/sy/yFTKVvV+f56S/LXzt7oM3t6/pRvb1/SpqKxA/9T++CiiivHOgKKKKnnj3/AAooorEAooooAKKKKACiiigAooooAKKKKACpoId7bjwqdP885/8dx15yRUaIzsFX/9XvWR4y8Y+Fvhv4N8T+PfGmt6f4a8G+CdA1XxP4o8QapKIbDRtA0GyuNU1bVL6fLBbe0sLe4unON2FOFLlVrqwtHnvOf8Ht/Wv49Nb2JlK3q/P89Jflr5293w/wDam/aQ0X9mf4dxeIzo8vjP4ieL9U/4Qz4PfDCzu/sOofEb4gXlld39lpMuoeVf/wBgeF9H06x1HxP488ZXVndWfhLwjo+saz9l1G/Wx0bV/wAgvCHhrXrXUvE/jz4ieIf+E6+MnxL1C11z4mePPsv2C11S/tYLiDSvCvhXSp7jUJ/C/wAN/A+n3FzoPgPwb9puv7K0n7be61faz401rxP4n1rQufEvir46/EvWP2j/AIlaVf6JrGsaXd+F/g/8P9XGLr4N/BuW/gvodDvoBxp3xH+JFxp+l+MfjJd8G01a08MfD43mt6N8MfDGt3vVV/Ivi74jy4mx1TJMpqf8IWBtr/0MsTv9Y7ewov8Ag6/9PP5FL914I4W/sjDf2ji6X/CjiNuv1XC+e37+38f7tdwooor8PPvQrkfG3j7wP8M/Dtz4t+InjDw34G8M2EkUdz4g8WazY6Do0Ml1+4gg+3arc29v9oubj/RbW1x9qu7oYsscivAvEvxy8XfEDxFrfw4/Zh0fR/FWtaDqF1ofjf4z+LIr66+C3wv1m1n8i+0PGlXGn6h8WfiRp/P2rwH4N1XR9J8PXf8AoXxA+IPgy9NlZ610ngH9m3wb4Z8QWfxC8c6lrHxp+MNt5ssfxQ+Jn2HU9U0GS6/19h8OfDsNvB4P+E+j/wDLr/ZfgPQdHu9Ws/8AkZ7vxPrX23Wr31FgYYaPPmFb6v3wun1h66239h/6eb/5cundS5vbzqvlw/W3+1bYZ9tr+2++61/evXmpQftFXnihvM+FvwK+OHxI0p/3cfiiXw5onwq8L/vf+W8E/wAcPE/w28Uaxo9z0tde8G+F/Fek3dp/p1lfXtnXSaf48+NEjI2qfAT7HbZ+5p/xV8K6nfxd+YJtP0/T/wAP7Ux7npXuFFZSxeGd4QwGFv5YjELE6etbD0Nf+vWnna8bjh6qtz4trr/y4+6zf/yXo9OaOGVnhikeGS2keOKSS3kEEssUkv8Ayw/cfaLf/R8/8u23055apKKK4DYK+cfBPiS4+O3iy58Y6dNInwT8DaxdaX4LuI/3cXxa8baNfXFlqvjjqRcfD/wfqFvdaX4D4+y+LPFlprXjSysb3RdF+H/ifWcD43a9rHxO8YWH7LvgXUrzTZte0O18UfHjxho93Pa3/wAPvg3fX9xYweHNK1WxW2udP+IHxouNO1Pwv4XurS7tbvw94T0n4g+NbK8s9a8MeGBrP03ouj6T4c0fSvD+g6bZ6Pomg6XYaPo+j6XawWthpel6XBb2NjpVjYwBre30/Tre3tbW1tbb/j0tO5r0/Z/VMNzT/wB8raf9g2G/6Cf+4+jpf9Ov3ra9pCrLm5vbV+SOlLD6vp/nba+vppeoy9JFHMvlypvQ8nt/ifXjA+vNR28P2feq/ceSWT/tpL/r+MH/AI+P+Pv7354xViivO55d/wADpOT8XeINQ8MWsOuR6VJqug2cko8UR6fDcXWs2Gl/9BzSrGD7R/bFvo//AB9apoFof7Wu9K+23uite3tlZaLrPSWd5Z6hZ22oadcwX9hfwQ3lneWUsF1a3VrdQefbzwTw5t7i3uLf/SrW6tf/AB3JK2K8T0WT/hWPji28Ey/J4D8f3F/cfDv/AJ5eFvGVrY3GueI/AEGP+PfR9Y0+31Pxj4NtP9Ms9J/snxpov23RNFsvBeit0Qpxqx5IaVqHzXrdWei8tb62M5S5J/8ATj5f8H/2357HtlFFFcpocX4g8Ua9odxMtn8OfFniq2TyjHd+G7/wPkReT+/8+DxH4w8LXGLfp/ov2z7ZwcDFZ/hH4reA/G2pXugaLrYtvFWm2/2zVfBmv6XqvhHxvYWEs/kQarfeDvFWn6P4og0e4uP+PXXv7KGk6t/y5Xt7gGvRK8/+IXwt8B/FTTbPTvG2gx6q+k3H9oeH9Xs7q90Xxb4S1PyPI/tzwd4y0O5sPFHg/wAQC3/0X+3vDGp6Tq32TNl9tNl93spywk/cxFLVf8xWFXXt9X9NtKXyszGUa3xw37W7fjt67d7uPoFFfI91r3xs/Z7xJ4sh8QftFfBm1j+fxhoejW918ffh9a/8/Hirwb4csLfT/jR4f0+3x9q17wHpmk/E21tPsX234e/EG+N74oX6S8G+NPCfxE8M6P408C+JNI8W+EvENp9s0fxB4fv4NU0u/teIP3F9ABb/AOj3Fv8AZbq15u7S7s72xvf9N5p4jBzo0/ax/wBoo9cVhdetvL2PT+N+F7wKeIjOXJ/y+77beV3pp5eS3OmoooriNgrZ/ZZ+Ncn7I/jXRvhF4qvPL/ZX+JXiS20v4d6nccWv7N/xQ8U6qIbHwNcTfN5HwQ+KHiC/Fr4M+W1tvhN8QtV/4RgEfD3xr4YsvhljVj+IPD+h+LNB1vwv4m0rT9e8N+IdKv8AQ9c0PVLWC60vWdG1SC4sL7Sr+xnUW9xb39vcXVrdWuD7A5+X6/gzi/MODs6pZnhf4Lf+1YX/AKCcL01fLu9aGt+6Xus8bPcjw+eYGrhav8a/+y4pP/dsT89V933aH7zXVstxHt/jX7g/z15+n9G5tlZW2ty6fn/T37flivgL9hD4767I15+yz8V9fvte8efD3QH1z4T+ONduDda38XvghYXOn6XFPrl9NAP7R+JHwpvtR0LwZ8Rbom7u9f0rV/AHxCvrx9Z8aa1p2jforqVr/wAvEfT/AJafl+J6e/1zX9wRxWB4gyvCZ5llT6zSr4b6z21t1+L/AGih/wAvt/O+8f53xWFxGXYurgsXR/e4e2z7a72V/uV99bPmxaKKK82UraLfq/6W/wA1b5e9gFFFNZtuPf3x/wCyt/n1z8uQA/3T+H86jf7x/D+VNpu9fX9KAB/un8P51Hy59/5fyz+mfanff9sfj1/749Pf8Kfwo9Bn6/5/z61z1Km35X/P3P0+fQ0+Dzv8tv8AwPv5fMZ9z3z+HT/vv19vxqOnM2fp+f8A7Kv+fTHzRM2OB17n/I6/iMfh8wVD4V8/zEMn/wBck/8A2P8A7N/hUdFFc5QU1mx9T7/z4b+XPvj5XVH99vYfr/6Djn/ewPWplK3q/P8APSX5a+dvdA+/7Y/Hr/3x6e/4U7Yvp+tOorEAopvy/wCz/wCO0fL/ALP/AI7QB//V/vgooorweeXf8DoCiiipAKKKKACiiigAooooAKKKKACiiigAooqSNfMfb65Pp7/hx7N9OaqMef3Oj12/4K/XyQFq1j2ruY/O/PP9M4+nGemcjpX5JftsfEpvi38T7D9n3Rbjzvhv8JNT8N+NPjQ9vKwi8UfFGOCw8V/Cz4WT5fFxp/gi3uNA+MvjK02L9q1i8+DdpZXt7Z23jbRK/Q74+/Fm1+CHwk8X/Ed7FNX1LSrW003wr4fkufskfirx34n1Ox8NeBfCzXv77+z4fEHi/WNI0q81Rla10ezurzWb3/QrG6dPxk8J6FeaDo6W+rarJ4h8R6lqGqeJPGHii4i+yXfifxv4o1W48ReMfEc0GLi307/hIfEGoapqlppVoPsmk2l1/YtkbOysrKxX8s8aOMJcOZDSyPA1r5lm2u/+64bX6x2S9v8AwXa9/wB7qrJH3PAWQ/2pmH9o4ik/qeAXrfE+a7W8/O0bPm6Siiiv4wP3cK+LdQ1rxJ+1pqmpeGfAevax4P8A2ZtE1C60bxh8UPDV/Povij476npc9xY654H+EmuWM1vf+H/hfp9xb3Wl+Mvi1pV1aar4su7S+8MfDG9s7GyvfGi3vidqWrftDePtY/Z18H6lqGlfDHwl9g/4ac8caPdz2F/df2pY2+q6V+z14V1SD7Lc6f4g8YaPqFrr3xR17Srprvwn8PdWsdFsvsHif4g2WteGPrTR9H0nw/pOm6DoGm6fo2iaJp9ho+j6RpdrBYaXpel2MFtY2NjY2EH2W30+w0+3trW1tbW1/wBEs7T05r148mVwp1pu2Mr/AO698K/+gj/sI0/c6r2WtXT9248j/wBskof8uvP/AJivnzddNbPzitFKl4X8K+GfA/h3R/CPg3QdH8K+FvD2n2ul6H4f8P2FvpWjaPpdr+4gsbGxsbaC3t7e3/6dc5/Wt2iivKlKcp+0n5d15+f/ALd8vtdkY+z9yD0/r0tb0+4KKKKkQV5r8Yfido/wd+HPiT4h6xZ3usf2Pb2tvo/hvS/I/t7xl4t1m9t9D8HeB/DkE/8Ao9x4g8YeKNQ0vwvoNr/x6f2vq1kL3/Qa9Kr5F2/8L0/aUfzE+0/C79lW8j2f8tbDxT+0j4o8Ofjb3Gn/AAX+G/iD/p6tP+E3+Jv/AC5618MT9i78Dh41qzrYm/1KhbE4u9t1e+H/AO49f9y9m/4uvxGFepOEFCF3VxD7LS/5vRdU9Ol7Hon7P/wt1b4b+D7/AFDxteWet/F34k65d/ET4weJLPi1vvG+swW8H9h6HNN/pH/CH/D/AMP6fpfgPwHa3RN3/wAIn4e0X7cBrV7e3t77tRRXPiMRLE1qtWs/94+dvn7uq+d+zveV0qUaUFGN9O/9fp99wooorA0CuK+Ing5fHng/V/Da3/8AZGpTR2uoeGvEEcYupfDni3Rr6DXPCviOCD/RvtFx4e8QafpeqfZbrNpd/ZPsV7/oV7e7u1oq6dSdGdGrDe+q+5/PbtH52tKZRhOHJPW/p/X4dehwvw18ZSePPBej+Ibqwj0rWH+36P4o0OO6F1FoPjLw7qtx4c8Y6H9u8i3/ALQt9H8UaPqml2uqE/ZdWtLT7bZAWV6a7qvFdBjXwj8avGHh9Ts0r4qeH4vihpUf+t8rxR4N/wCEf8AeP+v/AB729xo+ofCa60u1P/H3q3/CT3n/AD+17VW+KpwhV9pS/g1/9p89On/cDWiTRkuROfn5een49H6OwUUUVymgV8r+Nvgj4m8H+JtY+L/7Nd5pfhjxzrF5/anxA+FeuST2Hwm+N0v/AC2vtct7GC5uPh/8ULm3xa6X8W/C+mXV3d/6FZfELRfGmi2Wi2WjfVFFdOFxVXDTU49v+5bE+u35Jb77yxrUoVY2nsv62s/677S8h+EPxm8M/GDS9YbTbPWPDHi/wfqEWh/ET4Z+LLWCw8b/AA48RzQef/ZXiOxguNQt7i31C3/0rQfFGgXOreE/Fmk/8Trwxret6Li9r16vn34xfBnUPFWqaV8VPhbrFl4G+PfgzT5bPw34tvYp5fDvjLw55/26++FfxU0qx23HiD4f6xcf8euP+Kh8Eauf+En8F3tle/bbLWug+DPxi034uaLqqzaPe+DPiF4N1T/hGvih8M9clgl174e+LYoPP+wzzwf6PrHh/Wbf/ifeDfGWl/8AEp8WeHruy1qyz/ptlZdNehSnS+tYX+D/AMxWFf8AzDfn+4t/Ar3e/s6t7e/NKtOE/q2J/jdv+gnzT727+l0m1L2KiiivNOg5HxVpniLzPD3jDwDf2+ifFH4aeILTxx8M9bvJJotPtvFFhBc2M+h659hzcXHg/wAceH9Q1PwF49tbX/S7vwn4g1o6KLLWf7GvLL9q/gf8XPD3x4+FnhT4oeG7a70+z8SWd2mqaDqBhOseEvE+j39xonjDwProg/0ceIfB3ijT9V8L68LRruz/ALV0m9+w3l7Zmzvbj8gq9P8A2Wvic3wd+Of/AAg+oTGH4f8A7RusW39n+Z/qtB+OejeHLiCDyB/x8G3+J/gbw/bWtz/x66RpOrfDOyO0618QL03f7/4G8Yyy7M6nC2Nq2wWb3+qrphcV63X8e9tv42iaPzjxByT6zhP7Xw/8bD/71/2DP7/4G/66Wl+sN1C1vM8f8H/LPPt+Pfn1x2Jzmq9dDqUPmQ+Yv34fX9APw4/XnJC8wzbse3vn/wBlX/Ppj5v6IzDDfVsSoW/ca/5/5/0j8cjK/qvP8tI/lp5X96Tevr+lRsQx9sY55/ov8vy/ibTd6+v6VwFDqh5c+/8AL+Wf0z7Ucuff+X8s/pn2p5bbxjpjvj/2Vv5msZSv6ff/AO2x/rtb3tYQ5f6/zf6L8PeT7nvn8On/AH36+341HRTd6+v6VnpBdbX9P/krbefyuWDNj6n3/nw38uffHyw05m3Y9vfP/sq/59MfM2sQCms2Pqff+fDfy598fKb19f0pu1m+929gf5Mv+fTB3TKVvV+f56S/LXzt7oH3/bH49f8Avj09/wAKkoorEApjNjgde5/yOv4jH4fMM2OB17n/ACOv4jH4fNFQAUVH5nt+v/2ujzPb9f8A7XQB/9b++CiiivnzoCiiigAooooAKKKKACiiigAooooAKKbvX1/Sjevr+lADqvWq/KZO79fw/wA+n5VmruZtuPv+/wCHHyn068euD0qbVdU07QNJ1PWdWu4rHR9F0+81XU9QuD+5sbHT7ee9vry4Iztht7eA3DEZO0cYxtXswcff9tU+f566/wDDbWs0yZfyf8MreWnb+aPz2PzC/bQ8Yy+Mfi54P+HVpNv8P/CTTpfGniAR/wCqufiX4z0q50TwrYm4hG6C48IfD+58Uapqml3X2qzurT4meGNaCre6JZCvnKof7Vv/ABNqXiHxtrENza674+8Qap4z1e2uxi+sJNZn8/StDmn/AOW//CH+H7fS/BtrdYONJ8PWXXAFTV/BXiBxNPinirNczhVvg7fVsL1/2XDf7v0/5fv9/Z2f73d2R/SvDOVf2RkuEwr1rL/asUrb4n7vw5V6veJXgf7QXxN17wH4b0fwz8O4dP1L4zfFfXP+EC+EelahF9q0u1166sbi+1Xxx4jgg+z3H/CDfDfw/b6p4y8UEfZP7WtNJsvDFneDWvFGi2V/72zLGrsz+Wsf7ySST/8AXz3PJJ9M4NfInwBj/wCFyeNvFX7VuqJ52h69aXXw7/Zzt5P9VY/BGw1W3n1Xx/Af+fj48+MNHtfGX2rj7X8MvD3wkGLG9stbN781gYQftcViP4NC2/8AzE4nbD4e/wD6e1v7GjVuv5vTxEqlqeHj/FxCu3b7uv4u9+y0PcvhH8L9B+DvgHQ/Afh+bUNSSw+36hrniDWJftPiPxl4t16+uNc8Y+N/Ed//AMxDxB4w8Q6hqmva9d5Fp9ru/wDQrKysjZWVp6VRRXDVrTrVatWr/GxCa/z/AK9O/NHppqMIckNduv5aPd+attqFFFFZjCiiigDyX46fE8/B74U+MPH1npf/AAkOu6bZWul+C/C/m+VL4z+IPijVdP8ACvw58HQT8/Zrnxf451jQdB+1Dd9k/tb7bzgBW/Av4Xr8Hfhb4Y8C3OpHXteto7/XPHHiiSHypfGXxG8Warf+KviN4xn5/wCPnxR4w1jXte+yZ/0T7X9isT9isga8r8dhvid+1B8LfhxG4m8K/Arw/L+0B48t8/urrxv4i/4SD4c/AjQ77tcW9vb2/wAWvHl1a4N3Z+IfBHgq9Of9C3fWFerX/wBnwOFw7/jV/wDasV8/939bP21bf/l710Oamva4mrWTssP/ALN16f7xfT7rP/l10v7xRRRXlHSFFFFABRRRQB4l8aJn0S4+EvjqFN6eFfjB4N0rVI4/P+13WjfFX7R8HfI8+C3/AOQfp/iD4gaD4o1T7URa/wDFPfbb3H2L5vba8p+Ovh2+8XfBX4r+HdJTfreq/Dvxbb+H/wDRftUtr4o/sPUJ/Dl9bwT5+0ahp/iC30vVLU5bN3aWWOprt/CfiTT/ABl4V8N+LtJ83+yvFXh/RvEml+bxL9g16yt9VsfP6/8ALvcf/qxtruqe/gqU/wDnw8RhtdP+n+H6r/p9rf7re/iv3eIrQ/4Hk7r3u191d9Fa8d+iiiuE2CiiigAr5p+N3wt8USa3pXx0+CsNpD8cvA2l/wBnyaPe3X9laN8afh9Dcfb9V+EfjG+5t7f7RcXF1qnw58U3WLz4e+Nv9Nx/wjOteNdF8TfS1FdOFxU8HW9tDbq3q8Vb/mHS9XdGdWlCrHlmnvt0/Nee9/wsef8Awv8AiZ4X+L3gXRPiB4Rlvf7K1uO6jk0/VLU2Gv8AhzWdLvrjSvEfhXxVpU+J9G8UeGPEGn6poPijQbr/AEvSNW0m9sst0r0Cvjnxkv8Awzf8YYfivY/6N8Fvjr4g0Dwv8Z9PH7rS/Afxa1P+z/Dnw5+NMMAH2fT7DxxcHS/hf8T7k4/4m3/CsvE979hstF8a3t79jVvjcPGjKjVw/wDumIt9UtZf9y97P+A12/59VdFUJw9Sc/cq/wAbD6+q63119X+PwhXH+PPDN14u8Kalo+m6lJomu/6BrHhjxBHF5svhzxl4cvrfXPB3iOCHP+kf8I/4p0/S9U+y4+yXf2T7Fen7DfAV2FFc+GxFXB4iliMPV9hWoL61hVu9vJXtv+T5rXjc6cKsatKr/AxGvp5O9997fitz9bv2f/ikPjJ8KPCvja7tE0rxHPZnS/HHh2Ofzf8AhHPHGlf6F4q0QE83FhDqANzod20Krq/h680XWbMfY9QszXfX1v8AZZtv8DnzI8j6859sH+tflP8AAP4sp8FvibFJrF0Lb4cfE680rw34vkl/49PC/jOT7PpXgbxxPkH7PYX5/wCKD8Y3Z6Wt34K1u+vNG8M+C9ZvV/Xi+tVuofL/AI0/1b5H+B7e+O2Div7t4T4hpcc8L4bNKT/4UsP/ALNisJuvrP8AzEd7fWP49F287P7X835/lUsjzWrhJu9H/mFf/UL/AOS/fb7rJy5BmxwOvc/5HX8Rj8PmZsb0/WpGiaNnUkeYn+sGOPp2+n8X/AeTTS/90fmf/sB/P8qylKfPta271/q/zle/ZnB09239fr6/MJO34/0qOhm7n/P04Hv2498U35mby1/1j/u/84wBxz1PvuoKEZscDr3P+R1/EY/D5oq6230uzCtbzJ51xsjkkHmf89O/b0x0OR06qaxNSsfsMnHzwyf6v/ILfofYZx8vZi8rxmGo+2n/AMP6LXp63e7jsYwqwnPkh/X4vv2Xe7tYzaazY+p9/wCfDfy598fK6o1+br/D/X1GB/M+vFeTKXLv/l+j/NfibCj5iG6YP16c9fk/9BP49KfRRWIDWbbj398f+yt/n1z8se9vX9KGbdj298/+yr/n0x8zaACo5O34/wBKPM9v1/8AtdEff8P61EpW0W/V/wBLf5q3y94DGf4P/Hsf0X+X5Y+Yx/sf+P1JRWQH/9f++CiiivnzoCiiigAprNj6n3/nw38uffHym9fX9KdQA1Puj8f506m7vm2/1/Hpt9P9r/CnUAFFFFABTGbHA69z/kdfxGPw+YZscDr3P+R1/EY/D5n0AV6dvb1/Sm0UAXLNNz7v7v8An1HX6e/PSvkD9tzxtc6J8NdG8A6bN5N/8U/ECaBqKEmMy+CNMh/tXxvCJvmGNR04W2hXSk/6RZ6vdgEV9iWK/IxP9/I5/wA/lj881+XH7Ymutrfx10TQg4uLLwV8PLC8t/3w8qw1/wAW67rH9rwcdLmfQdH8MXLdcWt3ZnqSV+X8Sc2nkfAWc4mlU/f4hfVsL/3MfuP/AExpazv3Vj6HhLAwx/EOApT1pYf/AGm//YOu2vTvHTztY+daKKVmUKWb5ET8evpyP6/piv4HP6PPlL9qDVNS8V2vgz9m3wrf3Fh4k/aBvNU0vxRqGnyz2l/4S+A/h37BP8afFUM8ObjT7jUNH1jTPhf4X1S0/wBL0nxv8TfDGtWWBot6K+ntL0vTdD0vTdF0ews9K0fR9PtdL0vS9PigtbCw0uwgt7GxsbG3hH2e2t7e3t/stra5/wBEtBnHBNfK/wCzerfFDxJ8Q/2pNQTzrP4l3Fr4L+DAk/5cP2ffAd9qEHhzXLE4H/JYPFGoeKPih9qtc/2t4I1b4fWN6f8Ail7GvravVzD/AGaFPL4b0LfW/PE/8xD6/wAD+Dvr7Hp7XlOXDfvfa4r/AJ/u9un1bt0sv+X79et7hRRRXlHUFFFFABRRXzn+1j4p1rwr+z78Qv8AhFbz7B428Z2ejfCf4f3kXMth8QfjJ4k0f4V+B772/sfxR4v0zVLrjm0tL3piurDYeWLxNLDw2xGK+ren4eW+u9ldJMirP2NKrVqf8w/9befrppo9jnf2TVbxZ4d+IXx6uvMe5/aE+JmveOPD8kn/ACy+Ffhz7P8ADn4LfYeR9n0/xB8N/CGhfEY2pz/xNvG+tXv/AC/Yr6urn/CfhfRfA/hXwx4L8N2cdh4e8HeH9G8L6HaR8xWujaDpUGlaVY/9u+n29raflXQVeNxEMTi61WP8H/mF/wCwZL/Z907fuNHp32IoU/Y0qUZ9f899336bee8iiiiuI2CiiigAooooAK+R/wBntPEN9+xr8LdL8M+ZbeLfCXwr0bwnoccl19l+1eJ/hXB/wjlhY6pNP00/WNY8H2trr3LG60m6vbL1r64r5z/ZZTyfhTqVov3NN+OH7Uuj28fH7q10b9qH4waVBB1629vbW2OPbPQV6WHlbA1Z9sTh/udDHdf0tr/duc1Vc+Jpx/6hsR+P1f0793vtoe3eFfEml+MvC/hvxhoTyT6J4q8PaN4k0eS4iMUsul69ZW2q2M88A/49rj7PcWv171vV4P8AA+4/smT4qfDOT73w3+KGvR6P/wAsvM8JfEGDT/ip4c+wwc/Z9H8P/wDCcan4D0vPX/hCLw8fYsV7xXPiqUKeJqwh/Bs03/1DafV+3X0uu1jajLnhzz+dvv8A73RO+/k9LSKKKK5SwooooA53xd4S8O+PPCviTwT4v0qz1/wr4t0PVPDfiXQ9Qi8201PRtZsbmx1Wxn/6d7i3nurTr9QAMV4P+zX4q8Rw6b4t+B/xC1W81v4l/ATVLDwvqHiTVf8AkKfEX4c6pY3F98JPipP/AM/OoeMNAt7rQfGV1aD7J/wszwn8QbKy22VlZV9NV8l/H5f+FX/Eb4S/tJWb/ZtK0rVLX4J/GTn91dfC/wCKuuafpXhzxHffKD9o+G/xY/4RfVP7Tuttp4e8EeIfibejP229r1cv/wBphVy+a/j64Xr/ALT2b2ft/wCBtf23st/ZnNiP3U6WJtf/AKCvLD9raW9j/F82ru+qPrSiiivKOkq31jY6pY3mm6jZ21/pupWd3p+oafeWsF1YX9hdW/kT2N7BP/o9xBcQD7LdWt1/x949zX19+yd+0dNo99of7Pfxc1i5n1Zh/Z/wT+IGtXX2lviBpdhZzXH/AArnxFq8xBuPif4QsLa5OnXGqXTat8RPCVkPE32vXPE2h/EG6tfkusXxH4d0XxbpF54f8QWMd/pV/wCV5lv5s1rJFdWs9te2N9Y31jc2+oaPrGj6hb2uqaBr2mXNpq2katZ2WtaLfWd7ZWV8v3XAnG+O4HzZYqj+/wAJWu8Vhbf71hv/AJoobUO23Vnz3EnD2H4gwX1aqvYVaH+64r5ed7/j53sfvFfaet0uV+Sb+/8A89f5/wAvzzhuVuIJrdsTJs/L+XU9vXr+K/ln8KP20fiR8C4LTwr+0Bpniz4yfCy0EVvo/wAbvCOhXHiP4seDtMig/wBHg+Mfw58OWx1j4j20H2fFt8RvhLpGreLLz7XZWXif4Yn7DrXxO1r9O/hj8XPhT8cvClv41+EnxC8GfE3wfeSS2w13wT4j0vxHpcd9Dj7dpd9PpUt0NO1iwLfZdU0rVPsmq6VdL9jvrOyvAyV/ZWV4/IOMMJ/aGSZg+2K0/wBpw3niMPr9X9Lra9tUfgeYYDMckxP1fG0vv16/8w/326Xs+1pWGbHA69z/AJHX8Rj8Pm19DtfMuPtDfchzs/66n6c9OvH1K/xbj6Xp7Nu+zA+vPX29vw/qazfEPiXwv4F8O6r4o8X6/ofg/wAJ+G7CXU9c8SeJNVstB8OaFplsA097qutarcQadp9hbgH7TdXV3a2wXnjJC9+CyOdHE+1xFV/uHprtf7l9608jgqYjnhyQVr9P6at+Pa2p4t8SfGVr4R+PP7N2mbx/aHxMvPit8P8A7MZMRHTLXwOfiXPft/ensNQ+H2l6XaHAFqPEF7gD7Zur3PXE3WQkH/LGSL3OB147fieM/wAWM1+L3in49yfHz9qn9nL4jeHLfVLb4e6V8aPDngf4Lpqmn32l6p4j0bVNK8UT/Ef4j/2Ve/ZtQ07SPHGn2/2TQdL1S1+1/wDCJ+CNF8T/AOhf8JPe6LYftNq3/HhdfSL/ANH29Rg87w2e4TP54Wr9Yo4DE4nC/WtP+YehQr4lf+D/AGy6Kz62udmMwFbLZ5fCr/Gr4X60/wDwdiPV/h63ucQn3R+P86dRTGbHA69z/kdfxGPw+b48B9Qs2fp+f/sq/wCfTHzG9vX9KiZscDr3P+R1/EY/D5gBWbH1Pv8Az4b+XPvj5Y97ev6U2pVXHJ69h/k9fwGPw+bGUr+n3/8Atsf67W94BVxyevYf5PX8Bj8PmfRRUgFFFFAH/9D+97evr+lOqvTt7ev6V8+dA9mxwOvc/wCR1/EY/D5gNu4x1z3z/wCyr/MVFRQBYqvRRQAVJH3/AA/rUdFAE38H/Af6VHvb1/Sm0UASfu/87qjoooAKKKYzY4HXuf8AI6/iMfh8wBt2v+pX8a/F74u60fEXxv8AjRrEUnmaafHn9iaZ5n/LL/hDfCvhfwRrmPp4o8L68MBTxzk81+0kYxGi/wCx/nr9fUfjnK/gF4X1pfFWl3PjhX8yH4i+IPFvxQt4/wDn1tfih4q1j4gQWODn/kH2/iD7LyefsfHTLfj/AI/Y72PC2VYHf6xmd9n/AMw9Cv6/8/6LW3mnufonhph+bOsXiNf9nwq6L/oIv1vvta/36HRV8s/tTarqWueH/Cv7PvhW8u7Dxf8AtG6xdeArjVNLl8q/8JfCWwsf7V+NPjiC4gAuNOuNP8Dj/hDfC+qWuf7J+IXjf4fZI619TV8i/s/5+Lnj74i/tQ3XmTaD4h834T/AfzP9VF8G/BuuXP8AbnjexGV4+NHxAt9U8UWt3xaeIPh74T+El6d2QV/lLLY+xlVzGeiwFtf+on/mHtp/3Gen8GhV00sfseK9/wD2aF/9o6v/AKBv+Yhb+W91fysfVWj6Tpfh/SdK0HRbCz0rR9E0+w0fR9L0+IWthpemaXBb2FjY2MEH/Htb29vb2tpa2vP+iccda0KKK8yUuf35rX/P77333087HSFFFFABRVHTbxb+zivov9Tc+bcW8n/PS1ln/wBBuB7XFv8A6V09st/DeoAK+V/jhH/wlXxt/ZR+G/37aHxx48+OHiC3/wCWV1oPwg8DT6HpXn/9g/4n/Fj4X691P+maTZdfvV9UV8v6TG3iD9srxvqEnz2vwt/Z0+H2h6fJ/wA8tT+MnxG+IGueKrEf8u/2i30/4P8AgO6uhzj7XZeoC+plvuTxWIsrUMNie/8Ay/8A3GH6a/v639233o58X8FOl0r4rD//AC/z9NV1s7n1BRRRXlnQFFFZetaxpvh3RdY8Qa1cx2Gj6Dpd/rGqXknnSw2ul6XBcX19P+4P2geRb29zddPx4xVRjz+5DbXrrfb5P/wLvbqBqUUUVIBRRRQAV83/ALKM32r4QTakeF1v4wftLeJI/e18R/tJ/FjXIB0P/LvqHUfkMZr6MkkjhjeaZ44YYY5ZJJJT5McUUXbHPtk5Hr7V8Y/sqaL4k+DPwu/Zp8O+LLy4vPBP7S3wT8OfHD4T6xef8y5428WeG7f4jfFX4Hzz/Zz/AMgb/hIP+FjfDj7Vc3d3d+Hrz4g6LZWVnovwksr29+jy7KsXjsjzrF4elpgcVl2JxT/6hf8AbtPhdrel+l3c8/EYqjTx2EjP/mI+sdba/uOlpbLz9b3PRLyZvC37V2iN/wAuHxm+B+qaXcSSf6uLxH8B/GNvquh2MGemoeIPD/xv8ZXWSf8Aj08EdD9ixX0dXzT+0Z/xItQ/Z7+IgHyeBf2iPAen3nlj/W2Hxksdf/Z6ggn6/wCj/wDCQfFjQdU68Xek2V6c/YhX0tXm4z38NgMR/wBQrwt/PD20tZ2vQVG2nfbQ6aXuyqw8r62Xe2lt1X9st/W1veKKKK843CiiigArj/iF4F8P/E7wH4y+G/iy2+2eGPHfhfXvCHiC3j/dSS6N4j0q40q+8ifH+j3H2e4/0W64+yXfY5G3sKKulUnRnzwX77fyt+Gq/wCDrsTKMJw5J639P6/Dr0PAf2X/AB1r3j34K+Ernxhc/afiH4Sk174X/Ey4/wCfr4l/CrxHqHw58cap5GMW9v4g8QeF7rXtLyf+QTq1je/N9tN6vv1fGvw78TaD8Of2wPjf8D7y/wDsd58ZvDHhf9qTwHpctpffZb6SwsdH+C3xisbG+/s/+z7e48Pah4P+F/ijVNLutU+16td/E291mysb37FrV7ZfZVehmdHkxftYUv3OI/2rC3e/1nZX0/gN+wv/ANOdb6IxwlXno8kv41D/AGbpr9X79O3R99fhCiiivMOgK8p8QfBP4a+IvEj+Nm0G88MeP3jigk+Jnw38R+KvhL8UJbW1/wBRYj4m/DLV/CHjj+z7b/l1tf7eaz/U16tRXXg8ZisDV+sYLFYqhVX/ADFYbEfV8SrfPS72u35debOth6OJj7HE0vrFHp9Z6/Jp219F91zz638O/F7T4ktNH/a9/a403TYf3cVncfFqDxRL5XTyJ9c8ceFvE/ii56/8fd1r93d/9Pwxiucb4GeEdX17TfFPxG174mfG7xHomoxapoeq/Hf4q+P/AIv6f4c1m2/1OreDvB3jjxDqHgfwPrNvn/RdU8HeF/D133N6c17JRXuYnjLirHYd4TF5/meIo/8AYRXV/LeV97/na7Z51HIMmw1b2tLK8Lh63b6t/wAH5X938mWfg1p7+MP20/2ZvDNt0+H2l/Gj9oPWH/10MVh4d8Az/AfSrG45H2efWNY/aJtdV0z/AJ+h4SvvsP8Ax43pX9t9bk2WOP8AntJFH+vnent7emB96vzC/wCCZ/g6bxTB8X/2s9Still8ZdY0z4efBeR/+WvwC+Dd74gsdK8VQc4gt/ih8T/EHxI8ZaVqlqTa+Ivhn/wrC+C4W02/pPr9xumhtxz5MZlk/wCusuPfnp/9bkCv6/4IyeXDPh5gMLiG8PjK7+tYro/rOYabq/8AAw/l99z8K4nx8M04ixVal/Aw/wDsuyv/ALNtro/4/k9P5dGc+zZ+n5/+yr/n0x8zaKKxPJI5O34/0pgUtnp+Iz/UfyP6VIV3c5647Z/9mX+Qp9Yylf0+/wD9tj/Xa3vBHH3/AA/rUlFFSVyS7fiFFR+Z7fr/APa6PM9v1/8AtdAcku34jt6+v6Ub19f0pvme36//AGujzPb9f/tdBXs/+nR//9H+9iiiivnzoCiiigAooooAKKKKACiiigAprNtx7++P/ZW/z65+VGbHA69z/kdfxGPw+aKplLl3/wAv0f5r8QHb29f0p0aiSRF9Xz+fr09Px9B1WOrlkoact/c/ef069/8AvkfhkGnT/eTpQ/4Ol7f3bO7/AL3zA8o/aV8aX/w7/Z8+NfjTSbn7Jr2g/DDxre+F5PMMUsni6TQr+38H2FqSJB9u1DxPcaVptpgc3d1agZ42/kBouj2Ph/R9K0HS4fs2m6Jpdjo+n23P7qw0uC3sbGD28i3t/T24xX39/wAFAvEv2P4WfD3wFDNJDefFT42fD/S/PtZJhdWth8ODqPx3vpj9nuLe4+wX/wDwqe28L3d0S1pu8RWlnefLejb8A61rWk+G9H1XxFr2pWej6DoOl3+sa5rGqXUFrYaXpel29xfX2q319Pi3t9P0/T7e6uru6uh/oloe2BX82fSDx/ts5ybKaa0oYbE4nf8A6CK/sPk/3HaVux+xeGWEUMDj8bPevivqvlbD9e6v7fS0vLpc+bP2nNf1rXNP8K/s8+CdSvNL8c/tA3GqeH7vXNLlMWqeA/hBo0FtP8YviNBPARcafqFh4f1C18G+DdUwfsnxN+IXgu94srK9r6P0HQ9H8L6Ho/hnw7ptno+g+HtLsND0PR9Pi8qw0vRtGsbex0rSrGDDfZ7fT9Pt7W1tbbp9k6g8Bfmn9nHSdU8cah4t/ae8ZabeaVrvxjt9L0/4caBrEU9pf+A/gFoM9/P8OdKvrGc/aNH8UeOLjUdU+KHjy1uvsurWmreLNG8F619t/wCFe2Qb6sr8GzD/AGaNLL4f8uP977/WX/vFv+vH8H5+1s/a8x+i0LznWxM/+X/f/oG2f/y7d9+vulFFFeYdIVyfjjUrjSfCes3FjL5GpXNvFpGiSeuveIp7bQ/Dnb/oMahpfTP1GRXWV8tftYfGrwr8D/CPgDxD4wTVL+w1v4n6NpGn+G/D9p9v8UeLfEei+HPGHj/wp4V8OWM1xb29xqGoeJ/A+mfarq6ubTSNJ0j7bretXujaLZXt7aduBw8sTjKVGlTeIWi/TS/T89+hlXnGlSrTn5ff6/Lt8nb3vonUNS8O+C/Dtzqmtarpfhjwz4b0v7RqGq6xfwaXo2jaLYQf6+91S+uLe30+wt7e3P2q7urv7J3wM4r4g8Rf8FCvhrcSPD8FvAHxM+PCf6tPFnhjS9K8GfDT/r4g8f8AxG1fwvb+KNH/AOfXVPhzpfxDtLv2yNvy7pPwr/aG/bY1qw+IXxUTQ7bwfDeRap4P8P65/at/8DPh9FF+/sb7wd4Hg/sfUP2gPHFt/ot1d/FDxR/wj/hP7X/pvwxvtG+xXui3/wB1+Ff2M/gzpcaTePLDUPjNquP9IufihNBrPhzzSOlj8ObHT9O+G9v9n/5heqXPha78Q97zWry8P21ve+o5PlXuZjV+vYz/AKBcLphn6fwvrF/KvRv2q29oc/tMRW/hf7PS22v5f3bN6P8AgVu11a58cSf8FMvH3265sbT4Nfs/3N5bP5cnh+P9r7Vb/wAZRe8/hzQ/2Z9Y+zXGePsg1Q2nre/wrzXwJ/4KXfAKx+KPxm1T44PJ8Fr/AOIvxI8L6PofiHWNe8K+LPAdja+F/hl4H8Of8IrrniLwrf3GseD9QsPGFv4y1S5uvHnhbwppNpaatov229F7eixr9ONJ8P8AiP4xeOJv2aPgDNH4D0fwrb2Enxw+KvhvS7C10v4I+F9UgN9Y+D/A8H2f+x7j44eONPuPtXhfS/st3pPw98PXn/CzvGllef8AFv8AwX8Qm/DP4Q/DnwD4d+Ivw58L+FdLtvAf/C4PjTo//CN6hF/bNrc2ug/EbxB4Oxrk+uf2jceIdQ1C38P2t1r2p69dXeq+IdWu73Wtavb29vb29r6Stl+XYThr+28XkP1ClmGJw+GwiwuY1/rOKw/8f6x+/VahQ/gWoav2v/k8vJ9tiauYrCYbFv8Acf7R/u2n/QP9Xt+4/wCf1t3+Tj65pupafrGn2Gq6Pf2eq6Vq1na6hpeqWF1Bf2F/YXUHn2N9ZX0H2i3ube4t/wDSrW6tv9Eu7T0rJtbptQ8SakI/+PPw9bxafJ/011nU4INVvoJ+hH9n6P8A2DdWt3j/AJi16QDyK4Xwr4D+Gv7O3gXW9N+HfhWPwr4Sg1PVPEFn4L8P3V9/Y1trOvz28P8AYXgbw5e6hc6P4Wt/EGs/ZbTS/Bvha10nw9/wkOrXt7ZaL9s1u9vb/uvCuk3ei6HZ2uoSx3OsTmbUNcvLfmK61/VJ7m+1WeDpcDT/AO0Li6/su1x/omk/Y7Lj7FivzypGjBVZUv4O2F0t283+N2/K1j3YubdGnP8Aq2u1/wD25dXd7HRV4b+0Zp+peKPg78SPhz4df/ipPiL8N/iX4f09/wDW/wBl6NF4H8Q33irxHPyBbQeH/C9vql1a/aha2l34hu/DGi/bvtut2Qr1jxJ4k0Hwf4e1vxV4o1Wz0Pw94e0u61jXNY1CXyrWw0uwg8++vrif/p3t+wB/HovtnwD+DniDVPh38RPi18SNEvNB8bfFf4f694b8H+C9YtPK1n4afCq/sLiex0PXIJzcXGn/ABA8b3H2XxR8RrUfZP7J+yeC/h/e2V7ffD3+2tc+w4C4ZrZ7m1KrP/kW4D/acU+6X/MPvpZ9fevR33bPPznHww2Gq0ofxsR/Xl+fnoeP6XqVvrGl6bq1m++z1XT7XULOT/p0v4LeeDuRzBcdz+WKvV5f8EbxdS+C/wAItQVt6X/wv8B3qScfvvtXhXR5/wCfvx7g16hXxWIpexrVaSv+487a9e9t/wC987Wj6tN88aM+t9f6dur8/lcKKKKwGeF/tOa9qXhv9nn40anoPz+JJvhv4t0fwhbdPtXjfxHpVz4c8HWOcf8AMQ8UaxplqBg4+2d81+h3x2/ZktPiF+zHZ/BfwVeWeg+L/hj4f8Jah8B/Fl5a+Ta+E/iX8KrG3/4Vzqt/bwZuP+EfuLjT/wDhF/GWl2o/4m3w98Q+J/DGDZaze7vgP4haS3j34nfsr/B2NPOh8f8A7SHgPxZ4gj8sym18Jfs8W+oftGX19fj7Ncf8S/UfFHwv8G+DbrB/0v8A4Suysuftua/bKv6J8K8B7Hh7FYirSf8At2K3/wCobDf7Ppv/ANPr9ei5rXl8Vn9Xnx3J0w+F/p9O1H7767H8r/7YX7aXwL0n9kPUtW8d+MNE8B/FfxPocuseEvg/q9/b3Xjyw+Mnwf8AGP26+8HarY2II0c+CPix8P7nwbr3jLVf7H8J+HtW0m+vb3WbKy/02uduv+ComsaxHHqvgf4A6PYeGJo/tFvrfxo+Oek/D6K7tZf9RfwT/DL4f/Hfwv8AZ7i3/wBK/wCRo+ncV9nfHD9lv4a/Bf8Aav8Aj3pug+BtDtrP9vX4b+PPiRZ+NNQtf7Z8R/8AC39Ggt/Cvxp8Dz+KtcOpaxb+F/EHh/xh4D8eeDfAf9qf8I7pN3afFv8AsXRbLRbL7DZcp8G9D1b9mX4E/su+NLia8v8A9k748fCP4I6x4b1i8knv5f2afiX8RvA/he+sfhx4jv7jNx/wo/xx4h1j7L8L9eus/wDCsfFl3ZfDG8A8Ma18PxofhY7hLA4OjnWGwmVYrNllOJ+s3xWI+rfWsNmFD/mGWHv/AAPYewvp7X9750zTD5piJVsLVxGK+r/WP9lt/wBROH/6CFq/3/t319b3ueDeDf8Ago54k1uFtQ1T9nuz8VaJDceXcap+z38ePA3xf+y/9N54PHGkfA/7R9n/AOfW1uru7/58rK9xivsT4P8A7UnwR+N99c+H/BPjD7N4206y/tDWPhv4w0vVfBHxL0qw/wBR9un8DeKdO0jxBqGj/aP9F/4SjS7bVvD13/y5a1e9K67x58DPg/8AEy4+2+Ovhv4T17WEj8u38USaNBa+MtK/7AXjGx+z+KNHuP8AR/8Aj60vVLW7/wB7GF+I/jF+wGmsWltdeAfEN54hTRLz+1PDfhvx5r2q6X4t8G6pHzDqvwq+OHhw2/xA8L+ILe3/AOPW61668Q6tq13/AKFe+NNGsje1+eRnw3j/AHPZ4rKar1b/AN5w23T29b9/v0VJemnN9Jy4ulr7X2/dee+9Bt6f9x/mlY/TKivzJ/Z5/aj8e+B/HVh+zz+1E+qHWL+8tdD+HfxQ8UaXY6Dr9/ql/PcQaV4A+LljpefC/wDwlGsT291a+A/ih4O/4t78WLu0vdEsvsXjQ2Vp41/TavHx+W4jLqqpVkk9PquK1+rYn11f3fc3c3o1oVY3ht/Xm/0ffsFFFFecbHwr+0Z4buNL/a0/YG+L1nFths/HHxv+Bfii8j8iKX+wfit8D/FHjjSvP5+0XFv/AMJx8F/C9racE2l3q3avuqvlf9rFjY+Hfgrrsf39E/ao/Zujj7+V/wAJb8VdH+HM/GR/y7+OLv8AlxjK/VFexjqntcDlcn/zD4Wvhv8Ay4rYhv8A8rfPtHVHLh4qOIxUNf8AaLYnv/y4VDy2VDy0/ltYKjWaFpHiE0bzQ+VJJF5v72Lzf9R58Hf7R9fyxUlfMfxX8eN8F/ij4J8bapDcXPgL4nWf/Cr/ABRJb/vJdB8W6D/bPirwBqsEG3/R9P1jR7j4jaXr11n/AEvVrTwXY2Wb4Gzu+DD4eWJn7GDftv613su/V+asubolLl3/AMv0f5r8T6corn/D/irw34qtEvPDmt6fqsPl+Yfsd15ssX/XxBgXFvj/AJ9bq1PrjrW87qq5PyInb/JHB7c/nWEoTh7k/wDL8f8AgR9NSh1eVax4T8SftIfEfSP2S/hzfahp1z4s0q18SfH/AMeaPLPay/CH9n26vrix1ya31WHE+jfEj4w/2fqnw5+Emf8AibWl3/wmnxOsje2XwxvbO9l/4STxx8VPGU3wV/Zl0fR/iF8Wnjtf+Eo1zUJZpfhT8B9Gv4f9H8YfGLXNKP8Ao9z9n/0rwv8AC/S7r/hYXxCu+NFs9E8MWXif4g+Gf2P/AGXf2YPBX7LPw9ufCvh+/v8Axd4v8UarJ4w+LnxX8Sxwjxl8VPiBdWFrZX3irxD5Ci2sLG3sLa00Hwr4X00DQPBHhTStH8MaHaLYWAFfuvhN4ZYjOsXhOIc4p/V8nw/+1YXCYn/mZ4n8LUPn++v7Jtacv55xrxbRy6jVyzBVb5jX/wB6tp9W27t/7Rp/dv1toz3LQNB8OeAPCegeE/Cmjaf4e8J+ENA0vw14X8P6PbQ2OlaNoOhWNvpeiaJpVlD/AKPb6dp+n29taWlsAotLS1A2ABdvMTTNNI80n33zI/H/AOv19QPQcitbWNS+2v5MP/HqmOv/AC1l/wAcVj1/QmfZlHGVfZUl+5w/X89r+T+HW+l9j8aw9Pkgufp+XfV/p536CcMPUZ+n+f8APpSbF9P1oVduff2x/wCzN/n1z8rq+cOgKbvX1/Sm+Z7fr/8Aa6buz97kfTH9R/P86DT2fn+H/wB0HeZ7fr/9rqOiig0Hb29f0ptFFABRRRQB/9L+9iiod7ev6VNXz50BRUfme36//a6byh9/5/zx+uPep549/wAAJqKbvX1/Sm+Z7fr/APa6oCSiio/M9v1/+10AO3r6/pUbNn6fn/7Kv+fTHzG9vX9KbUSlbRb9X/S3+at8veAooorIArY0+PajP/fP+f6Vj4zx19v8/T9K1Lq8s9J0+5vdQvLew0/TrSa7v9Qu5oba2tba1h8+4vbiec+RbwQRK1zc3FwdiAFmOBhe3BwvLm6eSvt53X5PT0Int8z8j/2wfFf/AAmf7Vmj+GLWYvpfwL+D8gvPKJktLjxt8cvEljfXthejlbfWPB3g/wCFHhfU7YgKW0n4rgH/AI/Fr82/iY3/AA0Z8UD+z/pv+k/CL4b6hoPiT9pTU4yPsHiPWTBb+I/AP7PXK5uLfWP+JX48+LVr83/Fvf8AhGPBd7Y3tl8Tr0WSeJ/jx4u8ZHVdd+HNpb3v7Qn7Y3jDxR8Y/CdprtrNJY/C/wCEGp/2f4V+HPxO+Julf6PPbaf8N/gfo/wv8L3eg3NzaXXjf4m2n/CF6Je2P2zWda8LfQXwn+F/h34P+B9N8FeHX1C/S1uL/VNc8Q65d/b/ABF4y8Xa9fXGq+KvHHiu+xb/ANoeKPFHiC4utU1S6x9k+2XX2KysrKysrKysv4p4+zv69xbnOdf9RX1XKdv92wy9gswf5ULL+N+9d/ZH9DcM5f8AV8lwGXu//QViv+5j9/8AV9LL/r/7q+7WXo9FFFfmB9aFFFFABX523Xw5b45ftZeFfGvxShs9e+F1r8O/it/wpv4f3sXm2Edr4I8VfCfQ9V8f6r/pBt7+3+JGoeMLq6tbX/S7TV/BHh3wX0+2+J7LWv0MuIVuEeGT/UzfupI/+esWf9R/28f45IxhvC2WFf2jvDGl2yRwW3hv4D+LfsccfMUUWveOPA8P2eDp/wBCfbDp0tM8chfWyyvPDfWp0P4v1XE/c8P6326q/ojHFU+f2XP/ANBNvx8v8tfKx72qqFCr8iJ+PX14H9f0zXkXjrXvHHiLxZ4V+AvwT/s6b42fEu3ury21jULX+1PDvwg+HVhPb2Pir41eOLG3uLf7Ro/h/wC0Wul+DPC11dWf/CwviFd6L4Y+3WWi/wDCT+J/DO58TfiFp/wx8H3/AIqvNN1TxDf/AGjS9E8LeDvD8X2rxR498b+I7630Pwf4H8K2M4g+0eIPGHiDUNL0HS/tX2S0tLu7+2Xt7ZWVje3tl9p/sf8A7OepfA7wjrfiz4jXOma9+0J8X7yw8UfGjxRpfnXWl2F1awXEHhz4VeB55/8ASLf4X/CfT7i60Hwva4s/7W1a68T/ABB1qzPifxp4nr7Hw+4S/t3F/wBo42l/wm4C2lv95xL/AOYdfdat3atp7Xmj5Gc5l9XgsPhl+9xF3ff6rfz6/wDDp6M9d+BPwP8AA/7PXw10T4ZeAba8ew0+S/1TXPEGuXf2/wAW+PPGWszi+8VeP/HGufZre41jxh4w1i4utU17VeLT/lysrGz0WysrKy+BY7FtN1rx9bklN/xg+NOof+DX4t+ONV9f+njPQ/hxX6tV+Vv7QWpyfDfxZ45h06zj1LW/EPjCKz8D6HJL5X9veJ/GWlW+uQQTz29tcXFvo+n3Fxr2veKNUtba7/snwnpOt60bK9+xYr9F8UqU62Q4WFLf+1MN0vvh63z09PVxt73kZBKFHFVv+wb9aGn2tfu7WW8fNbqT/hLvHiaRH8/h/wCHUlrqmuH/AJZX/je/sfP8OaHP1+0/8Ivo+o/8JRqlrdWwzq2rfD69srwXtlehuy8SeJfD/g/w/rHivxZrWl+G/Dfh7T7rWNc1/Xb+DS9G0bS7CDz76+vr6+uLe3t7aC3/ANKu7q6GOO38Pn8mreF/gl4N0ez17UtQ1fWNV1T7HZ2+l6Xfaz42+KHxG8Rz3Gq30HhXwdon2/WPEHiDxBqFxqmqWuhaDbXVppOki94s/DGig2n0B8Gf2RvE3xC8QeHvjD+1VptnbJ4e1Cw8SfCv9mu3v7HWfC/gPWLCf7dofjj4t6rY3Fxo3xI+MGj3H2W60HS9Lurr4Z/DLVrT7b4Y/wCE08T2Wi/E+w/KuHOEMdxNiF7K+Hy2hb/avw/2f/p+/Nr2Wvtb3XL7mOzSOBhqv9sxH/MLp+W+2vX7tY8r+zr8D/Ef7QniLw38dvjJ4a1Twx8HPDGqWHij4GfBrxRpk+l694316xn+3eHPjh8YvDl9bQXOjwaPcC11X4N/C/Xrb7X4euzZfE7xpY2XxBsvBei/D39UmVWV1b7jn/OT8w7/AK85606qOpX0em6Zf6lNzDYWd1eyf9c7W3+0T9s+2O/UnnNf0lleV4TJ8JSwGXU/q9Kg9bLb/sI1/j+dtL7SPi61atVn7atVtW39Pnrvv9r57x/EP9lWRpv2X/2b5W+/N8A/hBLJ0/5aeANAz29fz7bere9V4L+yvC1v+zD+zfbyffh+A/wgt37/AL2LwB4f+n8/yr3qv5FzL/kY5h/2F4n/ANPyP0bC/wC7Uv8AsFj+Ugoorj/iB448P/DHwL4w+Ini25ktPDHgbw3rPizXLiOL7Vdf2XoNjcX199hg/wCPi51C5t7f7LaWlqVu7u7/ANCszjFcVOnKtKnSo/xq+++23ne/pfu0aSlCEOeelvT+vx6dTqv2T9FPxE/a++K/xEMPnaD+zl8NNG+B+h3nl/uh8TPjTP4f+LfxTsef+Xjw/wDD/wAL/s+/Zbvp9k8b61ZE/wDH6L39Vq+Sf2IfhH4g+EP7O/hK08dWH2D4r/EO81n4y/GS383zZbD4mfFW+ufFWueG/O/5eLDwBb6hpfwv0C6z/wAi94I0YcYr62r+w8jy2GUZRgMshth8L0/6CV/vNt9q/tt363uz82rV/rNWrXmre3vb1/8AJV+fne7UviH9v7wHceIPgSnxO0W2kufGH7NHjDRv2gPD/wBn/wCP+60Hwbb6hpXxb0Oxg/5eNQ8YfA/xB8UPC+l2vOPEOraLe/8ALlldj9knwD4e8TfsA/swfDPx94e0bxV4Y1v9j/4I+C/GHhfXLWDU9G17Rrn4O+GNK1zStVsZ/tNvqGn6hb/arS6tMG0ux0JzX1N4qa8/4RnXo9Ns7e+1KXR7630vT7yP7VYX9/c2NzBY2F7Bj7P/AGfcXGbW7+1ZtPsvN4B/F5r+zr4dn8F/BP4efD2a5uL/AP4Vdof/AAqO31S8xFdazYfCq+uPhzpXiO+t/wB+Le58Qad4Xtdeuv8AsLYyM4r1Y0qUJVcTr7b/AGbC/LD+27pL/l/W11v0UTmlbn5LNUb9dfls/wA/LS1z8uLfw74l/Zl+KFn+zX8QdY1TxJ4S16z1PWP2X/if4gu57/VPG/g3RoPt2ufCTxxqs32m41D4s/CfT/8AmJ6pdf2t8Tfhl9i8Zg3nifwx8TzovsNfb37RXwE8L/tHfC3WPhv4kvLzQb4XFh4k8B+ONHjgPij4afEbw5P9u8HfEXwrPPi3/tnwvqH+lfZrnOk+IdJu9Z8Ma1YX3hjWtasrv8x/hX4y8Uawvir4ffFHStP8N/G/4Ra5F4M+LHhvT/tH9ly6p9ht77Q/HHg7z/8ASLj4f/FDw/cWnjHwbdYu7uztLu98Ma0B4n8MeJ7Ky/n7xG4Pjl1b+3Mvpv6niNMVhNf9nxOy8/YV1/4Krf8AcI+yyTMua+CxH8Z6YV38vu+9bdY/ap/G34D/AA7+P3hG88J+PtHjud1nfW+la5b/ALrXtBlv/s/nz6VfcXH2e5ube1urq1+a0u7q0sb3i8srK9sofgTceONP8I/8K/8Aihqv/CQ/EL4byReG9Y8WSR+V/wAJ5o3kef4W8f8AkZ/4+PEGjH7L4oP2W1tf+E30nxPZWWLKysq9sqm9jb/bjqSwol59nis3uOTLLaxT3E/ke1v9ouPtff8AUFfzOOMrTwf1Sf8ABf8Auun+6+r131328vs+57GCre2hpe34eVvLvp15vhjcoooriNj5Z/a/2f8ACsfAuPv/APDVH7Fvl/8AiX3wP/8AbfP9K+pq+Y/2pLX+1ND+DOhj/mLftOfs+3Hl/wDYm/EbR/iMe/OP+EP+1Y49cn+H6cr1Kyf9l4CP/UViH93sfL/px/8AtXvHmpv/AGvFT3VsOvV3ra31+7l+b3CvIfjx8L4fjJ8J/GHw7Nz/AGbf63YR3HhvXY4fNl8OeMtBvbbxH4H8VQQfaLe3uP8AhF/GGj6Xrv2S6/0S8+yfYr3Fl/oVevUVwUa88PWpYil/Gw+/+a83e1lf1e5vOPPDkn5+W/y+e3yR+bv7Pv7K/wC1H+0B4C8PePvBvwlkS2vLzWfD/iC4uPG/gbS7Xwv438G65f8AhXxx4bvvt3ifT/EH2jwv4w0fVNLuru10G6+2fY/ttj9tsr2yNfo78Lv+CRXjjxFNZ3n7Snxij03RIZY3vPh/8F77VL6/1SOIgeTffFTxXo+j3+j6fqFufsup2nhfwJpPiK15vdD+IOjXwN5XW/se/EJvgj+1brHww1K5Nt8N/wBrq3uvFHhON+bDRv2lvhp4WH/CVaVb/dzcfGD4L+H7XXra1tSLK01X4DeJ70/8Tnxp/pf7SahcTWtrJcQpG7p/z07en9a/sjgThTgrMsjy/ieGE+se3wv+1YTFf7R9WxGG/wB4w7obb6fv/wDlzqup+M8T8WcT4XHYnKpYr6v/ANg2n1nDefV/9wl95538KvhD8LfgJ4H034e/CXwVoHw98D6M93Pb6RoVv5Mc19fzedqmtatfz/aNR8QeIdXuM3Wua/r1zqniDX9VY32sahe3jNevtapq7Xn+j2/yW3/LTj/We3Xgf99dMe9Zd1eXF226aaR/y8qL8vbnqf57asff8P619dmmdyxMXh8J+4o+X+d/y5V+Z8BTo+/zz/jaf8P1/q70vYPL9/0/+2VJRUO9vX9K+cOmMb+n3/8At0f67W96Rmx9T7/z4b+XPvj5Y97ev6U2ig0jG3q/L8tZfnr5290ooooKCiiigAoooqeePf8AAAoooo549/wA/9P+9Cnb29f0ptFfM88u/wCB0BRRRRzy7/gAUUUUc8u/4AFFFbttbCEAsMyHOTnP+eP5+orWjRlWnyK+n9adPPz36kylb1fn+ekvy187e7iMrL1/z/n9abXSSosiFW6Y/wA9j/L8ua5uniKKo9+vfp5/8CXrvEIy5tv8/wBF+b/AKBz05+nP/wCrtRWhp6As8n9z+men/wCo+2cHdjRj7afJ/XzvFW/H1W5RJa2bBkkl425xH2z2P5+ue3JwTX5gf8FS/jP4ksPgnqf7M3wXsLPxZ8cf2g/7L8FarosmpzaXpfgD4G69fT2/xU8f/EXXbCK5uPB/h/X/AAbp3ijwD4PurZW8Wav4t8QLeeC9G1s+FfE50X9GPiLp/i7VPBfiLTvAvjHS/h74ouNNkTS/G+seHIfFth4YO4fadXPhy41jQbLUbm2sBc/YxqepjSrS9+y32oWOuWVpdaPd/wA3fgP41LeeH9S+Id98OviBrHhvxj4k8T6xb/Fzw3FffF+6+KujWuq6hofhX4qXFjpVvc/GHWNP8f8Ah7R9M17wbanwJq1ppPgi88MWX2zRrKystFsPj/EjizF8HZLS/s7AOvjcf/suFxX1jXDef1fWvXxH/PlUX+rl9RwlkeGzrHL63i/q9Gh/tS6a/Nuj91+l07WO9+EPwisvhjZ6zqmparJ4w+JHjO4sNQ+InxBvLCCwutev7CHydK0rStKguLi38L/D/wAL29xdaX4N8G2t1dWvh60+23t9e6z4n1nxN4m1z2KvH/CH7QHwT8b6l/YPhn4o+C7/AMTKYvtHg+416y0rxvYSy/6i31XwPrlxYeMNGuP+nXVNBtrvtnkMvsFfxBjPrjrc+KpfvrdXqvuv5bb9bfZ/oOj7LkcMP/B/q3Ra673f4hRRRXIahRVCbVtLt9UsNGuL+zh1bVbe/vNL0+WTyrq/tdL/ALP/ALVmsLfj7T/Z/wDaGl/auf8Al77Yq/QAV86+YV/a08n/AJ7fs7mSPn/nl8Tf33/pR6L9Oa+iq+T/ABzZ+JNQ/a4+FHg3wVcyWfjD4u/s/wDxk8H+H9Uji+1/2Df6D8TfgB5/ir7DPb/Z7m38D+H/ABzr3jK6tbr/AJC1r4evbLn7bhfayTB1swx31Khd1q+GxGGwj01t91vTrtqtTkxtWFKl7Wf8HDv7+7bbdt/PezT2PrT9lj4cr8bvjNf/ALQXiK1+0/Df4Fa54o+H/wAB9PnixYa/8VbWDUPCvxj+MX/Tx/wh4uNd+CPgO6xafZNW/wCF0Xv+m2eteGLy0+9vjB8VNP8Ag34b0fxp4gsJJ/B48aeDfDHjDWIrnyv+EN0vxvrlt4OsfGN9ALf/AEjSNG8U6x4W/wCEourq5trTw94Tu9Z8T3t99i8MXtld9N8PfAfhf4WeBfCXw58F6b/ZXhLwL4f0vwvoGn+bPdSxaXo1jb2MHn382bjUNQuPs4utU1S6N1d6td/bb69xe3pr+fL/AIL2/wDBbL4F/wDBPv4dax+y/aeAfD/7RP7Q3xv+Hmu6frHwo8Qapf2PgPwR8M/GWlax4b/4SP4qXukrb6xc/wDCQD7VbaD4D0HVNI8Q6tpAvdZvPE3hiz/sa91r+t+HskhgMPgclwNL9zQ/rEYi9vLy7WW5+bZjjeWFXHYirf8A4F/Xby2vfTRH9G11dWtja3N/fXNvZ2dnby3l5eXksNtaWlpawedPPPPORb29vb2//H1ddvbIK/lJeTeKv2mvjNqvxE+Hfhj+0rbTdL/4Qz4f3msefo3hLwv4Sln+3ar4/wDHF8Le4n/4TD4gf6LdaD4N0u2u/Flp8PbXwXZ3ui+C/wC2/iDe2v8An2+Gv+Dk7/gqhCun6B8T/i34Q+OXwog0rQdD1r4QfEH4c+FdH0DxPpGhTaey22ueMfhlYeAPi1fz6iLDGuG7+Il1aeI7a6vrPxPaazYXl7ZXf9uX/BHT/gvH+yl/wUitNP8AgfbeErL9mb9pPRNHury3+BeoapY3fhfxvYWMH27W9V+DviqGw0a38QCAC51bXfB2p6XpXirSrI3l8LPxPouia34nXo4l4KxeMw9Kji3/AMJv+9Yv6r/6j6/waG/tvYPTdXOLKeIsJVrfur4esr3+tfh1b2815Xs5H66fB39mfwT8K9Wfx1qc0nj/AOLt/p8ul6h8TNftYIbrS9LuZ7ee+8O+AND+0XGn/D/wfcXFva/a9B0H/ibeIf7J0W88aeJ/G2tWQ1qvo6iisaFClhqVHDYel9WpYd312/N2+5dtUenOXPPnn/l8t/1+fUK8t+OmrLoPwT+MOutL5KaJ8K/iDqj3En7ryjYeFdYvvP7/APPvjj68YzXqVfKP7d149j+xP+1vJbPsv7n9mv406Xpnln97LrOs/DrX9D0OC36f6RcaxqFra9/1Jren8f7zv57/APD/AD3t9kip8Ff1X6Hwr8G9P/sn4Q/CvS9nk/2b8N/BGn+X3i+y+FdPg+z8ZP8Ay78dOuT6V6RUNvbxWtvDa26+TbW1vFBbpH/yzii/cQQd/f2+mc1NX8VVqrrVatX/AKCO/W/39vXo7XTP0+nH2cOTdf5fJ3/8lt/e3CvK7Pwi37Q37SHw3+BcafaPAXwuuPC/7Rn7QDiLzbWWw8Oa5cT/AAB+GV90/wBI+IHxQ8P3Pjy6tP8Aj0u/BHwc8T6LrWbPxPZLe6/xM+IWj/C3wXrHjLWLbUNS+yfYNP0fw/ocX2nxH4y8W69fW+h+DvA/hWx/5iHifxh4o1DTPC+g6Z/y96tq9kP+n2vtv9jn4C618D/hbc3XxAm0+/8Ajf8AFfX7r4ofHDWNPlN1YReN9ZsNPsbHwPod9/y8eD/hf4XsNB+HPg26xZ/2tpXh7/hJ76yGta1rX239P8MeHpY/M/7YxFK+DwH+66/7zibf4Vf2H8Z6r/l1vb3vAz/FuFL6lC3tq/Tvhummr/f+T61d7H1lRRRX9CHyAVTs7GGza8aHKfbLyW8f/nl5sv2fz8cf9O5/vf6XyeuK85+NXxs+FX7Ofwt8bfGz43eOfD/w3+F3w60eTxB4v8YeJLr7Lpel2EX7iH/UfaLjUNR1C4uLXS9B0DS7W71bxDq13ZaLotle61eWVje/wg/t5f8AB358ZPEuueJ/A/8AwT7+E/hv4Z+Bkt9U0fS/jd8ZNL/4Sz4oapLLD9nsfGPhTwDFfjwP4HNsc3emaV4yHxNS8C2V3rWk2Lm90NfQwOW4vHyvh6W/z/NRS+a9LW97gxuY4TAxtiKu3y/WXX/g3vaP93XxE+KmneBfEfwo8FQ2Emt+MPi740l8L+G9Hjuvsv2XS9B0PUPGPjfxjqtx9nuPs+j+F/C+j3X+lfZfsl34s1bwX4Y+3WV74osr5fi/9vj4Z3XhVdB/bJ8D2Fxc+JPg1o8uh/HDQ9LinluviD+zTLf3Gq+Kv9BhJuNQ8U/A/ULi6+LXgPP2u8/smz+JvgzRAb34hEV/DD+wX/wc/ftNfDb9pzw38Uf2/bGz/am8KP4OPwl/4TTSPDvg34e/Ev4Q+DPEfiqw8R+Mdc8DaF4I8P8Ahf4f+J7jX7jR/C8/irSdU0LS9X8Q23gbwbZWHjfw0LK9/tr/AEfvhX8Uvhv8evhh4J+Lnws8T6R8QPhb8TvC+l+LPB/ijS/3ul694c16x8+xn8ia3t7i3/0e4+y6ppeqW1nq2k3f22y1qysb2xvbKss8yHkw1XBZjS9vg8fhvq2n5d76dLb+dpTlea0sdarh6v77D+X/AAy6ba267pn512N9Z6pY2Wp6beW1/pt/Z2t5p+o2ckF1a31hdwefBfWM8AFvcW9xB/pVrdWoHXuMbrVeJ/D/AMJyfAX4l/FT9lO4+TQfhjcaX44+BfmYHm/s5/EqfWJ/A/hyA5P/ACR/xRo/jL4N2tr/AKZd2nhPwn8PtavR9t8TmvbK/jTPMpq5LmmKyys/93af/cr/AMw+I6fx6Fuu2rtdM/WMHiYYzD0cRD+t+/p/K/nuFFFFeOdJ86/GT/iYfFT9lTQV+fyfi54t8aXiAf8AML8L/Aj4saV5/U/8e/ijxh4Xuuv/AB99Qc7q+iq+ddSvBrH7WHg/S7ebdD4E/Z/+IOqa5bgwSeVdfFHx/wDDex8HX3/Pxb3H2f4T+PLW16/a7S7vvW9C/RVd+N9yjgIvrh2/m69by/yt52vLClbmxNTb/an0vr7Cgt9PXbto/iCiiiuA3PKfjN4V8UeJvAtzdfD29s9N+K/gbWNB+Jnwf1i9/dWul/FX4c6rb+KvA/8Aas3Fx/wj+r6xp1roXjK1/wCYt4I1bxPot7myvb01+5nwE+MXhv8AaI+CXwx+Nnhe1u9P0H4o+B9C8WRaRqOBqvh271SxhOreFdcgHEHiDwxrA1Pwzr1qAv2TVtJvbM/MtfkTXuH/AATN8VyeFPFP7Tv7M95Ky2HhPx5pn7Q3wzs3lXyrX4f/ALSM/iC/8YaXY7sG5On/ALQHg34yeJ9Twf8AiU2fxC8MWjcXlkb3+kfo/wDEPJi814axNVKhX/4U8L1f1nDf7PiL7X9vQt2/g9fhl+WeJeV8+Hwuaw/5cP6rinqv+wd7N/P/AKfW1VlL9Hrq3+y3E0Jx+5k/8hfXnp+GOwOAaq+Z7fr/APa66XxJDtmiuF/5bR+W/wBIv8+/tjHzctX6pmGH+p4yrS76a38vLqvS3Zt+7+a0ffjz/wBa9f6Xzl9lzEMfbGOef6L/AC/L+JtFFcRqFFFFTzx7/gAUUUVnzy7/AIAFFFFHPLv+ABRRRUgFFFFAH//U/vQooor5c6AooooAKKKKALVnH5kqf3U/een9Dx+P5Yr51/a5+L+r/Cj4VGLwjex2XxG+JGv2nw4+Hl5JHbzHR9Y1ix1HVdb8VC3n3W1zN4I8D6N4p8YabZ3iraazrGkaR4cutrayr19MaeoWN2/56SZ/+t/+oD8c4X8j/wBrbxPJ4y/ag/sONnfRfgn8L9P0a3lh+0Rxnx58X9Vg8SeMbC/h8kQXFxo/gjwR8J7rTLoM32W08b63Z/Kb414nG2fT4X4PzTNqX++/Vf8AZev+04n9xh9P+nCftrfeezw5l0M2zzC4Sa/df8xW6/2bDeWvy1avrpdKP6d/Cuy0rTPhl8PLDQ4fs2jWngjwnbaXB51zdGPTk0Sx+yrNPeT3Fzc3Attv2i6urm5u7pz9ru5XdmLbteJfsoeN7Xxl8FvDNks0bax8PTJ8NPEFoCTdW114St7a30Se/X5vIufEPg6fwv4wCjI+yeIrM5yQG98ns5TK/lr+7f8A+t1z04Hqx9DXvUcR/auV4DG4d/WKFfDYbE9bL6xh/wBN9pemh5mKpTw+KxWHm/4GKtv69+3fX9Y0K2bKBoldm/i/gx0PXuT+u7PqAAKW3s1i+aT53/8A147YHX/az1JX+L4C/a//AGzz8J9Qk+BnwMi0Txz+1B4k0iK9j0q/86/8G/AzwtqnmwW3xa+NB0+5tbiDTQUuW8C/Dm31PTPF3xY1i2Nhor6L4TsPGnj7wZVSphMowlXMsyqvD0aD/Kz6ro/TbdmeHw9XF1aWFwtL6xVxH9eW3p8l9nxn/goJ8b5viHrEv7Efw71OdW1/SLDXP2qvFGl3Rik8HfBvWfPax+D8F7ESYPHPx/gtrnStTt7cteeE/g4PFGu3baJrPir4Y3uteFW9tb2cENnZw29tZ21vFb29vbxeXa2trF+4gggggP2e3t7aDvkfzLcX8PfAdl8P9Fu7BdU1jxT4h17XNU8X+PPHnieSC58WfEbx5r0wn8R+OPFV9bwW9vc6xrFx/wAuulW1ppPh/SLTRfDHhiz0Twxoui6LZd1X8S+InG9bjTOfrEL4fLMAvq2V4W6/8KP+v9f0f/PrU/orhbh+PD+Xex/5jK+mKvp+u9B+Xlfocj4y+H/gP4iab/YvxA8EeD/HOjnzR/ZfjDw5ofijSx5vM/8AoOt6fqFucf8AXpn6cmvD5v2NP2cPk/sP4e3PgREkFxHbfCfxv8RvhBa2skv/ADwg+FfjDwdb23/braemPRfp6iviKWPx+GioYfFYrDr/AKhsR/nfo116bu3ve9Uw+Hqzc6tJ4j8Plb3r3227tp68vziP2WPhumzyfFv7SCIT/wBHfftX3Pm/T7d8Z7nJ/BfQdTXm/wAQv2d9J1jXvhf8Dfhv4z+Pmj+M/wBoDxx/wg9x4ok/ab/aM8Ry+A/hpo2h6v4x+LfjixsPEfxZ1jR7fWNP8D+H9U8L+Dbq6t7u1tPib4s8F3t7Y3tkL6yr6juPGEM3ipPCGh239salafZbzxRcRyGKw8JWF1B59j/as/kT/wDFQax00vQv+Pv7If7avfsVkLK9vdP4GxR6h/wUA8GfbPLceGP2Q/jdeaPHJF/y9eLfjF+z9Y6rfQZ/5eLbT/C+l2vTm01a94H235fteCo47NeJMqwmOxWKr0r4jErC/Wba4eh9Yt69Hvt84+Tmyw1LLqs6NLCut/um1lf73a/y/Gx4F+0l4+/Zq+FfiL4FaT+zL8GdYv7D4RfFCXwn8YPjR4G8G2MXgPRvhf8A2JqHwr8cWPiv4xeKtQsPEHxQt/h/8R/GHwv174ja94NX4nWfgjxD4f8A7F+IWt+F9a/0Jfp2vozw/wCBfBfxk8Zfte+CfF2g2d54G0nT/C/7Jcng+O2htdGi+H1/8FvC3xV8RwaVBAP+JP8A8JQP2gP7B1T+y/sf2u18EeGP+gLZBvgX4K6h4q0O18VfA34nalcal8Xf2e9ci+G/jTWLz91d+PNBisbe++GXxig5/f2/xY8D3Gl+KNU+y7rTSfG//CaeC/8Aj98M3pr7TxcyG0cBneEpf7v/ALNin0/5/wCHxDb5Xa/7jz/dNW3PK4axSjOrhKzsq+mFv0/PV9tPV7Ht1eb6FJ/Y37bn7HPiSaGN7bW/+F+/Bu3kkig82O+8b/CTUPi35/n8/Z/9H/Z4urQi1/4+/wC1u2M16RXh/wActQ/4RW3+EfxTX5P+FRftEfAfxxd3H/Ph4Sv/AIjaP4A+Jt9jj/kH/C/xx49uunHtX5rwPifqnFWTVan/AEE/Vv8Awof1e3W38ZaJ+t7M97OqftMvxXl/tWy0+r/v0mr/AK/f9r9Ov2sv2jPB/wCyL+zT8cv2mfHyed4Y+Cnw38UePbzT45Pst1r11o1jc/2H4VsZ5/3FvqHijxAdL8L6X9qHGratZdciv8Yn9ob49fEr9qH44fFP9ob4va2/iL4kfF/xjrPjfxZqj5EP27V7jzYtL0y3bedO0DQbEW2heH9Kt8Wmk+H9LsdIsVSzskRf9Jf/AIOy/iZqvgP/AIJM6l4Z0y5+zQ/GL9oj4OfDfXIo5fL+16Np8HjD4qCA9PtI/tj4X6XdH0BPXOK/y/K/uzhbDQhhquIb/f19FrbyfTtqt/VXPwfinFSniaWH/wCXVB2fmurejfb087NSK7LwH468Y/DDxp4V+I/w88S6x4N8c+BfEGleK/B/ivw9fTafrXh3xFoV9b3+kavpd/Bie3u9Pv7e2ubZgGwV2sCGrjaK+pPkj/YJ/wCCMX/BRmx/4KZ/sOeAPjfqz6XafGPwrcS/C/8AaA8P6XFBa2lj8UPC9jp899rthYnB0/w/440fUNL8ZaVa4FrpP9rXnhiyvL06Le3lfq/X+eR/wZq/GTWtG/ao/av+AzX+3wv8QvgXoPxM/s95JiP+Es+F/jfTvD1hPZR828L3Hh/4leIBeDCtciysQxLWVlt/0N6/LM4wcMHj61GF1R16aaf536tfL7P6rlGMnjMupVZ6109NdPnoraW/m+d2gr4v/b+utv7NOs6Gvzv42+KH7PvgKS36SXWjeLfj98N9C8VeRwR9ot/B9zr2q84/0SzPrmvtCvgr9t6ZtW1r9mfwTb/Pu+LGvfE3XLP/AJZS+Evh98MvGGh+eB/1D/iR8QPhhdWvT/S7T8W+ZzrFfUcpx+K60MLicV/5Qt/Sa+49ilTdarSo/wDQQrv8PX+tdLtHklRySRwxvLM8cMMMcssjyy+VFFFD/wAt7jr9OCO3HNSU34c/B2f9py8huNetpU/ZssLjzNY8z/mvt1az/wDIuWJ+X7R8F7e4t/8AiqNU/wCPT4m/8ixZG9+Hx8TjxP8Ayxw9kGN4jzGjgsIv+wrFaP6thvO//A/BKX3+Ox1LAUlVm3f8O3l+ve6tYT9lX4U3nx9+IWg/tSeNLZ0+EXgaW/k/Zb8L3kX7rxnrV/Y3Glar+01qsPW40/UNHuNU8MfAfj/kU9W8T/E7N7/wsHwX/wAIz+qdRwwxW8aQwokMUMccccccRiiiii/1EEEGcdPcZ7dRtkr+qcry7B5RgcLl+BpfuaH9W2f69Pi0Z8BWqzrVatWqv32IX4fO/wCa6d/cKKK+cf2xPixqHwJ/ZL/ac+NWjzR22t/Cj4B/F/4geH5Lj97F/b3hLwB4g1vQzP6/aNZ0+16Ae+c5r0YR558kP8vnt+ny6GE5ckOefn57fP5b/Nn+dT/wc1f8FVPEn7YX7V/iL9kj4Z+JpF/Zg/ZX8UX/AIans9MuiNO+Jfxz0cXGk+OPGWq/Z9sGoWHg7UDqXgXwZak3dpam08TeJrK7YeKsWn8vdaN7e3eo3d3qF/dT3t7fXE15eXlzLJPdXV1czNPPcTyykTT3M9wWNxOTktuYkkqKzq/XsHho4TDUcNS6/wBf1t+F5fkWMxU8XiKuIq30/rsv17eYV/cx/wAGgn/BQbWbbxP8U/8AgnF4/wBZuLvw9qel6z8df2e/7QuvN/sfWrC4sIPi34B0rzS04t/EGn3Gl/EXStJtBaWlld+HviDrBzf+JXZv4Z6/VL/giP8AEzVfhR/wVl/YJ8TaRdG0m1X9ojwR8N7yQSGMSaP8X55/hXrkG6PkfadH8YXlvxnlhnBOF581w0cTgcXRlpd6eva/57fhaXVlOKnhsdhasf61S7Lv2+74o/6d/wDwUG8Mw+FdS/Z7/aas0jhm+G/xEsPgv8QLz/VfavhL+0jrnh/wPBBPnp/wj/xwt/gjr32q6BtNJ8PWfif/AI8vtt7eVy1fZH7XXwzuPjJ+y3+0P8L7EyJrHjb4N/EHRPDd5H/x9aX4tl8K6hP4N1ux8jP/ABMNH8UW+l6ppXT/AEu0suTjFfnz8KfHFv8AE74X/Df4j2aIln8QvAfgzxxZxx8xfZfFvhzT9cg5/wCvfUP7pz04xmv438XMBGOJyvM4P+P9Yw2J7r2H7/D93tXrrRf8uraaSP3zhyq28VhtUr/Wf+D0ve3b0tod9RRXI+OPEV14b8PzXWl21vfeJNV1DRvCfgvR7iXyYtf8eeMtV0/wr4H0OeaEk29vrHijWNLtbq6P/IJtPtt7e5srK9Lfj+HoVsTWo4fD0l7bEf7L5L569F/w17n09SpClDnn1enl+N3ez6en974l02OZvG3xy/bo8J+Lf7T0H4e/tEeCP2O/i54Hs9Ugv4v+FI6D/Y/hafxjqulQXB/4R/xT8J/2kPiR4y161u7q0GfhO3xOvf8ATP7Z0U6L+hFYtj8OfD+j/wDBJ39or4c3z2eoXfgz4F/tm/BbxZ48uNLg0/WfG+s/BvxV8ePA+q/E3XP9IuP+Kg8YeMdH174oXX+lfZdJ8WeK9ZvLI2fLVV8G6pea14P8K61qEey/1jw3oOqXkf8Aq/Kur/Sreeft/wA97jk459Biv1PxOyLDZPQyCeG/6Bf7MxV/+Yr+z/Yf7Rs729utbfdc+a4bxlWu8Vzr/qJ03/fuvv0/Dfe9zpK5fxt/aH/CH+J5dHhuLnWLXQ9UvNHtrfiW61Swsbi+0mCDg5+0ahb2tr0z3OMmuoor8mpy9nPn3f8Al83f/wAlt/e2PpZQ54cnTp3/AA/zl6O3vVNP1Cz1bT7DVNNuYrzTdSs7XUNPvLcfurqwv4POgntzn/j3uLe49vQg4pPhFrsnw/8A26v2WvEkchjs/i5ofxu/Zr1uP/lldTap4HP7QnhW/v8At5+j3H7PGvaXpd0c/ZP+E3vbLk3gavK/hfd/2BqPir4SXT7LnwNcWuqeF4/+fr4X+LZ9Qn8HeR0+zW/he40/Xvhza2v2m7u/sngiy1q8+xf21ZGuk8RR3CfFL9lHVrOHzrzRP2tPgtJb/wDPWK117VdQ8Ha5PAOM50DxRqn2r0tOeelff+HmInlXHuQzpXv/AGphsL3/ANmzD9x/6YreXf3b+785xPThjOHM0hU/6Bvww/8ATfXRa7pR/fjxFHu08tn/AFMsUh9if3HXj1z0/E4rg69C13/kF3H/AGz/APSi2rz2v654nhy4+i77YWXTr/4E+vl5a7n4Dg/4K9I/kFFFFfL88u/4HWFFFFSAUUUUAFFFFABRRRQAUUUUAf/V/vQooor5c6AooorP2nl+P/3MAoooo9p5fj/9zA27H/UJ9ZP/AEIV+EviHUjrvx7/AGrdfdDBNf8A7QF9pj+X2/4Qn4ZfC74ZwTn/AK+bfwfanr69Oa/dqx/1CfWT/wBCFfg5rlk2jftCftdeHJH3Po/7QkuobyP3Usfjz4SfCf4mweTx1t/+E4+y9B/pdne4xk1+a+OfP/qJhuT/AKGeHtvb+BX26H3fh3yf2/W9p/0CYi/3UPl32/I6XwR8SvHPwN8bv8R/Aej/APCYWGq6fa6H8R/hpJqkGjS+NtB0ue4m0rVvCmq6rPb6Po/xI8IXGoaoNB/tW6tfDvi3SNWvfC/ii90YN4Y8ZfD369l/4Kbfs4WVhjVPDn7Sth4mSKLz/BafsrfH/X9QhupOBZHxl4Q+H3iH4Q3WAc/2ppnxHvPD3HOs9q+LaK/D+EPFziHhPLllMKWGx2Dw7vhPrXt/9m/BL2DuvtLW972Tl+i53wRlmd4tY2dbFYeqv+gZN7W7Po/J3+b5e4+KX7an7S3xqguPDfwU8E3n7Kvga+i+z6h8V/iXJ4N8ZfHy6tpup+HPwr0O/wDGHww8D3Fxbj7VpfjD4jeKfG+q2mTZX3wYs70i+0/w/wAB/D3wz8OdLvNP8O2149zq+qXev+KPEmuapfeI/GXjbxRqmP7V8VeN/GOuXGoa/wCMfE9/9ntftWv69c3d39ktbKyshZ2VlZWVl3FFfNcV8fcQ8ZT/AOFbFf7FQ/5hcL/s+G/T6xv/AMv9Ndb39708l4ZyvI4/7JS/fbvF4pf7Sl6d/mvRhRRRXxR7oV4z498fao3iC2+E/wAN5bO5+JesaXFrOoahcWn2/Rvhf4Nup7ix/wCE48VQZPnz6hcafqml+A/C/wBrs7zxv4htb3/jy8MeGPGuteGXfGL4n3XgDT9E0Hwnpdv4q+LHxC1C60D4XeC7i7+y2uqapHB9u1bxH4jngxcaP8P/AAPp5/t7xlr2f9EtPsWi6L9t8T614Y0bWtf4U/DW3+Gvh+5tbrV7jxb408SahL4l+InjvULaC11Txv4tuoLeC+1We3g+0W+n6fb29va6B4X8L2t1/ZPhPwnpOjeGLIfYrLC99CnGlS+tYl2/6BcL+eI2t7C2nT2tV6N/vTGpKc5KlC//AFFXtprvfTXrtp52TOl8G+D9H8EaHDoejm8mRJJbzUNU1WX7VrOvazf/AL/VvEeuX2B/aGsaxcf6Vc3Rz0NlZWNjZWVlZWmHpfiCH4b/ALYH7K/xCvH8nQ/G0fxa/Zj1y8l/49bCT4taV4X+Ivge+v58D7P/AGh44+A+g+A9K6f8VD8QrKy5+2g16JXm/wAWvh9H8Uvh74h8Grqtx4c1W7jsNY8J+LNPigl1TwR498L6rp/irwB440qCfMFxrHgfxzo+g+KNK+1ZtPtek/6bmyr1OGs6WT59gM1xGnsMUvrXX/ZsT+4xFtP+fFZd/XrHmx+G+sYCrhqO1/v7efzvt0VrH6HeB9JfwL+0B8adLm/5BXxtj8JfGjQ7yT/l68UeF/B3g/4L/EbSu32a30fw/wCB/g3qlr9q+y/bP+EsvfsWP7FvTXz3+3F8EfFkraP+1R8E/DeoeKvjB8JfD9/o/jD4d6H5H9qfH34Gefca5rnw50rz7m3t7n4keD9Q+1ePPg3c3V1n/hIf+En+H32zRLH4na1rNp61+y/8arL9pz4V6Pr3ibTrPwx8Zvhd4g/4Q/4weD7KXzZfhz8Y9B0q2h1yDSpp/wDSLjwf4w0fWLbxR4D1T/mbfhl430W+/wBBvr29sbT60r+rsTSwea4SrSxH+0YSvhX0/wB6w3/k22v82r6bS/PafNC0o/7PW/T79O+76Wvqfjj8Lfid4G+NHw78GfFb4ZeIdP8AFXgPx54fsPEnhfX9OlEtpfaXfwf8t/vXFvqFvcf6Lqml3X2W60nVrW9sr6zsr2xvbGnfFLwLZ/FD4Z/EL4a6lNJbWHxA8D+KPBl7eR/622i8UaHqGh/boOP+Pi2/tD7Va9P9LHQ5+X8Yf2DrX4pfs7ftOf8ABVP9nnwZa+IPiD4C/Zg/bD8WfEDXPgHp9rcap4y8L/s8ftDX1/4/8AfE74EaHDb/ANoeKbnwhi6Pxa+F+l211deIPD+r+GPE/wAMLJfiBZXvhf4tft94Z8TeH/GXh/R/FfhPW9P8Q+G/EOn2uqaJrmj3MF/pmqWF1B59vfWN9B/o9xb3H09vdf5l4u4Rx3BebckP9z/3rK8XZLX/AHjD9XfEfd3cdEz7bKM1o51gff8A4zt9awmn63t320210R+TX/Bw3H4k/ay/4IH/AA3+PK6f/wAVB4D8cfs/fGD4n6dbxeZN4c8R/YPEHwW+Juhz+Rn7Pc+F/iR4/udC1Q5+yWn9k3vAr/Nor/YC+Cvwx8A/Gb4d/tk/sGfFzTZNV+GPxLs/EfjTS9L837LLL8NP2loPEH/CfwaHfTif/iqPC/xw0/4jeMvtdra/8U7/AMJv8Pr3Bvb2zvr3/Md/4KYf8Ezv2gv+CY/7QOvfCH4vaDqF/wCCr/UdSvfhB8X7TTZ4fB3xW8HQ3A+xappV/ta2sPE+n21xbW3jLwY8/wDanhzVRj/TdFvNF1rUP7O4EzyhmuU0pw/5ff7Vo7/7x91/Yen3XPxTi7LquHxKq/8Acrikl/0D+bv997dVf7X5v0UV9W/sh/sX/tI/t1/F7Q/gh+zL8M9b+IXjHVbi2/tS9trae28JeCNFmnSGfxX4/wDFRtxpHhHwvp5B+06nqtyrXVztsNHtb/Wbyy0+7+6qShCHPPXXT+tbt+ke+tj4+mpznyQ00V/+BorW9X20uf1B/wDBmx8GNe139qn9qn4/SabIfCHw9+B+j/DT+1XjMMH/AAmXxK8caN4gsLKCUqsE7QeH/h5rrXluN32cXlgSqPeWYr/Q4r84/wDglh/wTr+Hv/BMf9kLwT+zj4QvLfxJ4qa4l8afGT4iR232WX4g/FXXoLeDXNcggyZ7fw/o9vp+meF/Bul3X+l2nh7SbIXudavb2+vf0cr8szjGU8fjqtaH8Hv0/X+n0smfquT4OWAwNKlP+P0/z363W97dlYK/Ob9oLUode+PzzSSJNZ/DL4f2HhPT5I/9ba+KPiXqtv4q8Y6V5GPtFxcXHh/wv8G7q16f8ff2GxP229y36I3dx9lt5pv3j7I/9XHF5sssvTyIIf8Al5uLj/dx6Z6V534N+GuheHry78V31jb3/jnxDqF1rmua5cf6fLHfX/7j7DpVxPu+z6fo+nm20HS/sg+1jSdJsbK9zzt+P4kynE51llXLaNX6vRr/AFdYrF/9Q3/UOtlb/g9T3MHXjhsSqs6VvYfptfb7/v5rXl8v+Bf2cdQ8eGHVPipbXGleCT5Vxb/D/wA3ydU8ZRj/AJYeP+f+Jf4XuOftXgO1/wBL8Q2n+heM76y0U614Lv8A7ohhit4Ybe3hjtre2SK3t7e3iEcUUUf+ogt4B/x729v06du+DUlFb5LkuByLB/Ucvpewpfhiun+09E7dfv0sRiMVWxdX21bbtbz67+e7X/b24UUUV6pzhXzZ+2V8JNS+PH7I/wC058FdFhS5174qfAP4tfD/AEBJf3UUviPxR4A8QaV4c8/n/j3GsXFr1x7YzivpOiqhLknzw/z+W/6/PqTOPPDkn5+W/wAvnt8kf4VWo2F9pN/e6VqdncWGo6bd3On3+nXkM1vc2N9aTG3vbK4hl2zw3NtPE1tcQMN6srKdpHzZlf2g/wDBxx/wQc+J3gz4t/EH9vz9jvwBqXjn4R/Em9vvGnx/+GPgzTLjUvEfwr8d3f7/AMVfEXRPDtjBPfax8PvGF19p8UeJzpgu7zwP4ivNavb60svC15ZDRv4v2UqcHrX63gsXRx+GpVaT18v/ANr+v5dT8lx2Dq4HE1cPV/O1/wA357peWqEr9YP+CHPwp1r4xf8ABWb9hHwzo1o9y2gfHzwr8T9T/dmSO20L4Nm6+KuuXFxyBDANO8IXQDZOLgoAQSDX5V21tPeTw21tBLc3U8kcEFvBE0000kvEUUMMOJZppjhQFXOSFOcg1/ozf8Gw/wDwRt8efsieHvEP7cn7UHhS88HfHH4s+Dz4P+Efwz1+1Nr4k+Gvwq1W40/Vtc8R+K9KuIGuNH8cfEC4sNKtLTQLo2Wq+FPCdpeWmtYv/E99o2jc+b4yGDwFWdR2rYj8Ovl0vfR37rSR05Pg6mMx9KFPWjh/n5929bdfSy1cf69q/Bf9i+Oa3/ZH/ZptJv8Alz+Bfwv0+27f6BYeDtHsbEHk5/4l9va/3ffPAr9qvit46tfhf8L/AIkfEq+TzrP4e+A/Fvji8t/38vm2nhLw5qGuTwEQZuP9I/s//l1P/fOTt/KX4M+C5vhv8H/hX8O7p/PufAfw38D+C7iSOXzhLL4X8K6foc8/b/l4089j1Iyf4f5N8XK0aeX5Vh3/ABq+KxH/AJbUN/l7fbXzv8J+7cOxti60/wDqGt+Nn/Wn4Xl6RXN/s+6bZ/FT4jar+094nuZLb9nv9mb/AITe3+G959lnurX4jfFWx0rWPDnxF+KulQQG4uNQ8L/C/RrjxR8L/Bv2X/kYfG+rfE6++w3tlo3grWrvj7bwn4s/ak8Xap8GvhzrGqeG/hvoOoQ6X+0R8Y/D91Pa3+jWnkW89/8ABb4ZarB/zVjxRp9xa2vijxRa3P8AxZzwndf23/oPjTWfBdk363aT8O/B/h/wx4P8C+HdB0vw94G8DWeg6f4X8H6PYQWGg6XYeF4LeDwrYwWNv+4t9P8AD/8AZ9rdaXa/8ud3aWV7/wAuRrDw24QnR9jxBmdLbXKsK/8A1If/ALh/8G3l7kYmd5l7b/YcPr/0FdPWh17dbfM/N79pTTdY+GP/AATk8VfC/XE/s34nftRapr3w01DQ7eWCW60v4jftwfFTxBqvxUsdKng+0W9xb/DfT/ih8RvFF1dWqnPh7wTe63/y45p8caQokMKRwwwxxRxxxgRxRRRf8sOq49OrfUg5riPil8Q4/wBpr9pZNa0W5jvvgb+ypqHijwn4P1CP99p/jz9pHVLG48HfE3xjpU/Hn6P8F/C9xr3wb0HVLb/RLzxv4s+NFlz/AMIxot7f93Xh+LGdRx2b0svpf8wH1j63/wBhOJ/3n1a9hR6q9baz+Hq4cwnscNUxDv8Av3bdr/ZsN96e21+ttQooor8nPozwP462+oeGLXQfjd4es7i/1j4Rf2pqHiTS9Pinur/xR8JdZ/s8fE3w5Y2MH2i41DWNP0/R9L+I3hjS7W1F1q3izwRovhiy+w2Wt3pX6b+CmgWvxS+Ov7PDaPLBrnh/R/EOp/GPUJ7KQSWF14S8MeCPEFv4c1yxvoStvPbDx/4w+F93bC0Obuzu+FezN79iwK9V/wCCXUPhX4b618cv2e5kH/CU+DLvQfGnw0vbj/l6/Zu8ZX2r/wDCHeDtEyRb2+n/AAf8f2/j3wH/AGZatdXln4J/4Vhe61eMNb0azsv1fwly2jnXFuSwq1vYVsp/2l/9ROGw/wDtH1fp/Ar/AL7p+59ta3Iz4/jbFTwORY+cKf8Av/8As3XXy2SX7jrd38rM/WnX5NumuO0kkUfTH/Tb/a9B2X04zXA12HibzvKtsf6rzJN//XT/ADmuPr+muJqnNmnJ/wA+Ntf0t3e/u6626R/DsHF+xT6W7dtO+n47dd4lFFFfPHSFFFFABRRRQAUUUUAFFFFABRRRQB//1v70KKThh6jP0/z/AJ9KWvjzoCiiigAooooA1tPbdG0f93j/AA4z2+owTz1Bb8fP2zvCk/w8/aw8J+PTGI/Cf7R/w3i8B3FwoMVpa/GP4L/8JD4j0m3uOALjWfiN8KPE+v3FtjP2TSfgLeHADYu/11gm8qVW58v9ee/Gc557gDnjmvF/2nPgJpn7SPwe8Q/Di41Q+GvEXn6X4r+HHjiK1/tG58B/E/wlfLrngfxhDZefbHUbHTtZt4LfxNoH2u1tfFnhK913wbqF2dI1y9RubiTI4cWcMY/JJ/xsRhf9k7PE4f8Af4d/+D72vtoepkuZSyjNsLmOv7jpfT6t/wAv/wCrare1j8p6K4TwV4o1jVZPEPhHxxoP/CFfF34dap/wi/xU+H8l19ql8L+IxB58N9pd9PbwXHiDwR4v08Wvij4c+Mfstpa+K/Cd3Z3v2Oyvv7a0Sw7uv4DxuCxmW4urgcdS9hjKH+yYrCfPXvv0dtPO7P6Xw9eli6VLE4et9YpYh63sttenXrv92oUUVFcXFvawzXd1NHbW0MfmXFzcTeVFFF/03nuPQezfTgVyGpLXjfxu+OngL4CeCNY8beNr/ZDpWny3lvpdn591qmq+T+5ht7Gxgt7m4uLi4uPstraWtrb3l5d3V3ZWdlY3t7e2Vlf+f/Ej9pTQ9Fjm0vwP5evar+9j/tiX/kDWPtB31i4Gf+XX/RP+n68/48a+QfgD4N1b9p7463/xU8bTXGsfC74CeKPs+j/2h+9tfiD+0Fpf76e+HH2a48L/AAPt7j7Lpdraj7H/AMLYu/8Alz1r4SfN7uCytqNbF5h/s+DodN9lf6sr2/j7+fZtJEVp1IR9z+LiOvb8vz200sfXX7Ofw78bNcax8fPjdZ/Z/jZ8UdPtIP8AhG/NgurX4LfDSKc33hz4O6HcQXNxB9ot7j/iffEbVLS5u/8AhIPG93e/6bfaL4X8MGy+qKKxfEniLRfCHh3XvFniTUrfR/D3hjR9U8QeINYvJfKtNL0bRrG41bVb6e45/wBH0/T4Lq6uuB9ea83EYirj8Qp6q/8AzC9F0w+Hw2y100/PVip04UYaPXTp+LdlfX/D6PVnm/ij47fD/wAK+PrD4Y3T+KNb8bXml2Guajo/gvwH4x8b/wDCL6Dql9f6VpWueMb7wroGraf4P0/WNQ0/VLXQf7eurW71b+ydavbKxvbLRNZvbL0Lwr4q8N+OPDuleLPB+t6f4k8N69Z/bNH1jS7qC6sL+1/1H7ieAn/j2uMWt1acXlpd2n2O9/03ivl/9m3TbzSfhrr/AMaviJDJonjP436xqnxw8ef2x+6uvCWg6pY28HgHwPfd7b/hV3wn0jwv4X1S1ObT/hIdJ8Uaz/x+a1elei/Y1s75f2c/AfiLUrKTTbz4nah8Qfjg+l3EX2W60aL4+/E3xh8abHQ5oP8Al3uNI0/4gWul3Vrn/j7tMcV+9eKng3gfDfg3hDNsRmmJr8SZs/8AhVyv9x9Vwr9h7fEfVrtVv3H7mi/ye5/OXg946YvxX4749yTC5VhcPw3wz/yKs1/f/WcV/tHsP9oXLvXdCvXo7Xo63WiPQte0H4ieAfiHZ/tBfs/3mj2fxUsNHtfDfjTwX4kuZ9P8B/H34fWF9cX1j4H8cX1jBqFx4f8AEHh+41HVNU+F/wAULXS9W1bwRq2ra1ZXuja34L8T+J9Fv/0I+AP7X/wh/aAnufC+l3moeAPjHoln9o8YfAf4kRWPhz4qeF/+e99/Yf2+407xh4P+0f8AIK+I3gPVPFnw91bpZeJ729sr20svlOvzF/bA0/wb8VPHFh4f8UeHtH8SWfgDyv7HudQsYLq60XxHdeRfX2q6Hff8hDR9Qg/0W1+16XdWt3afY8/bTja3x/BHHGOy2H9l4ql/aGW0P/CrDfj+/oP/AJ8/+VY3R+7Y3IaeMre2w9X6vWv6b/8Aby/X1V7nNfFPxF/wyT/wdU/BbXY5JbDwh/wUQ/Y0i8B+MLqX91p11488J2/ifSvDkMxnP+kajBcfAb4YaVbXNqPtf/FVizBb7bfC6/Zz4+fBnwh8Ndc1X4jfC3UdL8MeIfF2oS6540+EcnnxeF/iDf3U/nar4x8NwWNtcW/w/wDiRqE/2q6ute+zf8In8Qrz7afGllZa1ej4g6L/ABWf8FKNM1r4EePv2NP+CgGia98SPE+t/si/Hv4WXOqWfiTx7438dfZfh9p/jeDxlY6VpZ8Z+J9XGj6OPEGn/wBg/wBlaVc6VpV5/wAJvtvMkqV/se+J3iKx8YeL7zxZo+px6x4e8T6X4c8SeF9Yt5POsNU8L6zoen6roeq2M/H/ABL9Q0+4tLq1yfxGTt/aM9x2X8R8N4DF/VPb4LEf7Niliv8AmGxOH2XT/lxf2OvpdOxXhxwcs14sx+VZhivq7wOG/tP/AGb/AJifrHsP+ghL/l/rX/dP82Yfh3Xv+EZ+KHw6+JOnJJ9p8Nyaz4b8SW8v7qXVPhz43gsP+Eq0qCY/aLf7Rp/iDw/4N8Y2vI+13fgiy0YXtjZ63e3tfXPxEuP2U/2nPBt/8LfjZ4S+H/xL8Da15X9oeC/i54NsdZ8OS3UX+ovhB4k0+50a31C3+0f6LqdrdWmrWl3/AMeV7ZH73xFRXzOQ1pcP4SlgcK7UqH/QV+Wi8uiXyufveZ+D/C+YurJVcVh63/YR1ts70Oq32/C8uYf/AIN3f+CMV/q6+Jh+xL4Qeaf/AElLez+Jnxwj8OSmSfz/AD4NDsfijb+H/s4Bx9ltbX7KLPj7EM4r9Sfgb+zr8B/2Z/BsPw9/Z8+D3w7+DPgmGT7RJ4b+G/hLQ/CWn393/qPt2q/2TBb3GsawD/x86pqn2vVrvnN8M4bz39lnVNUvNB8T6bdTXM2naVqFhLpfmfvfKlv4Lj7dBD/075t7a5+y4/5esnORX1RX6HQzLEY7DUqtatir2+Xls3st7pfPU/mTP+GaXC2eZhlMfq3+z/8AMXhsOv8Ar+uvq9NrXt0CiiipPICiiigAorOvNX0nT28vUNV0+wd8fu72/gtf/R8/8vpVJfFXhdvlXxJ4ff8A7jNj39xcc/8AfJ9CRnNAG9RTY5I5o0kgeOZHP7uSM+bFL9Ovp29O2SadQAUUUUAFfmB+0H/wRd/4Jc/tR+Jr/wAafGX9jP4T6x4w1WS5uNY8UeD4vEnwq1/Wb+6/1+ra3ffCvxB4HuPEGoXHX+1NeGq3ffJyQv6f0VrSq1aM+ajV+r90/v01Vn239CJ0aVWPJWpfWfwb273/AEv87H5b/Av/AIJbf8Eq/wBhXxHYePvhH+y78G/h145sPKvdD8YeIP7c+I3jzS5Y+t94V1X4jav458UaPcet14XNpd9ucEr9kX37S/w1s2K27+INR/6aWWl+V+P/ABNbjTz26c/0r4T8Tarqmta9q2pazNcTalc6hdSXHn/8spfP4g7/AGe3t/8Aj0tbTC/ZPU4JrDr5XFZ/i6tbnv6fWun52f8A4F89o/05kfgjkGDwdH+0cVicRW/6hvYYfDdO1tdHpZpffz/Q37RHxa0f4reCdE8A+GYdQttK17xh4cu/HlxqkcFp5fhLwvP/AMJV/ZUEH2jUbfUP+Eo8UaP4X0HXrW5tPsl34I1bxP8A6XZXhsjd/j9/wVr+OPxs/Zw/4J1fHr9oz4e6hcfCJLC08L+Cvh54x1zS/K8eeMvFvxC8VaP4VguPh14c1QQHw/p2jaPqGveJ/wDhPPE9qby7tPD2fBXhe9s9b0T4gaL991+Hf/BxT4s1D4ofCv8A4Jpf8E89M1G4n179oP8AaD1n4weK9Ptpp/tWg/DX4fRX3hSxvr/9/wDaDo9xb+OfGeu6Xxc/8iTeHNn9iskfhy/KMu4h4hwuYZ5+/o4DC/Wvqun1Z/V/3+IxOIw+l/y9dUfHeKXB2C4N4e+t5Fi8Vh6uPxX1Z4XFL/af9o/3f6viU0/K9ntpY/oY/wCCUvhHR/2d/wDglb+xtH458SWejQp+zh4N+MHxE8W+NNYgsIrXxR8ZLH/hdPj/AFzxV4j1zUP+Pj/hMPiDr11qmp6pdr9ru/tt9enjFeQ/FL9tab9rq+134K/sk+LdV8PfCtbf7P8AFX9qDT/O0bVPEegXU9xBfeFf2XvPgt9Q1C41j/SdL1T9oP7KfCnhPSbuyvfhLe+NPE97ZeJ/BXmuj/s4/A/XtP8AA2ueIvA1v48fw9o+gXHg+P4kaz4j+Jml+EotPsbf+yv+EO0Px/rGv6P4XttIt/stroP/AAjGl6R/ZNp/oWi/YrIV833HiCT4X/HrXNUXzI7CHxRfnVLeMH97oOsT/bp7fyMn/j3t7i2urXGP9LtLLPHFfLZr4nf2jTxNHJMLicPjP+gvEr/dv+wfDab6fven/PpX5T88y3hecI0o4urejh9fquF8/wDLf7XTTqffnhPwn4c8C+GdB8F+D9Hs/D3hXwto9jofh/Q9Li8qw0vRtLg+w2NjBBx/x7wW+ev1I429BUcMsdyiTQvHNDMkUscsf72KSKX/AFE56dPQD645qSvwWUpyn7Sfl3Xn5/8At3y+19ZGPs/cg9P69LW9PuCimQzQ3C+ZFNHMgk8vzI5PO/exfmfx/HjgU+pEFec6/wCOh8Bvir8E/wBpsS/ZNK+GPiweB/i7cY8uKT9n34yX3h/wt8Rpr6ckfZ9H+H/iG3+HPxu1S64xpXwnvLPP+mKG9GrB8VeGdF8aeGfEng/xJYR6l4e8W6JrPhvX9LuP9Vf6Nr1hcaXqtjcdP9HuNPuLq16H68Cvc4bzurkGeYDOMOv9wxf1nTrht8Rh9tfb0P3G9u1tObhzPAxzDLsVgZrSvhvxt269/wBFa8v3o1K1+1Wc0X8fl+Ynb97F17nOfY8dlH3q81r58/4J5fFLXfit+yP8LLrxhqUuq/EX4dJ4j+BnxM1O9Pl6hrPjv4EeKtY+Feu+Kr2L5mt/+E//AOEQtvHtmu0Z0rxVZXQwpCr9J6vB9n1C5jX7jSeZH6jzfwX/ADx8v3m/ubiWnSxOGy/M8PrRxGvb/p/h/NNvsnfytaX80YfnpOpQq/8AMPf/AIe2v4u/3Jyz6KKK+NOn2nl+P/3MKKKKBylbRb9X/S3+at8veKKKKCOeXf8AAKKKKCQooooK55d/wCiiigr2nl+P/wBzP//X/vQooor486AooooK5JdvxHfL/tf+O02iip549/wNI0/n8rJf+TSv6fn9krStLpc+TJ2+4/qPr69OgbPSst/un8P503zPb9f/ALXTo4idGfPC1/v/APkb6eXnZX94lHm3/wA/1X5P8D5f/aj/AGQ/D/7QUmk+OPDXiKT4V/Hrwdp0+leCvixp2mLrMN5oM1xNfzeAPid4U+3afB8R/hjfX87XQ0C41PSdf8O6pd32t+APE/g/XL68v7r8V/jF8S/j3+zJfTaP+0X8BY/CcP2wWel/FTw14ov9e+Bvi2WWcw2P9h+Pp/C0Fv4f1DUJz9ltfBvxGtvBHje7u/tp0XRda0WyGtXv9KlvfNHkTfOv/PTrLx+P9Pzx8ti7trDV7G80++tbTUbC/t5rO/0+9hgu7W6truEwTWN9Z3G6Ce3ngY21zbXPy3KFgVAAZfD4p4E4X43X1jF0fYZkr/7Vhb/Wdb/7x/z/ANuzXTW/u/SZBxPmPD8uSivb4PRfVsT/AEnR1ffV2Wm5/J7e/taeKNSjmj0PRPD+mug8uT7RLfandWv/AGw+0afb29x/19W10fp1XxHxR4+8YeMpN3iTXtQ1KDzPMSz8z7LYRf8AXCxgNtp/b/n1/Dmv6WvGv/BN79jDxvDcxt8EdE8ESyym6gf4War4h+F9pY30n+v1Cw0PwNqOg+F7e/1EgjU7k6FcHVeft4vjt2+JQ/8ABIb9muG++0Dxz8dZNNzj+wp/Fvg6Wx8v/nj/AGofh8PFA54z/bxuv0r8rq+BmY4ap/wn47K8R/2E+3w/z/5f3+5eVz9FwniblLh/tGBxWH6WX1fEf/Kd9X8X3aKP81Hji88VXS+G/h/8O/s//C0viv4ltfh/8P3uIvtVro2qX0Fxfa5441Wxz/pHh/4b+D9P17x5r1rz9rtPDv8AYtlm91uyFfsd8Jfhd4V+C/w18GfCvwTbXMPhvwTodro+nyXkv2rVNUlj/f6rreuX/wDzEPEHiDWLi617XtVuv9L1bVtWvby8/wBNvjXk2h/Bn4Nr+1l8YfiF8LfDdxZ+APghJqn7Nfww1DU9f1zxJdaz4o0a+t5v2jPH8F/rmoX/APx8fEDT9L+Ddpa2otP7Ju/g54ovbLNl4nvdv07X4rxpTWV4+rw9Ct9Y+o4u+KxOFt9V+s9t/wDlx/B1b/eurvY+wy/F/wBqUaWZey9hQr/7p9ZX/MM++9vbvXe38JO+hyPj7xx4d+GvgvxP4+8WXMln4e8JaHf65qkkFrPf38trYQef9h0qxgzcajrGoXGLXS9LtP8AS9W1a7s7Oyxe3oFfHP7ZX7HPxY8cfsjw/Fv43eIdUufif4q+JHwWk0P9jfT/ABR4x0bwHdeF9e8f+H4IP2ZfP+HPn/8ACwPjR8ULe4tfBvjL4jfEfQPG3wn8Pfa/E/8AwjHhn4e+GbK9+Ldp9JfETR4fGXxU/ZA+GeoQxXOg+P8A9qzwbc+ILe4/1V3a/Bb4c/FD9prQ4J4AP39v/wAJh8EPC/2q1uv9Eu/+Xwtn5f1L+PXweX42eAf+EXtfFeoeBPFWieJPCPxA+HfjzS7CHVL/AMG/EDwHrmn+I/CuuT6HfG20/wAQ6P8A2hp/9l+KPC91dWVn4h8J6trWi/bbL7d9tsP0/wAI8nwuHo0uIKtHDV8X9b/2X6zbEfVcPh/86++/5KPy3Fs5ZjRxWU3/AHNfC/8AMLiPq3+8dt/y2fW6Px8+JXwX/ay+Pfw9v/gvr37K/wATPhXoPxmvPC/w78eeM5Pit8AdUi8EfCTxl4j0fQ/jFqs//CH/ABf1fxRb+KNP+F+oeKP+EX/4RbQvEB/4SH+xf9OsrP8A02u6+Gtr4q8B+LPi1+zz441uTxVrfwH8UaDofh/xxJYaTpWoePPhf4t8K6P4q+HPiPXNK0O3sNH0/wAUWFvqGqeA/FH9l6XpWk6t4h8EXvifRdG0TRdastFsvsL4XftMfHh/jR4h/Z3+MH7P1vq3irwTpfw51jxR8X/gP4y0PWfhfF4c+KM/jCx8HeMtc8D/ABNv/A3xQ8H2+sah4A8UWuqeF/C9r8bbvwn/AGTm98TXuiiy1m7yfj5+yF8R/EXxO8T/AB2+AXxS8P8Ah7xz4t8P+F9H8YfDf4qeF/7d+GnjKLwRBqEGhz2PiTwrc6P8QPhv4g8jWLq1utez8QfD32P7D/xb+9vftl7e/pvi1UznxGy6lDHfVf7SwD/4Sv8Alx/2Ebcv8ai+3/PvVe9zfmfhVwFwt4WQxOH4YpYrD4PH4r61ilisT9ZxP8D2HZ/wF1u7fvtHe55LqmoW+j6XqWrXnyW2lafdahcf9ethBPPP/wCQLf1b6jHzfkLq2p3esapqWrXb77zVdQutQuJD/wA/V/P58+O3/LwCeTjpzj5vrr9pD4xeMvg/8O9e0H9o74S+LPgPrGqyWGjx+OLiU+PfgFqkV1fW8E8+lfHDw3p9v4f0e31CDNrpel/FnS/hR4s1a7u/9C8MXnWvi+3uIbqCG6tZkuba5jiuLe4t5fMilil4gngng/4+be4+v54r+ZaGSZhkkqkMzwmKw9b8f+5f4frG/lb52P6Gy/FYbGQ58NVeJXmv6tbr/wAA8k/aC+EGi/H34K/Ev4Oa88cNh4/8Kanokd5LEJv7M1mWDz/Det+R0M+geILfS9etgVx9rte+CK+7P+DdX9pDSv2pP2Jrz9kj4+6bby/tGf8ABP3XP+FBeLNL1C6uIvEf/CtLCfUIPhXqkE8FxBcf2fo+n6Pqnw5/0XNoP+EIsr69I/tqy+2/OlfE/im9+I/7Bv7WPhX/AIKbfs46DqHidtE0z/hDP2yPgnomIZfjd8A7oWA1zXNKiIPneP8AwPb2Gl69pv2psXl34T0S+ObKx1iy8T/qXAWc4ek8TkOYpeyx/wDtOFf/AFErotv49lRup/8APpa6nhcR4XHYarhc+yypiqGMwH+9fVtMT9W9E7Wof4na1XVXaP7Nrj9mP4czM5juvFFnvPEdvqdiPKP/AG20i5P5/jnIC2rP9mn4a2kiSTJ4g1JEx+7vNU8qGXr/AM+Nvp9we3/LyPYjOa6j4F/HD4W/tKfCHwB8dvgr4w0vx58Lvid4bsPFHg/xRpcv7u/sLr/XwTwT/wCkadrGn6hb3Wl69oOqWtpq3h7VrS+0XWrGxvLK9sq9Yr9Gll+EhK88I9PNv/g+rv6WsZf6+8WzpKH9vZp7H/sJV/x/4P4JxydF0HR/Denppeh6bZ6VYQ/vEt7OLyz5v/Pecf8ALzcHH/H1dYuzweela1FFdUY+z9yD0/r0tb0+4+WrV6taVWrVq/WK2I6rf1e9r/P53CvDf2kv2hPh/wDst/Bnxn8bviZc3qeG/B9na/Z9L0uKGXXvFHiLWr630Twr4O8OQX1xp1vceIPFHiDUNL0DS/tV1aWn2u7+263eWWi2N7e2HuVfjP8A8FOPDy/Gr46fsc/AHVpg/wAPdEj+L/7THxA0f/SIv7Zv/h1B4H+GXgDQ5+g+z6hP8aPGV1dWhzn+yfttli9Fle2UyqRoxq1p3X1d2t3v9/f/AIbRndkuWzzfNcBllL/mPxWHwvrd/wDBf5vofNun/tM/t/fthL/wklr460/9jn4J6l+80fR/hpo2leKPihr2ly8mCfx94/0e/uLi3/59fFPg3wv8Mhz/AKFZa1ZC9vb3Wk/Zb+GWuLu+JWsfFj45Xj/8fF58dPjb8W/izFdfTQ/GPjDUPB+n25/59dL0LSbT/pxGQK+iIYYbeGG3t4I4YIY4ore3ii8qKKKL/UQQQc/uMdTjv35qSvi62b42tP8Ai/V3v/sqb6/Lppeydu+5/YmU8A8K5XSpRpZNhsRWe2KxWH+sYn/yvbXpvH0bZ4Lpf7Kv7L+izfaNH/Zv+A+lTf8APxYfCD4f2t3/AN/4fD9vcfgfrxjFbN1+zz+z/fQva33wN+D95bP/AKy3vPhn4HuopMf9MJ9J56+v55New0VxzxGJ0/ep+mm/naXbt83e0fpIZVl0IckMDhLf9g+H3/8AJfy08rvm+cW/ZB/ZfjkS60f4DfDPwffp/q9U+H/hex+HWsn/ALjngCDwtrPvzdj05om+F3x6+HK/2p+zT+1v+0B4A1O0/eW/g/4mfEHVf2gfhpfxRf8AMK/sr47/APCydQ8LafcZ+y/a/C91aXdpaf8AHkLO9H26vo6iuinmONov3MVivut/wPwv5xs+by8Zwlw3j4cmLybLK/X/AHegsT/4UWdftr16Wu4kH7Hf/BSbx94u+NWm/so/tfeBtA+Hnxn16zv/APhXfj3wn9u0vwH8S9U0uxuNVn8Of8I5quoeILjw/wCKNQ0DTtU17QNU0vxT4i8PeLP+Ee8T2O7wXrVlovhjXP2Pr+a/9tnwLNefCS7+NnhRI7P4r/szXFh+0B8O9Yj/ANbLqnwg1XT/AIjf8I5PPAo+06f4g/4Rf7L9l6/a+f8Ajyvb2yuv6QNJ1Wz1rS9N1rT28+w1jT7XVNPk/wCetrf29vNBPzg/8e9we3vwPu/XYDE/W8I61T+Onb1729fn284/yz4j8L4bhbO3h8Cv9jx+F+s4T0X/ADDprXW1jQooorrPz48v8VfBv4f+LrqXUNS0T7NqU37y41DS5Z7C6lmP/LefyCbe5uB/z9XVr9r46jNcC37L/wAPWbct/wCLF/2I7/Sv/lN+HfGfxX6OormqYLCSm5zpNL+unX8fPR2j9Rg+MeJ8DS+r4TOcVh6T/wCojS3ntbbv16anhun/AAH+FPhmObVNQs5LyGwjlvbi88Sap/oFta2v7+ee+P8AxL9P+z29vn7V9qtBaduTX8OPhf4uN/wUk/4Ki/tP/wDBQOOOS4+BXwct/wDhlz9kfzYvLsJPCHhgXEGqeKtD4Btv7Yt9Q1/xT9my32X/AIWzeWWB/YubL9rf+C537b3izxRD/wAOq/2TPEOz48fHXw3FL+1D8RNMk+12v7N37NOsw20GuQa5PB/o9v8AED4waPc/2DoOg/ajqw8JXd7e/wDEk/4SjwxrVfDHwV+Dngf4B/C/wf8ACb4eab/ZvhXwZpcen2fmfZ/t9/df6/Vdd1Wa3gt/tGsavqFxdapql19lAu7u7yK+d4tzPCZFktTL8P8A8jLNtf8AsGy373b2/wDB21pe291WJwWIzrijN6WPzbH4rH4PKf8AoJxOqxH/AFD3S/3f+NX1/i+y91n7S/CG+/tD4Y+CLj+54ftbM5GP+QX/AMSr19bc9vzzmviL9pCxNn8VNYl7alp+jXh/8AbexP0/5B/qffOM19Yfs5XX2j4T6JF/0D7zWbPr0Euq3N9z6/8AHx7frhvkv9srxd4d8N/EzwZpFzdXmpeLfFPheKz8L+A/C+jar4y+IPi260/VdY8+Dwr4A8K2GseMPFFx/pH+lf2XoV39j/5fs8Bv51yzD1a2c1cNh6X1it/tF/mvv+/XTzR9cqlKlUqzq1fq1K6/Dfdrdb7eivc+rP2dfFzeJvh/bafcTb9S8Kyf2PJ/z1+wH9/pcx6f8u4+y/8Abr36V0nwZ+BPhz9o74b6x+098dPhp4s/aN8Ma34s8UaV8C/2V9Hv/CsfgiLwF4S8Y6x4O0rxj4q8K+OPGHgf4b/Ejxh8QB4fuvHv2r4t69eeHvBHhPV9E8MeGNFsvE9l4n1nxP4z+zH+yR+3J4ourzXLqz8L/so+APEOnxW8l58SLWD4l/G6/ijn8+C+0r4ZeHPEFv4H8D3H2f7UdL1Tx5488RatpX2sf238I/8AQvsVfrt4Z8K/8Ml/s/8Agf4b/C3wH8UPjx/wg2n2HhPQ9D0fUPhlY+N9ekm/tC9vvEfiPVfFXiH4TfD/AEa3Fx9qutUurW60mztPtf2LRdGvf9C0Sv2vgjgzEZPmGKzPM8JhfbYj6t9VXXC3/wB5vv7BNLv7bS2uh8Rn2aUsX+6w9X91p9bf3a6/o7bWu2fA9v8AA/8AZLuvF3hL4e/Eb/gnprH7Emt/FHWLrwl8M/ix8I7r4V/C+LX/ABdYaHrHiPSvCt98R/2QviRb+KPD/ij+x9H13VNB0vx5anwR4hu9JvtFs9a1nWryy0a7yf7J+IXwD+Lifs9/FbxJceP7DxD4f1Xxp8B/jJqFhpWl6z8QfC/hyfT7Dxl4H8fWOiWGn+H7f4sfDe41jQbq61TQdK0jSfiF4T8Q2XifRdGsr3RPGdlZfR3wRl+K37akfwH/AGmPidbeE/hp8DdHksPjR8F/gv4P17VfGXi3xbr2s+HdY0rwd4/+NPji+0fwxp+n2/h/w/r+p69oPwl8HaFrFpaeIbvRfFHif4g6ze6LZaHZXP8AgpDo8MXws+DnxMhhj/t74UftWfs53Gh3H+qlitfjJ8RtP/Zl8VQefk/6PceD/jhr32q1/wCPT/RbLqLKyLfU8bcP4HOsrxcMRS/2uhhsRisLin/zC4rDX/5iF/5W6fczxcpxVXCVaNWiv3P/ALr+vV+b1sec0UUV/JB+mnsX/BOLXv8AhGvjh+2N8Hi22017Ufg3+03okGF8sSfEXwrqPwX8YWNmTCGI07Uf2eNB13VAP+Xzxz9t4u71iv6ieJoNs1tN/ej8v0/1f/fXe49fyz8v4wfs+6w3hH9v/wCCF7v2WPxU+BH7QPwnv4/N8r7fr2i6t8J/i34OmMGD9on0jw/4Q+KAtzgnGrXpG3hq/a/xJHus4ZR1W5x7fve/Xn8hnrkfw/3BwVjP7X8McqqT/j0ML9Va88ur/V/v9hQ2bfzukfzvxVhfqnE2YRgrfWH9a/8AB/8AtHdd7b+euhxNFFFeeeOFFFFABRRRQAUUUUAFFFFABRRRQB//0P70KKsVCzZ+n5/+yr/n0x83x50DaKaMNhuc/n69en8j+madUSlbRb9X/S3+at8ve6Bu9fX9KdRVesgHM2fp+f8A7Kv+fTHzNoooAKPu5I6//W/H+XvzRTWbH1Pv/Phv5c++PlmUrer8/wA9Jflr5290L1vNcNMkfmyZ/wA8Y6du/bnua8D/AGxPjbf/ALOv7M3xh+LWg21vfeM9B8MDSPhno94f9F174teNtV0/wN8JPDk/AxbeIPif4o8LaFc+ltebsDFe/aWu6R5P7kf/AKN/P/I/hzhfyr/4KXeJH8RfET9j74CQyF7TU/HXxB/aR8YWWFkivvC37PnhvTvDfh2wvsTn7Pj4v/G/4XeMtLP2Zs3ngjKnZZXe3qxua/2Lw3mucVv+YDC4nE/+E/8Au66tr26enu289zpy/CfXsxwuBg9MRirbf8F/LSV+yskfKfwn+H9n8Kfhr4J+HdpfXmsf8Il4fsNLvfEGofvdV8Uaz5Hn654q1ybj7RrHijxBcapr2vXX/L3q+q3t7zya9Coor/PStVq4mrVr1av1itiPXf10+/X8mf07TpwowpQhf2N/n+UdWvx7XvL5u/ac8aWvwf8ADPw9/aIuYbi8/wCGcvjR8OfihJpVhaz3+s6zoN/qtz8K/HGh+HLGxH2jWPFGr/Df4keMtL8G6Da/8jD4su9G0bP+mgV+rfib9rH9mfwf8D4f2lPE3xy+GejfAu40f+3NP+Jtx4o0r/hHNU0+WxuL6CDQ54Ln7RrGsT29t9ltfC+l2154hu7r/iS2Wi/bR9ir8h/2kGbxD47/AGWvhlJ/yCvE/wAcP+E48SR/8srnRvgt4H8UfEbw5Ae32i3+LGn/AAv1T/r00m99a+ff2kP2dPgT8R/iF4J+Efh/4OfDPSviL8c9Y1TxJ8XfiP4b8EeFdC+I2l/AzwbPp9/8R76fxxpWnW3iew1D4kaxqHhb4OfarTU7TVru08b61rVlen/hGL37F/YXhBwpR/4hTmnGWcZr9Qy3A4rMcR/u+n1XD4ej/u//AE/r117Ginr5t6R/l3xH8XauTeL2TeGuU5D/AGvmWf5Zl3+1fWPqyw2JxFev/vK+r1/3FChQ9vX1+66Z+3n7JWheKNej+KH7S3jzQbzwr4q/aZ8R6D4o8P8AhDVPI/t7wH8EfCXhvT/Dnwd8HeI/I8/7P4o1HR/7e+KHijS/tV5/wifiz4m+J/DAvL3+xRe19iV+J954Z/aWl0W50O3/AG8P2lEtLb7BceH/ALZ4c/Zs+32N/o19Be6V/bniPRPgB4f8YeKNH+0afa2uqaXqnij7X4g0n7bovifW737be3q/RXws/buuPCmpaV8O/wBsjR9D+FHiS+vLXR/Dfx48P/bov2bvihql1+4sbGfVdVn1HUPgh441e4/0W18B/FDVP+Ee1bVruy0X4ffE74g3u6xsvOyvjPIOIMX9XwWLbrPbCYr/AGbfd4da/WGvX5Kx+u1cuxeApKeIpP2L116fOzv+HbzP0furW1vrW5sL62t7yzvLeWzvLO8ihubS7tLqDyZ4J4Jwbe4t7i3/AOPq17++AG/MH4wf8Emf2b/GFxf+IvgndeJP2V/Gd5JLePJ8H/sP/CqtUv5f3/8AxUfwI1y3v/huftFxcfatU1TwJpfw78Wat0vfGvGW/URWVlDKT1/yen07/n/CtfQ1KcK0PY1aX1iit/66r5xvvZX93mjPknzw/jb6aX/ron5n8xvxQ/Yp/bW+CP2y61T4aaH+0V4Ms/3n/Ccfs73X2XxabWL/AJftc+BHji+PiC3x1/sv4deO/jHq130Flxiy8X+C/wAI/j9+0o3xm8SfBXStHfSvg1qHgzwPrHw3+Lmg+MfhL4t174jX+lax4q8ceHLHVvEej22o+B/FHhfwfrHw6uv7B8eeAvsniG78WWX23Wvh9ZWd5e6z/Vr428YeHfh34N8W/EDxdqUej+EvA3hfX/GPijVLj/VaZ4c8L6Vca5rl9P2+z6fp+n3V139+oK/Gn7H/AIV8SaH8D9E8WePNNk0n4nfGzWPEf7QHxQ0+4l82/wBH8ZfGTVbnxj/whs8+R9oPwv8AD+oaD8L9K5/5BPgiy4XOa/A/GHFZZwZkuFzHLML7DMsfivquFwt7Yb6t/HxOJ+r210/cL2NdfxtE0/d9ilnmZy9lh/rfl/1E/wCStv1897R/mx/Zb+NHxU/4JT/HbW9B8P8AgDx/4Y+DPxa8SXfiT4sfsH/Em1sfDniPS/FEv/Ic+Lf7E3iOfWP+FX+MNY+z/wCleMvhx4N8Z6t4I8WWlp9istb8L61ZaNZWX9aXwB/aM+Cv7Ufw9sPil8CfH+h+P/B95JLp95caf59rrHhzXrX/AI/vCnjjwrqttp/ijwP4w0f7R9l1/wAG+KNL0jxDpN3ze2VlnFYfxE+Gnw7+LnhPUvAvxU8DeE/iL4M1jyv7T8L+OPDmleKNBuvK/wBRPPpWuW9/p/2i2/5dbr7J9rtLvmxyAQ34i/tBf8EmNQ+CvjJP2lf+Cdv7RvxU/ZI+LsNxa2euW/8AaE/xL+H3inR7X/kFeHPGOleKri/1jxR4PNx/otroPxGufib4e8JWn2L/AIV94Y8MYze8HBHj/k2P9ll/FlLFZfWdv+FVf7Thl5Ynav5L+NW0/eVqnwnmVqNbn58PS0X/ADCvdf8AYN036Nql1/c7R/pCor8Sfgn/AMFHP2nvhhYp4f8A2+v2b/tdnpUcVvcftKfsjWuq/EvwFf2sX7mfXPGPwP8A3/xg8H29tb2/2rVNU8HaX8Q/+f7/AIRjwxouBafrB8Gfjr8Hf2ivAelfE74F/EvwX8V/AGsf8efijwNr1jr2l+b5FvPPY332GcXGj6xbm4/4mmg6pa2uraT/AMvljZ5G39/y/NcuzjDfWsqx+Fx9LrisLiPrGm+21D/uNbv2Usb2nyT/AHFbS/1rb/L8ulu0vVq/J39tazbQ/wBr79mzxRdfJpXjn4H/ALQXw3t7iWP93F4t0HxV8F/H+iaV5/8Az8ax4Xg+I2q/Zv8An08J31frFXzb+1N8B5Pj18N7PS9DvNP0f4keAPFGl/Ez4ReINUE32DS/HfhyC/sfsOqzQW9xcW/hfxx4X1jxR8OfGV1a211d2nhPxvrV7oudasrIV1VYKtSq0XtiGvN7/L9Pke5w3mcMlzzK8zm06WAxWHxOLdv+YbfEb7/uOun6y+CaKydJ1K6vPtljrGj6p4V8T6Jcf2X4o8Ha5FBHr3hfWYoPPm0q+MNzcW9xb/8AL1pevaXdXfh7xDpN3Y614Yvdb0W9sr291q/PalKcJ+znb/LX1+dl970cv7ow+Io4vD0cTh6v1ijiHs1u/W/T0176WCiiioNQooooA8B/ao1KTTv2b/jf9kh+2avrPwz8W+E/DWn9ZdZ8ZeMtKuPB3g7Q4B8p+0eIPFGsaXplrg/8fd30P3q/eTwjoK+FfCfhjwvHN9pTw54f0bw/HcHj7V/Y2lW9j5/f/j5+z+2B65r8tvhD8G7z9oD4keDPEWqWcifBD4QeNNL8eT6hcReVa/E/4q+Db77d4H0PQ++oeF/hh4wt7Xx54o161AtB8QvCXgvwxot7rf8AY3xBs9G/Wuvtcow86OEtPfEWXb4fPXXfp8nZc38neL2d4bNuJKWHwlT29HKcL9V/7mf+X73bX/Lns+vkFFFfAHxs/wCCkX7Pfwr8V+IPhP4D/wCEo/aT+PfhuOL+2Pgv+z/YQeMtZ8JXV1/aEFh/ws3xjPqNh8N/hPb+fp919q/4T3xlpPiHjOi+GNbvR9ib0atSlhqNXEYir7CjQf8AtWKxX+z4bC3T/wB4xCst/Pysz8mlKEL9r9El/l+V+uh9/wBfiD/wUQ/4K0eGfg3pvjD4L/sp+Lfh34k+PGmyf8I344+MHii/sbr4Bfsv391iCc+ONU+0QWHjj40W/wDzK/wH0G6utW/tb7Fe/E7/AIRfRb6ysvE/yx8VNJ/4Kk/8FE/EFl4H+IHxa8L/ALCX7OviHUPseqfBv9nvWdV8ZfGnxb4cl/4/tK+I3xvsp/CFxp+n3Gn3F0Lq1+HN34f0q8tPttl4n8MeJrIYvf0f/Zd/4Jo/sg/sk2vhu4+G/wAMbPXvGHhW3+zaB8RPiJ9h8UeLdB83/X/8IdAdP0/wf8L/ALf/AMxS2+EvhfwRpN3df6be2P229vbxfx7i/wAbeD+HKKpZZiv7ezLr9V/3bCp9MTXsqG3/AD49v5897SuNDEzn++p/V6F+1vTRv57t+uh+Gf7F/wCwT8ePE0ev614D8I+MLC4+K3iS68efGT9sj9rSx1yw8b/F/wAW6pPcT33irS/hlPcaN8UfHH/HxnQdL10/Cj4e/wBk3YvPDHjXWvtt7e3rvgzpPx4+MdrD4V+HvwE+KnxL+JHhfUNU8B/Ey80vw5/whvw08LfEvwRqtx4V8f6Vqnxb8fjwh8N5/wDhHvGGj6pbappfhfXvEPiu0tLP/kWDe/YrJv6wK+YfgDcv8MP2ov2ivgnN+58N/Fiz0H9rD4Xx+b+6iv8AU/7P+Gfx+8OaVB/y72+j+OPD/gP4oap83+l+IfjzfdMZr848N+M4+IfF2YYHiGnb6xhfrOF/2hf7TicP/vFDEV9Pb3ofvrUXRpL2P7p09T1o5pjcDClHD1fq9HTDP/Z/92ev+7qyt01re230Stc+W/gX/wAE+/2krnwrbaP8evjxo/wr8NzXt3qF58N/2Y7We/8AFE0V19n8/Stc/aF8f6Nb6h/Z9xb/APHz/wAK5+Evw+8Q2l39t/sX4g3v+hXtfo58Ff2ZfgX+zxa6knwj+HWh+F9V1vyv+Eo8YXEt94o+IvjKWP8A1E/jf4m+Kr/WPiB44ubfPN14o8T6pd2Y9cV7tRX9O4HLsvy6PJl+FwtDyw1u71xOIs69f0rLq9jza1ariZ+1xFX6xWfT9X02b2/yCivAf2hv2ofgj+y34TtvF3xm8Z2fh5NVuJbDwn4X0+1n17x58Qdfjg8//hHPAPgfQ7e48T+L9Z/5+rXS9LurTSrT/idaze6Lotle3tl+Xum/tCftIftbapD8StF8f+MP2SPh14V1TWbPwP8ADfwGPAHij4oaxfzWPkf8JH8cNc8Y+H/iP8L9Q/4l2o/atB+F/hfwvq2k+HtW/wCJ1e+P/GetWVn/AMIzhnOeZdkeHeKzPFewpX63+sr/AMms3/V1a8qoYXE4yfJh6X1j8P8AgdfL83L68+APjjw/+y74mv8A9kH4tarp/gmwXxh4o1T9k/xZ4guoNG8L/FX4X+MvEeoeKtK+FfhzVb77Po//AAtD4L6h4gufhzd/Dn7UfEOrfD3SPBXxA0Wy1mz1rWv7I89/bm+JPh/4m+PPg/8Ass+EdSs9e17RPiT4O+PHx0j0u6+1RfDnwH8Kr648Y/Dmx8RzwTG30fxR8QPjDp/gP/hF9B1TN3q3hPwn8QdasrQWWjZvfnfxJ8BY/i1dabdftR/Evxx+1ja6JJLcaB4T+Nml/DL/AIVfoN/dQXNjNqkHwk+HHw48AfDfV/EH9n3F1aWnijxl4X8WeIdItLu9stF1rRbO9vbK99I8B/DX4c/CvRf+EZ+GPgDwV8OvDn2iW8Hh/wAB+F9D8JaN9vl/199/ZWhafp+n/aLnP+lXZtvtfPToa/NeJfFLL8ThMVhMpwuJxFbEYb6r9b/3bDP6z/zEb/WNdNrfvtXbY9jL+HsTCdL6z/Bw/wB3rffXR/Cr36WTO2ooor8FPsTi7e+XRv2rP2A9c2H/AEb9qDxHodxJ/wBO3jL9lD9pjwt5H/Xv/bGsaXddR/pdpZ/7rfvlr6502bH8Ekefxn4/l6n8elfgDrn/ACWr9jYrw6ftcfDnZnn/AFvhz4gQT+n/AC73F139uOq/0Aa9/wAgqX/rpF/6ONf2J4OVOfw5x8Z3tQxWY/8Apijq9X1v2vv1sfhfiBFw4lpTX/QLQf8AXnrta3nH7Xn9FFFdh8mFFFFABRRRQAUUUxmxwOvc/wCR1/EY/D5gB9R+Z7fr/wDa6jooAlJwen5SZ/z/AJ9KTPt/5EqOigD/0f70KKKK+JlK/p9//tsf67W970Apu9fX9KbJ2/H+lR1IDmbP0/P/ANlX/Ppj5m0UUAFFFNZsfU+/8+G/lz74+WZSt6vz/PSX5a+dvdBGbHA69z/kdfxGPw+aKhvmznv+P5fd/p/Wiufnj3/ADc0tAIXbH/LTr749Of8APPGCK/E/9pzVG8Tf8FBviKr+Y9h8K/2W/gZ4T0vzIv3Vrr3xG+I3xw8Y+N/In/6edH8L/Cb7Vyf+PTnPIr9tdL/49n/3/wCtfhZ8UpbiT9uL9sM3HPkSfAO20/8A68f+FO6Pfe3TUNQ1Tv8AlXz3ixVnhvDfMIQ/5iHh+q/5/wBC/Z3+em+vwn1PA1KM+JMK57f7SreXsO/nzef6xtV5j8Vvi34T+D/h2317xR/amoXusava+G/B/hPwvYT694y8eeLr6Ceex8K+DtCg+zz6xrFxb291dXWLq00nSdJs73xP4nvdH8MaLrWtWXp1fJ/h/T4/Gn7XvxL8Sa1/pMHwQ+GfgPwN8PrO4/exaNrPxRn8QeMfiZ4jgg4zqHiDR9H+HPhe1uflu7TSPD+tWVniy1u9N7/L3h3wlHjPijCZTWq+wwmmKxXX/ZsP/wBA+i+b89Uj9c4rz7/V/JquYRpfWK1/quFW/wDtN9ev+fXRaHDeNPhX8e/2kP8AhD9e8XXmj/stXnw98SHx58LrzwPqlj8Ufi9o/iOXStQ8OeR44vr3R7b4T2/h/WPC/iDX9B8Y/DnS7X4haTq32uy+xfECzvLKyva6P9jfw3pN34JvPixrniTxZ42+N/jYx+F/jR4k+IH/AAjkXi3wv4o+HF9rGh6r8JINK8K6R4f8L+F/C3w/8UXHii10HS9A0O1tPEH9rXvjO9vvFF74oPie9+vq+WPg7GunftLftdaPpKBNBvLj4GeONQjj/wBVF8Rte8AX/hzxV+4wbe3uLjwf4H+F91ddB/pf23P+miv6N8WuHKPD/hossyHFYrL8nwGaYbE4rKvb4j6rivrH7j/aHfWuq/sa2z023XL+M8B4ylm/HX9uZtgMLiM+r5X9WwuafVsOsThsN/H+rYfEex/gK993bfW59X1R1XS9L1zTb/Rda03T9Y0fVrO60/VNL1S1gv8AS9U0+6g8i+sb6yvre4t7i3uLf/Rbq1urY2t31z2q9RX8bRl1X9euj8umvlc/ok+C9N/aA+Nn7EPxM1Xwr8E/s/xI+AOlR6N5n7M3jzXr20tfCVrdaVp99fH4EfEa9ttZ1DwB9n+0H+y/hz4otvEXwn/48tG8MWPwvsTe6zZfs1+zH+2V8DP2sNJvj8NfEV5pvjrw9b2tx48+D/ji1g8OfFr4ffav3Nv/AMJH4VnnuPtGj3Fxm10vxl4XuvEXgfxD/wAyx4n1vGV/Cf8AaC/5K/4t/wC4F/6iuj1866x4ZtdS1TRPEun6lrnhLxz4VuJL3wV8RPBes33hfx74Nv5P9fP4c8VaVdW+oW1vf/8AHrqmg3Qu/DviG0/0LxNomt6Kb2yvf3jhnjjE4fD4TDZt/t1L6t/vf/MT0/8AB/o/3z/5+u/KeJjuG6VWPtcF/s9b/oES/wBnv6q3sLPydtv5mf0UftwXDeNtH+Dn7Mtm+9/2kPixo2keOLf/AF3lfAz4Xw/8LU+NP26Dj/iT+OdH8L6X8EtU5/4/PjHZDjjb9KV+QP8AwTp8fftAftIfFr4u/F/9oLWfDfjOz/Z+8L6N+zB8I/iBoejf8Ivf+LdU8Rzaf8W/jvrniTwtY/aPD9v4huNP/wCGffDGqa94XOk+HtW1bwRrX2Lwx4Y+xXujV+v1fz349cSxzzi2ngsJV+sYPKcLhntZ/WcT/tGIS1f/AE5ouyVvY21ufJ4enOnOrz/xujev+7W9N/8Ah72uFV7q1t761ubO8hjuba5jlt7i3k/1UsUmPPgHT+X5VYor8LNz4c+MXwR1q10XxJb+Hbm8fSNY0fVdPj1C0i83VPDkt/Y3EHnzwf6P9o/s/wC0farW6/C9+xcGvy8/ZfT4O+MtB03QtHlt/hR+1L8E/C/hL4Z/Giz+Ffi2/wDhz8WvCWveDdK0/SoINV1bwdqGjax4w+F+sT2/9qeA7rxQPEHw98W+Hrqy/wBBvP8ATbKy/omr+MXVfhHpvx48T+Mv2hrHUv7N8Q/Ev4ufFr4qeD/Euj3Wq+FvFGheF/GXj/xBP4H/AOEc8ceFbnR/FGjZ+H9v4Ntf+JXdWv2v7J0HIr908JMmx3E0M6pYXNcTkNbAfVsThs0wq/5if33+z4n+DehiKHt+n/LrS/v8/wBjwxw3juMcdVwWH+q+1w+GxOK/2n/db+3w/r1rf3rd9kf0JeHfjd+198O9kdn4/wDAfx+0SH95/Y/xk8OQfDjxvdesH/C1Pg7o8HhfT4Lf/p5/Z98Rat0+23o6XvsGj/8ABRTw/ouy3+NnwE+PHwu2Hy7jxR4T8Jf8NA+A5Zf+oVN8Fv8AhKfihb6ef+gp4n+EvhS0P43psv53fDPxK/bm+Evkw6P8SLP4u+Hrb91HoXxk8OaV4ov/ALLF/wAsNK8ceB5/A/jj7R/1FPGVp8Qrvuft1fXfwT/bM+JHj74f2fxD+IH7KnxI0Tw9N4k8eeF7jxJ8I9Z0r406XY3/AMOfHHij4c65PfeDYLbwh8aP9J8QeD9UutLtNB+GHiy7+yfYvtt8L3Jb9dxWf+KnBFGlWzSrkXEuWrFfVfrP1ihh8Tq1/s9/9iruv+4/58Vb/gYcQ8FY7hyVGGZ4XE4D6w/9l/5icM++jUf/AHB6Oycv2n0746fsKftM6pZ2Oh/Gz4L+KvHNtHFp9vplh8QdD8OfFrS/NuP3GlX3hW+v9I8cafbi4uPtX9ga9oX2S7u/+XI8heu1L9lXw7Jj+x/FeuWGMf8AIUtbHVOn/XD+xxyO+Dnpg4r8n9N8Ufsw/tTaff6C3/Cq/jB/ZUeNd8B+NPDmlap4j8Oeabb9x4q+HPjjRv8AhKPC9xc/6L/ouv6DpN2fUYzXA+KP2J/h3HpN5/wobxt8ZP2SPGcOly6f4b8Yfs1/Fr4i/DSw0GKWf7fb2M/w50PxTb/C/wAQeH/7Qt7X7VoOveDLy0/58v7FvfsV7Za4fxuyGriaVDibhvM8prLz+sfVr38sFX+6hU9Xb3ccqzrirI6P/CJnP7nVfVf+YZ/9y9f29DR+fV2VveP1uuP2U9cXf9m8W6XN18v7RY31r14/5YXE+Pz59jVWH9lbxUzfvvEmgIn/AEzi1WX8P+PWDP5flmvwF8M+MP8AgrR4N8WXHwj0f/gpBqmifFS00u/8QeE/D/7QnwH+C3xa+Ffxz0bS/s8F9rngD4jeHPB/gf4keF/7H+0Wv/CZfDnXrrxZ4s8Efa7K9+3eM/DN7Y+NNZ6e++K3/BdXS9B8Q+I/j9+3h+xP+z98OvDGmSapq/jz4R/s+z/EbxHFa2vE/wDxKfipo/h/w/b3E/8Ax62v2W28RXV3d/Y7Gy0S9vR9ivf23A5fw9mmEp43BY/C4jB4h/7Knia+/wAqCfb/AD3UfWh4s+IDgutrP/dsBv8Aete/tvWz3P3xsf2UZNwfUvGcQTzPuafo3+ti97ie/wCv/bn/AN9Z+XU1z4P/ALPfwv0k+Ivix4t0vTfD0L/6RqHxI8WaH4X8J+bF++8i+8658P6fc2/kf8fWl6pc3Vpd2n/H7ZHHzfz+/C34K/thfHy4fxt+1X+2x+2Zqvwu1Wzuo9H+C3/CwdK/Z81nxvYapD5E+ufFSw/Zs8PfCa48DaPrFvn+y/g5pevavq2lWZ/4rTxOl5e3vw90P6o0X9ln9mHwLc/8JZD8G/hn/belWfz+O/GGjWHi3xba2NhB0n8f+OF1jxR9nt7f/n611bQ9O3zfk2feLXBHDmOqYLLcLis/xuHd/rWG/wB2eJf/AFE4hf8Apmg6Ortu1HkxXGXHedYfkxeaewo19tKGFt6+woP7nX7Wavc/RjUP+Ci37H+j20OkfDPxnqHxsewji0/S9I/Zn8B+KvjJ4ci+y/Z4INK/4Tj4f6PqPwn8L29t/wAev/FUeMvD9paf8eX20fw+Y61+2p+0J4wV4fhj8BPDfwlsJvueJP2hPGVj4o8UWH/Tx/wqT4L6zrPh/WLfn/l6/aB8PXf/AE5HkWXxBcftZfDXVJn0v4N6J44/aK1K3k+x+X8DvDkHiPwjFLFOIbiCf4ua5qPhf4HafcW9x/x96XdfEWz1a0+yY+wnGV+KPHH7ZX7X3iLxv8SPhx4D+DPgP4P3nw68SaX4X1zXPGGqX/xf16W61nwD4P8AiNBPY6V4cuPA3gfR9Qt9H8caDa/8jl43tLS7tLz/AEO9sjlfEo+IXiNxZiauXcOZNlmRVvq31lf2nif9pw2G/wCglYesqH7i9f8A6A6t+8VZHh5VkNbN8XSwWC+tY7GV/wDmFw364je9tVeuvlZs/T3xdZ/Eb4iWl5dfHz48eOPG2g+XdXmoeC9Dv4Pg38ILW18j/T7G+8OfD/8AsbxB4p8L/Z+LvQfi148+Juk/ZP8Aj9zivnL9lGy8G/Fv4vePPGH7NOg+F3+BfhzwP4S+C/hPWPh3YaVpfgnxl4o8L+K/HHiPxxfeHP7K+z6Pc+D/AAP/AMJBpeg6V4otR/ZOq+IdW8aWVleX1jo3227/ADL8RfB74wfGZ/M/aA+K/iz4l2bSRSSeF/FmqWNr4Djli/1H/Fq/AGn+FvhvqH2bj7Lda9peratZ9DrZJxX7Mf8ABHtrTwb4f/ac+B6zRzP4P+LHhf4maP5cX2UReEvi14A0exgg8gg/6OPiB8N/ifdWv+l3f/H31NfK8f8ADXEmV8LZpn2fcSPPsyX1bC/Vf3/9m4bDYmv/ALxh1eh+/wDbqhQt7GltV1d37L7HP+As24UynC5zi8JhcO/rSwrwq/2jE/7vW/3jEcr/AOfCVv3t/wDn6rWP1D+G3w1tPBNs91dPHe67eR+VcXMf+qtYv+fGxHfr/pV1/wAvf516jRRX8uSlOU/aT8u68/P/ANu+X2vz6pVnOftJ2/z19PldfctFEr5D/amuG+HOsfAT9pu1fyV+BvxY0vR/iBcf89fgZ8c7i3+FfxN+3XHP2bR/B+sax4D+N2qf9Onwc7cGvryuN+IngXw78Uvh/wCOfhp4vs/t/hX4h+D/ABJ4H8SWf/P3oPi3Q9Q0PVYP+3jT9Quh/LP3W+h4Tz6fDPEOVZ3Bf7hisPi/+5Zf7zh3rp9Yoe3o9F0tupYVqftaPs+39Lt+vyuj3jUNQsdJsbzVNUvLPTdN06zutQ1DUNQuoLWwsLC1g8++vr6+n+zW9tb21vbm6urq6/0S1tOcrnFfjT+0p/wVE1a6gTwr+xn4e0vxbDqv2q3l/ac8c2F9L8FrCKL9xPffCTQ4LnT9Y+PGoQXH/Hrr+l6r4e+Dn2v/AE2z8Z+M/sN74Yr5l+CbfHL9rL4b6I37cHiqPxPffCLxJr3wf8Qfs/8Ahvz7D4QS/EL4I65ceAPEfjj4mwT3P9ofHDxB4o8UeF7rxlpf/CZ/8Wy0m01bRda8MfD2y1o/8JPd1v2qpoV8WeGNNhSOFLPwv5kccf7qKKK61XUIIPI6D/mH+v4j+H+5878RcPRx1XLckpqvW/6C9Pq3/ctp++/6/XdL/p1WuuX1spySeOhSxOM/2elX/wCYW+/4XWvq9FpDaPx3/Yuoal4u1X4kfEDxP4o+KPxa8Q2cVn4g+KHxAuoNT8W39h5/26DQ9K8jTbDRvB/g+2uLn7Vpfg3wHpXh7wnaf8ftlov229vb69+5v2Tda23HjDw/I5+e3sNYt4+n+q+0WN99M/aNLP8A+o15ZJ4PXxJ8EdN8X2EMY1XwTrOqaPrHlxfvbrRbqe3voZ58f8fFxo9xqP8A4CXd7/z5U79nDVW074paVb79iaxp+qaXIPb7D/asHr/y8afa9PzHBr8uzXFVc0pYutXq/WK36Yb87rvb0S0PtKdGlSo+yw9L6vQ/p/52Vuu8teX9IqKKK+GMQooooA4W4tZtS/aU/YP0WFN76r+1h9okyf8All4S/Zz/AGiPH8/Y/wDLv4P9R7ZIr9+te/5BUv8A10i/9HGvws+FOmt4m/b0/Y/0NRcP/wAITon7SHx0k8uPEUUXhf4daf8AA8zzcHpP+0ha2vfP2sZxwa/cvxJJjT0X+/cR/wCe38jn0XBr+yvCel9V8NPbda+KzDt1/cea2oW1fkr2Z+C8eVHPifkt/u+Fwy7f9PtN9f6TWrOHoqP/AG/0/Tr/APYe3+1UlbHzIUUU35f9n/x2gA3r6/pTfM9v1/8AtdN3t6/pTaAHM2fp+f8A7Kv+fTHzNoooAKKKKACiiigD/9L+9CmM2OB17n/I6/iMfh80VFfDnoBRRRQAUU1m249/fH/srf59c/KzzG9B+f8A9rrN1P8Agtv/AO1/9u/yAe/3T+H86hpSxbHT8Dn+g/mf0pKxlK3q/P8APSX5a+dvdAooorPWD8/u/wDkrbefyuBuaW4MLrn/AJadPfHrx/njnJNfil+0fpc3hv8Ab3+LscjyJYfEL9nj9nnxzpXmxHyrvWdC8VfHDwD4xt4JufPOn6Po/wAOrm7Bxj+1rMe9ftLpUmJHj/vR56f88uv8XoP9r/4r8yP+CivhRtA8ffsyfHiGL/QLDXfG/wCzx40n3eXa2GjfGqy0DxH4H1vVZ9rcW/xQ+E/hf4c6CMtjVviyVAC3l6zefx9l8s48Oc6w9H+Ph8N9a9fq9f6x8v3FHXT7z6DhTGQwfEOBnL/l/ivq2n/UR/s/Z6+d9OiZ89V8i/EaTVPgj8bv+F6Lo+sa38K/iL4L8OfD/wCMj+H9Lv8AWdU+H2s+CNV1/Vfhz8VJ9D0q3udQ1Dwfcaf4w8UeDfiNqml211d+HrS1+H3ie9s28MaJ4n1rQ/rqiv464R4nx/CGd4XO8u/2ith/+YS2uJwr/wCYdNaaW10+7U/cM7ybDZ5l1XL8X/BxD+X5+ve/ZaHyLqn7X3w51xZtF+Adrqn7Rvj+5kks9L0T4Z2t7f8Ag21v+8/jj4tnT1+G/wAPtH0//j51S61TXv8AhIPsn/IseF/E2tNY6Ld+nfAn4X6t8M/C+sTeL9as/E/xO+Ivii++InxU8Uafaz2ul6r4y1mx0/SoLDQ4JwJ7fwv4P8L6P4W8B+DLW6xdjwn4T0a91rOtXt7e3vtlFfY8f+Kubcc0qWBlhfqGW4f/AGn6rhf9o+s4ntiMRe6t8/Va83h8LcEZdwzOpiI1XXxmI/5ivPXt+ln3vrEKKKK/KT7Q/N/9pCDyfipqsn/P5p+jT+vSxt7Hpx1Nvx+XP3q+dda1ax8PaPqmvanN9m03RNPv9U1C4/55WFhBcX084Pb9xb+/4da+vP2rtKaHxZ4b1fZ8l/4fl0/P/TXS724nn5297fWLX1x6nGK+PfEGg6X4n0PVfDuuW0V/o+t6ddaXqlnJ/qrqwuoPJvrG4x/y73EH+i9V+p/h+5y6UJ4fCc6tQb9V6dOn/DraPZ7/ALH938v637b/AJn72fsC/CDWPgr+yX8H/CvirTZNJ8f69od/8TPiZp9x/wAfVj8S/i1quofEbxjpU8+R5/8AwjGseKLnwvbc/wDIJ8PWVnxZWJC/YlfzL+F/jh+1l8NWT/hWv7TPjV9NhwLbwf8AGjS9K+OXhIf9d9V8VfYfjQbcc/6La/GWztP+nIf6FX014W/4KdftM+HfJt/iR+z98I/idbJ/x+eIPhP8RvEXw01mX/j4/wCPD4ceP/D3jnR//Ar4yWmenHWvx/PvD3iTH47H5pSq5Zj62PxOIxOmJ+r/AO8abY9UaH/let872l8HUyrMMN/Ewn1h/PEa/d7Z69fYWXRH7nUV+Xfhn/grH8CbtoofiF8KP2lPhLM8kUcj6x8Kv+FoafDJLB/r4J/2evEHxguPs/8A09XWl2d5/wA/tjZZ3L9TeE/20P2WfGlnNd6L8b/A9s9tbm4k0fxRfz+B/FHl+R53/IneMbbw/wCKLi5+z4/0W10v7V/y5c3uQ3xGN4U4hwLviMmxXsdvrfsPrOG/8H0LUd2t9NnZ7HBJTg0p2w7fr17bbfNv5WNL9r/4lXfwb/ZT/aO+KOmvs1jwN8E/iV4k8N+X/rbrxRYeDtY/4RWxg4/4+NQ8Qf2Za2vI/wBLu+p4Zf56/A/he18FeCfB/gux/wCPTwl4X0DwvZ+VxF9l0HSrbSoP73S2t8/h0OcL9A/8FVf21NW1jwf4k+GPhfXvhf4e/Z7tvjR+yX8M/iB488SRarda98Qda8ear8N/2jNV0PwPrn/CYeGPB/gfwvo/wPuNC1TXvFGvW3jf/hIbTxZrWi/2J4Y/sY61e+MafqWm6xZw6npOoWeq2F1H5lvqGn3UF9a3UX/TCaDdb3B9P68Kv9beDvB2Z8NcLf2hmWF+r1eJfq+Z4X/sW+w/2fv/AM/63TTbU/oP6PssHiZcU4ulWvWoYnD5Xe3/AEDe3xGIb03/AH9H8veteN6v0e/4J+/AbT9X/Yh+APiix1K803UviF4X1n4sSfbYvtVpdf8AC3/GPiD4qwT8i3uIPtFv4w+1dvUWfavyf+LXihvA3wr+JfjRfML+Evh/4z8Sp5f+t8zQfDmoatB5HX/SALf/AEXGB3/2a/oS/Yn1z4d6p+yv8CtB+GPiGPXvD3w0+Gfgj4SXnmWGq6NrOg698LvCuj+Dtc8OeKvDniPT9J8UeF/FGj3Gj/ZdU0HXtM0rVrTrfWI+22VeL4+VsZS4Yyp0qeK9jiM0/wB6/wCYa+Hw9f8Awv8A5f8A7i3artubePGZeyxnDeBpVP3zw2ZYl9L29h93r+CveXzn8Yv2L9C+JAs5viB8NdD8bXmiebJ4f8YaPJcWHjfwvLL/AMt/B3jHQ7nRviB4P1Dg5uvC+qaTdjveDivmG+8B/tK/AeR5PCusax8fvA1t/rPhn8Wbqx0H4yaXaxY8+38D/Fua3sNG8YfZv+XXQfi1pVrq2rXf/Ia+NFlX7pU2SKOWN45I0mR/9ZHJ+9h/PHpz0b3PGG/mPC8R4ulR+r1v9uwfXCYr/dnf/oH2+r9/3LpVtlpsfgP1r3+adO9bT/dvn3tfTpZ2/m6H4fyX3w1/ao8EzW+j6hrHh7xZ4G8QafqloNU0qfw58Vfgj8UNLguZ9DvtV8OaqLfUNH1C3t7i6xa3QvPCfxC8Eate2X23xP8AD7xPetewaTpdx8cvEXhvVvH2lR2+ifB/ULS4vPB/nTyaDqnx30b/AI/tcuLefnWPD/w3/wBFuvhzdXX+iXXiHxF/wk97Z2WteC/DF7a/q38QPgP4J8ZatYeNtL0rQ/DHxR8PWf2Pw/48t9Asbq7l0vz7if8A4RTxjY4gtvGHw/1C4uCdU8MardA2l3d/214YvfDHjSy0XxNovmNj8E7H4jR6rofjDwDpfgbwNNrF/qHjjwvp9tB9q+JfiO6+z/btK/tyC2sdQ/4VB/o//Lr/AGTq3xM+1/2L4nsdG8F2Xifwx4z+zyvjjF5bkea5VluLxOAy3H2+tYX/AJiML0xH1e/8f6xh/wBz9np7T2VueRLHWl79Oyv3/wB6268v9dla0vzp1L44eLviFq1/4T/Zp8MaX4w/s28utL8QfGjxhLfWnwR8L6paz+Rf2OhXGlfZ/EHxo8UadcD7LdaD4Du9I8JWl3aXui+JviZ4Z1qz+xL02gfsPzfEC6tNa+OT+MP2lteS4ivbe3+IlhBpXwb0a6i/fwf8Ir8HbE2/w4t/7PuM/wBl6p4ytfG/je0/5ffGt5n7bX7JaH4b8O+GdPsNJ8N6Dofh7StJs7XS9L0rQ9LsdLsNM0u1g8ixsbGwsYLe30/T7e3xa2trak2lpadgTW1XycuI5Ya1PKaX1Do8U/8AecT5/WbPr/y5oulRe/70UsTz/wAWn9Z79cNfZ2w935a3l6K1z5H8M/s86ktvbQ6neafoNhbxxQW+l6ZF9qltrWHmCCDyfs+n2/kdbX7KLr6kg7fxt/aE8Eaf8Nf21/2ivC+m/bPs3ifwv8B/ixH9tl82W6/t7wdrHwr+3f8ALvB/pFx8F7q15/59MDPRf6Sq/nb/AG5viJ8PfEX7f9tpPg3xD/wkOvQ/s53Xgf4gSafYarLoOg+I/g38Tf7cg8K/8JH/AGePC+oeKNP0/wDaAurrXtB0vVL3VfCf2uyPiex0T7bZC9/TPAvF4utxlVjCl9Yo18rxH1pPT6t/tFGv/tD3t+420/fdr8x934aZn7HjrIfa1f3NfFYnDPSz/wBowFd2/pffdnldfQ37AviT/hFf24LzQWfybL4zfs1+I47jHnmK6174GfEfwvqvhyx/54faP+Ef+NHxGurXj/j00m85XA3fPNeL+IPjTqXwp/aQ/ZFv/ht4/wDhf4b+LVz8bLrwXp+n/EC1n8W6XdaN8S/hZ4/8D/Ydc8EeHPiB4A8UahYah4o1jwb9l1S1137JpOrf2NfXtle86Le/1FxJw9ieLMgzPh7CUn9cx+F+rYX/ALCf4+H+ft/Yd+/VKP8AQ/i9Tw/+oWc1cQ/9weGxXr9Xr0a66J6UPbeT10jdM/rgor4++C/7ZXwr8efC3wl4v+JnirwJ8IPGd9aeKLPxp4P8SeMtKsLDw54o+HPxG8UfCTx/Y2Gua5/ZA1HR7f4keB/FGl6Bql1baPeavpFp9t+x2Wb2ysOK8af8FLf2R/B7fZrTxf408f37yeXb2/wv+EHxb8eWF1L5/kYHirQ/B8/ge26/8vXii1x6tmv4MlwnxJDHYnLFk2afXMBisRhcV9Ww9fE/7Thv3GI7LX5rrpdn8X0ZxrRpVaOlHEKzXz8/Lv0R97UV+PPif/grFqF4rx/Cn9kv4l6q/W31T40ePPhz8JdBuv3/APr/APijtQ+OHjC3t+o/4mngy0u+/wBiPFfN/ib9uP8Abs+IkyWOl+LPg38DbC7kit47T4Z/D+/+Jfjy1lk+z/6jx/8AFS+/4Qe4/wC3r4Djr35sq97CeGnEmItPEUcLgKPbFYih/wCo9D29f/yjfyS0O6lgsdV1o4XE/wDqP8/3+iey9Vo27xPtLXvDN18NP2tvjfoa232bwl8b/D/gj4+eF3H7m1l8b6Xpdv8ACT4xaVYwYP2f+z9P8H/BvxRqnI+16t8Qr2+5vfttfEf7SGpfbvilqturb00nT9G0846/8eP9q+//AC8ahngfnivsnwv8J7PR9e0rx14s8ZfET4o/EnTdD1TQv+E8+JHjK+16/isNe/sebxHY6H4dg/s7wP4H0/WNR8P6FdarpfgPwv4TtLu70my+2m8+xYb85vG2uf8ACSeMPEmuq++LUtcv7i27/wCiyz/6D6dbf7KRkflwK/Wshozj7KnKp7eth8Lh8L9a7/V37D+Z2/cUP73mtbH12T4ethsM6VXTy/R7fl5+Ufp79li+g1LT/HPg/UEjubO8t7S8FnJ/qpbW6guNK1X/AMl/svY/hwG8V0fS7j4e/GfR9Junx/YnjTS7P7RJ1l0u6voPIv8At/x8aPcfaunPtgCug/Zr1b+zvihYWnOzW9L1TS5P+2MH9q9Of+gP/e/76OBXoH7UGgtpPibwr44s0/4/I/sd52/0/RpxPYzz5/5eLi3uPsvbP2T2w3cpcmY1ac1/vGF1+S16Np9rb91dI9K377k+d/P0vtf+/wDI+3KKajKy7l/i6/5/D+vc06vlTkCiiigDuf2GNCPir9tz43eNpE32HwY/Zw+Gfw30a8PnYGvfHPx/4w8b+P8ASs4Nv9osPD/wX+Dep3WB/wAxey5GS1frn4omwtnD/wBdZH9vz46+2RnnNfnt/wAEtvDxl+DPxT+Nk0LfaP2iv2iPif450+SSMCR/BHw5Oj/s8/DmeHMFuTo/iHwf8GNM8eaV8p/5HU3oO++vC33n4il8zUnUfcgjij+v/j3r9PXPGW/uzJ8F/Yfh9k2XyX776rhlrp/tOIXt8T93y287y/mvPMV9fz/H4mOv+1duuG/cd35dX5Wfw4vme36//a6joorwzjHcoff+f88frj3o3t6/pTaKACiiigAooooAKKdsb0/WneX7/p/9soAjoqxRU88e/wCAH//T/vIooor4c9AKKKYzY4HXuf8AI6/iMfh80SlbRb9X/S3+at8veAZscDr3P+R1/EY/D5oqKKwlK3q/P89Jflr5290CrlvZTXC+Yv7tB/z0x+Z6f4fXGKp11Fv/AKiHHTy4sV35bhY4mtesvL56f3f63stpTKVvV+f56S/LXzt7uRJps6/Mvlvn/nnj/Ad/97p1HG7Of5flb5H9/wA+/Ht0H48BflHwl+298MtO17xD8Pvj3qth8FPH/g7xjqngPUdX8YSwaD8L/FGpW19jRL7w744vrg6R4fuPG+j3Gha/4f8ABfjvU/D/AItvLXxFZDRbLxPYm01u9+1MW17GkyiC5hmjjdHTEsUkcnTyZlwCD14POc8YrphgsDjYVJ5fi3iPYYr6ri/+Yj/acOv93W34JvzHWVXC+y9tS228/wAf8/RXOZhm8mdH/uSHv646e/fr+WK5D47fCPRPj58H/Hfwk1u9uNJs/G+gvZaf4ksIYJtU8JeIrWeDVvB/jfQ4Z2FufEHgfxdp+heMdANwPsw1fSLFjuAIb1H+zLP/AJ5L/wB/Z6uRxrGqRx/Iif59unbrntt5au/A4Krho1aWJviKNfTff8Evk7/qc06nv88NO3kfgJ4VvvEFxpsumeNtOt9A+IXhXUL/AMH/ABE8P2ctxJa6N430Gf7DrkFjPP8A6RcaBqE//E+8G6pdW1p/wkHgjVvDHifDWetWRXpa9Q/bK8UfB7TviXD4w+F/i3Q/iB8TtQubbwZ8XPhP8N9QsvFHiOWWwhMPhXxhrkGl3B8P+B/EHh4Y0DU7r4jar4StPEPhP7Gf7avbz4faJoes+MaHNrl1ayXWvWdnpNzPJ5lvpdpd/b5LC1P+ohvr7/R7e41Af8fV19ltfslp/wAeVlea0bL+2rv+EuPeF/8AVPiHH5dSq/7HricKv+obEvrp/wAuNe+2yt739J8OZx/bWWYXFzpfvb/7V6rfd636Xk9r2W0tesPVL77PqvhuwV9j3+oX2+Pr5sVroeoT/pP9lxW5XlfjDUPsvxK+EVjz/p8/jjzP+3Xw3+OP9IuO5/PNfF0Y+0nyeWvTz3/rt1PoYfEvn+R6jNNHDH5kz7EMsUfmY/56T+R6j/0I0+uL+JHmL8P/ABtLC8kM9t4X1+4jkj/10UlrpVxPB2/6d8dP+BDmpPAPiqHxp4R0HxJD5W7ULOL7ZHH/AMstUi/cX0H/AG76hb3X/br6dWPZy9j7bXvf+tfnf/t37RJ4v+1JoDah4FsNciTc/h7WIvtEn/PKw1T/AEGfuel//ZfYE981+f8AX69eKtAt/FHhvWvDt0NkOsafdWe//nlLLB+4n6kYtp/st10z9MGvyT1LT7zSdQv9L1CH7NqGm3l1Z3lvJ/yzurWfyJ+c9B06e4PJFfR5NWc6Psv+ge/W3Xr93f77s6qMvc9n07fp5fdr5WKNFFFeybBTXRWXB+dH7/5B4Hbj8qdUF1dQWNrc313NHbWdnby3l5cXEvkxWtra2/nzzz8t/o9vb/7PPqeTQB5N/wAE8f2gPhP4b8XfArUvj5420fRNH8JeNPjTqGqap4givrrTxf8AwR/ZQ/Z+/Yf0OfXIILfUDb/8JBo9x4ytrW61RhaXZ0nxP0+w3v2L9nLHwD/wRn/aE1ia78J/8MP+IfF+q+bJqN38K/GXwy8D/EK6lup8zz6rP8Odf8L+MP7Q+0d9Uxdnt6V+Fn7Hfwx0fwj8Pdb+JFvpUmm69+0D4x8SfGjULe8z9q0bQfHniPWPFXgfwf2/s+38P+H/ABDa/atL4tbTxDq3ie9wftmK+l/EHhDwp4st/sfirwx4f8T2fl+X9n8QaNpWsWoil/5dxBqttc25/M++c197xvwNDibNsLmWFz/M8ixmAyvLss/4TcRa+Gw/S37l3+sV/wDn962+163DHgDjP7DwuOlnPsMZj/8AhT+qPLf91+sf7s/rH1iir+w/jp0ZW16/D+h37VX/AATP/YX8P/swftA+LLrwT8TLDSvCXwX+IvjmR9P/AGlv2k5bX7L4S8K6j4qP/EqvvjDf6PcW8/8AZH/HrdaXeWl3a+nG31T/AIJynXrrWP2vdU1jmab40fCrS9cx5Hl3XxB0v9kn9nj/AITi+8iD/R7e4/4mGgaXdcf8fek3tkc/Yq/Fpv2f/hHFpWraLo/hL/hDNG16zutP1jS/htr3iP4X2GqWF1BcWN9Y31l8OtY8MW9xb6hb3F1a3VrdD/S7Tm8BwRXV+C7Pxt8HLW/0v4Y/tLftCfDqHxP4k1TxJcQSfFq+8Zf2p4o1mf7fqt8P+FuW3xA+36hcf8vX2o3d3d2lrZdP4fBxXAef4ngXPuFMRxbis/xmb5nl2KwuLz32/wBWw2Gy72/1j/l9jbe3b/S+7OHNPAfi+eaYXMI5hldelQwuJwr/ANoxH1n/AGj/ALgeX/P5LrrblP6sKK/m4h+Pf7alhHBHp/7aXxQvEg/d+X4l+FX7L2sxSj/pvPpXwH8PahcZ/wCvr19MV0cP7Vn7c1tH5f8Aw0b4YvP9vUPgP4Hlk4/7BWo6Pb/+Svtz1X8UqeAPFsX7mPyHEpvT/aMe7dt8Hb/P+7ozmqeEPHEG+TAYWv8A9zFB/wDuxd9ei+Wx/RJRX89Vn+1x+25HOkl98ePB9zCh+e3t/gZ4btZZf+28/iC/7d8HHPHULu6t+2F+1xcW6Lo3xh0fTrn/AJaXGofC/wAHazF/2wgg/sj/ANKrw9u4rH/iA3GX/QTlf/hTif8A5QVDwh43nDn+oYZeX1mj+m2mu336n78UV/PD/wANaftzcbv2gfA/X/ln8B/Dnm/+pR39+tY99+0t+3JqTfN+1jeaInTPhf4I/Be1l4/7Grwx4wH/AOrvya0j4CcXT/iY/IU+tsTiL3+WCX4b3vpsRHwj45dr5Vo+n1nA3/8AT36v8uX+jav5x/2e/wBnH4S/tHftDeG/APx40rxhqtz8OpP+CjHiDQ7fwv8AEvx/8OZZfHlj+3PceFfi1fa5qvw58T+GNY1j+2P+Eo8B69a211qv2T7Jd2V7gfbf9N5HXPjF+1BeMlz4q/bY+PD2z+Vbx29va/AHwHayyy/8sPP8AfBfwhqH2i4/7CZuvXHNeFWvwP8ADI17VvFeqeLvjR4k8R69qevaxrGqeIPjx8Yrr7ff+KP+Ef8A+Ejnn0qDxxp/h/8A4qC48L6Fda9/xKT/AGtd6TZXt7n7FZCv1ngDw2z/AIRyji7BTz7C0MZxNleGw2FzTLPb/WcLicPiPb9sH/y4skqLS731E/AnjXHYzAYh1cswH9n4r61/tOIxC/5h/wDpxRr+v2l5u5+2PiT9gn/gm78LbN9W+JnhXw3pWjukskknxw/aC+KviLw5LFF/r/Psfi58WdZ0f7OD/wAfX+in046t8k/tTfHD/gmH8P8A9lP4x+Cf2Y/F/wCynpvifSrPwl8RNI8L/s12vge6utY8T/CXxx4X+Kmhw+f8JNOvre41j+2PA+l/Zf7Uuftf2u0suma+FdK+B/wZ0G8/tLSfhX8P7bVW/wBbrv8AwiWhya9df9d9bnsLjWLjH/Tzd3X45xXqCIqqkYSNESPy0jj/ANV5X4Y6Z9fyrvyvwwxeGzHL8zznjjPc+q4DFYbM8N9ZxD+rLFYav7fX6xXxq003Wu2lrx+y/wCIB4vH0qsMz4kwtsR/0DZd9Y+7EV69DW7dv3P/AIFqfLvw38Uf8JZ8dv2nBZ6lZ6l4e8E/ETxd4P8ADdxp8tvdWEth4o+O37QH7Qp1WxngH2e4t9Yt/jxa/wCk2uPtdpZ2QGMk19CV8pfAP4e+Hfgj8TPj98K9DsPsmmeIfFGg/HDwuf8AllF4X8b6Hb+Dp/Cljgk/Z/B/ij4f67a2ulkfZNJ8PeIPDFkNtfVtehxhKE+JM0qxouhRr4r6188S/b9b3+drJ9T4DKckxHDuBpZDi1/tmU/WcNi7dfq+I29f8vPmiV618D/DjeJviV4btym+30m4/wCEgveD+7i0b9/B5/Ix9o1H7Na9eftffmvJa++/2YvA8mh+GbzxZfQ7b/xPJFHp/mcyxaNa/wCon6gf8TCf/SuoH2Szshzg7viswxH1bD1Z+dvx/P0T+W0uypLkh/W39en4Wl6f8YvFC+E/h34k1BX23lzaS6Pp/wDz1F/qv+gweR93m3t/tV197H+h9Bglvy1r6g/aZ8fR654gtvBumTF9P8LySyanJH/qpdel/ceR9dHgxa5OP9LvL2x92+X6wyrD+xw/PU/5iL+XX/t7+tFe/NGaMbQ9dP6fo+33nd/DHUf7L+IXgy837I08SaXG8n/PGK7vrexn5x/z73HofxxX3r8fvD/9v/DHXgqb7nRPK8QW5/55fYP+P7PIwP7HuNU9fccCvzXs7qSzvLa8j+/Z3EVxH1/1sU/n9eTx06j+Yr9hL6zt9V0+8sbj57PUrOWzuP8Apra3UHkT/X/R/oPX1blzWfscRhMR6euj8kktemvdvSxNW/PRn/VttX+HwLv/AIq+hzNcaLo9w335tLsZP+/tjb+nr6D8e1alZ+k2rafpem2Ej73s9PtLKSSPtLawW8Gevpzz+O3o2hXzs/ify/I5wrx/49eKvEnhH4T+LbrwPHHc/EjXo9L+H/wrs5P30V/8WviXrmn/AA5+FdjP5H+kfZtQ+IPijQbW6HP+ifbbzJ617BVT4HeDD8cf21/hh4bZPtHgn9lvQJf2i/iAOttd/Efxdb+KPhl+z14cveR9pgwPi38UfsuDdaR4g+Hnw/vmwt5ZV9dwNkU+IuJ8qyvejXxTxOK21wuH/f4j8vK22tkzxuIcy/svJ8fiv+X31X/Ze6xP/MP2v9y72f2v2N+CXwq8N/AX4NfCr4L+FN7eFfhF8OPB3w80OaYATS6V4J8PWHh22vL0hQDf31vp32m6ueGurq4umk3E72juJmuLiaZvvzySyfXp9c/h+mcV33iC6+z2Don37nMfX/ll/wAt+xxx7flXndf2XxRi+etSw0P+Yf0Wt9f5tfX11sox/m7CwvDnt/T69PTbXfSwUUUV8odQUUUUAFO2N6frU1RhP7x/If8A2Y/l+VTzx7/gA3v8u7+v6f5/SpNi+n606k4+77dPbp1rOUr+n3/+2x/rtb3gWiiipAKKb8v+z/47R8v+z/47QB//1P7yKKKYzY4HXuf8jr+Ix+HzfAylf0+//wBtj/Xa3vegDNjgde5/yOv4jH4fNFRRWcpW9X5/npL8tfO3ugUUUVPwed/lt/4H38vmAVuabNujeE/fQ/us5/1XqMfj2HY8YIbDohuGhkR142fj/MDGOvU/pXTgcR9WxPMu9/Tp91v8rKycpn8L+X5n5g/t7eDbD4X+NNL+O2oQW0fwo+Jx0L4YfGOS7tfN0bw543u/I8O/DLxxrnyi2t9A8cQXNr8HPFOqaoTnV7T4L6LZ2Qsr7WryvjHTPgn4N8Pwhvhb4h+KHwTs5vKngs/gJ8afip8G/CMskv777cfA/wAOfGHh/wCH+oXFz/x9fatU8LXn2v7Z3+2jb/QN478D+DPiz4E8W/Drx9oNn4p8B+PvDuseE/FvhvUxOLDWfD+vWE9hq1jcC3Nvcwm5t7gqLq1uLO7s223lldWt6odf5efiBpnxl/4J6/Fq2+BfxGvNQ8efCzxDcX9x8A/iPrn7qP4i+F7T/TZvCt/rnFvo/wAb/BFgD/wmOhf8efjfSbT/AIWd4Y0azsr3xRongz8n8VOD82wOLq8Y8KYrE4CtX/5Gn1XEYjD/APcz/s7frXta38WzWh+ncD5vgcdR/sDOKWGxFr/VPrPd/wDMPfmX/cDtb7Oh9WLpXxgVfK/4a3/ase26+XJ8ULIS56f8fv8Awi39od+v2r/vo8rg6h8HfDHiNXj+IniH4sfGS2m/4+dL+Nnxp+Lfxf8AC9zL/wA9/wDhAPH/AIv1/wCH1v6/8SzwvaWnA9qk8D/GPwP48WKLTdVTT9Vf/mB6p/ot/wCb6Q/et9Q/7dbq89umG9Sr+fcZxfxdVj9Xxef5mn55jiH630X3X8tbJn6PT4fybDT545XhVW7fV6D/AK1b/XZGbo+i6P4d0uz0Pw/pWl6Do+m2/wBn07R9HsINL0uwtf8AnhY2VjBb29vb/wDXr+BGM1pUUV8tKXP789tOmt9/k/8AwLtfoeqFfN/xg1L+zfih8DZvuf8AE81O3/7Y6pP4fsex/wCnj8u3avpCvjX9qi6k0/WPhvqEP+us5dZvIx1/e2tx4fn9jnHtnrwMjb3ZfHnxjh3WJbflquz79/LTRmlL41/XVH1J42t/tvg3xba9Bc+F9et/+/2lXFv7f+zZ7Y618Y/s0fERdD1qfwTqc2zTfENx9o0eST/VWmvf6jyOD/zGLf8A0X/r7tLLg/bfl+5H+z6xpfyvvtNVsP3cmP8AW2uoQ9uDj/R7j059s1+Pn762m/5aQzRS/wDXKWGWL88n8s+9d2V0o4nDYvDz7eVt3bT/AO2+/cqnHnh7Pp/Xra9+8vxvD9k6+M/2lPhbIzN8RtDh34jit/FFvGevlfuINd4H/brqg5z/AKFe5H+m12Hwb+PGm+JLWz8N+MLyPT/E8McVvb6hcfurDXscwHz8/Z7fWD/y9WvAu/8AlyJz9iX6YlhhuIZre4hjmtriOW3uLe4iMsUsUv8Ar4J4OCLe4/4F+GM1wx+s5biff/HTb5P8fV3taS96jL/h1e39f00fjXRX1l8Uf2bdUsbq51j4fw/2lps0ksknh/zf9Psf+vGefH2+27/Ztpu/QX3Svl7UtJ1bR5vs+raZqGlXP/PvqFrPYS59fInt7Y/pzn2r6nD4qjiYc9Gtbytf7/T0j6aHTGUJ27X6pP8Az/K/XUzq8R/aPmuG+DHjbRbOaSG/8bW+jfC/T7i35u4r/wCKviPR/hzYz2//AE8W9x4o+1Wvf1znC+3V4b8XF/tbxZ8AfCP301v4yWuuagnled5Wl/Dnwd4w8fwX3IH/AB7+KPD/AIXtec/6Xd2fPNe9kNL22bYGP/UVbt/u16/nsv8AP3tpdFHCrF4jC4B74/FYbDX/AOwiv7DbXv8AzfdfmPoq1tbextba0s4UtrOzt47e3t4/3UUVpaweRDBBwD+4t+OSP+Bc1Yoor9ZP7CCvyb1Kx8L/ALQ3ibxP8WPHXhvQ/GGia1qF1ofwv0/xHpdjr1jo3wv0G+uLHQ9V0qG/t57e3uPiBqNvc+O7rVLUfa7vSdW8MWV7t/4Riy+yfqpq2m2us6TqWk6h5n2DVdPv9PvPs91Payi1v4LiGfyL6D7PcW9x9nuP+Pq1Ju7T1PSvzn/4Vn+yT8O7Wz8O/Er9p+81tNKs7XS9H8IXHxp0rwH/AGfplrb/AGGx0ux8OfCS48H+KNYt7e3/ANF/4n114hurv/l9xivocgxGHw86tapRxMa17f7N9+1lt539T5niLSthfrFLC4jBf7R/vOJw+Gw31n/mH+se3u/4Ht/+XNb5WZl+Hbjx58F5k1f4S6lqGseG7b95rHwX8SazPf8AhfWbCL/XDwPqmq3FxcfD/wAUi350v7LdL4Iu7vjWtFF9e/8ACT2X6EfD3x94b+KHg/R/HHhO5uLnR9bjl8uO8tfsmqaXf2E9xY6roeu2U+LjT/EHh7WLe60vXtLuv+PTVrO+suRxXwLcXH/BP9Pltfg9qHxClh/0eO4/4UZ8WvHkUv18R+I/DGoaPcf9fX9vevSu68E/G74P/C+1v9F+Ef7LXxI8N6Vquo/2pqFv4L8B/CvwRYX9/wCRbwfbr6DXPH/g77TcfZ7e1tftV1aC757Ejb15lQnmT9ph8vxWHq6f8w/r5eTe7v0/u+dlmPjhMX+6q5X/AGb/ANAuWYmvmP1XE/8AUP7DBR9hr/Go3/6faXmqv3pRXx7J+1tdf8sv2dfjg/8A101T4Axf+iPjfcc/j+fRoV/a61CRv+TbPjrD/wA9Dcaz+z0P+/HkfHG4/X7H9eM15H9iZj/0CP7j6L+2sv8A+feJ/wDDdmP/AMoPsivjv42fHLxNJ4nv/hH8H7y303xDpUdrJ8RPiPcWsGqWvw+i1Sxt76x8OeHdLuP+JfrHxI1DT7i11T7Lqn2zw94T0m7sda1qy1v+2tE0S9m/4a4WNd1z+z38eIU6/u5fgRf/APkvYfG+4uP/ACX6eteH3WqfsT6leXur+KP2TtU0fUtb1C61DVNUuP2cxr1/dapf3H2i+vr+b4c6f4o1C4uLi4P2q7usXf2r05+brwWW1sPWVbFYDFYiirdvv669N9Olzyc1zX21KlRwtT6uv+Yr6ysfl3+zf9Q+I+pP2GjX77b/AJ9Xb56HF3HwZ+HWrO994w8PW/xJ1u5jlivPEnxM/wCK816683/Xn7d4j/tD+zre4H/Lrpf9k6TaWn+hWVjZ2RsrKvrL9k7xffXHhvxP8J9ev7i/1v4P6pYaVpeoahdXF1f6z8NNeguL74c6tfTzn7RcXGn29vqngO61S6H2zVtX8EXutXp/03FeD+V/wT9vti2vi24+D9z/AMe9vJeeMvjF8AvKmi7z6V4q1Hwfo9wc8/ZNU0u7tPrkV9DfAP4V/D3wzr3iDx54P+LuofF+bW9D0bw/b6xea94O1n+yvDlhfahqkFj9u8Eafo+n6vb/ANoahdXVpqmqWl5q1p/pv+nD7beivRzfG4bEYH2U6WJoVcO/9k+tYfa/yfn0+65w5Z7JZjhZZfSyz/qK/szMqGI/2b6v/wAxK9hSr/x3Q1VGv8rH1FRRRXxx9yfPPxHj/sX45fArxMPkTxJYfFD4T3n/ADyll1TQ9P8AibpXn9j/AGf/AMKn177KTj/kLXvA+3Yr2avHf2jl+w+E/BPi/wDj8DfGT4S65I/lZ+y6XrPjDT/AHiK+6cfZ/C/jnXrq55P+ifbemDXsVfB8Y0bYnC4j/oIwvzX1bEfJ2/fUVpe+91sfzf4hYX6rxVj531x+Gw2J++gsP53t7F9Y77o+qPh3+zXr2oalZ6h41+x2GgxGK4NnZ38F/dazFzcQQGexuLiC20+frdXX2o3Z6WeP+P6y9s+L3xi0f4eaTN4d8NzWc3iprf7HZ2dl5AtfDlp5HkfaJ4IAbeC4t7f/AI9dL/8AA3NlgN8K2fjrxpp+n/2TY+LfElnpqRmNLO31m+itY4hz5EEEFxi2tz7Y9cnI28uzMxdmk3u335Pfv/P2+gPFfnU8DLE1ufGVtX1/ry/4B8H7Lnl77t5+f4emv46sdNNLcSPNM7zSzSSSSSSSiWWWWX/Xzzz4z19jjv0O6OiivRNAr9gPDsjTeH9BmZ9zzaPpcm/r/rLG37YH6HHsMV+P9fr54XTHhvw+B/Boel9v+nG39x/L8B0Xws7+Cn6/5nPX6fL9Tcooor5w5zm/GXi7w74B8J+J/HXi/UrfR/Cvg/w/rPijxJrFxxFpejaDY3OqarfT4xn7Pp9vdeh7jbkivYf+CRjeIrOy+Muo/Eaxl0D4n/HK48JftEeIPDeoRw/2l4di8Sf8JB4O0PwAZ8C4uLj4TfDbwv8ACbwd4nHNl/wlv9s61Zkf8JPeGvhT4mRf8Lw+LGg/BG3T7T8OvhrqHhz4ofHW4/5ddU16wvrfXPg58HZ+tvcf2hrGn2vxQ8eaV/y6eE/D3grRdasr7Rfidivrnwh8TYPgh8Wvhl8V9Uuvs3g+HWJPhh8SLyTMlrpfgP4q32jaXB4kmPFvbweF/iRo/wAOde8T69dXNna+Hfh7aeNL68zZ4r9Z8L81pZBxVkrqP/kbJYXFdbYbEYf/AGe/b29dUK3/AIKq8r+E+N4xwU81yXH8j0wH+7af9A3+89f+gf8AcPX/AJ+6o/ZvxVGd1nJxszLFxxmT8/8AP+1nFcjXqGqWP9oWbw/x48xO3730zgc5PYfmCa8zeNo2eORNrp+7kTHX/OewHTrwA39McQ4WVLHfWf8AlxiL3t3f9J7aN9T8Jw8ueHJ9+t9e70077Pu76EdFO2N6frU1fOc8e/4HQFFNT7o/H+dL2+XHX8P07/59Kn2nl+P/ANzARPuj8f506im/L/s/+O1mA6io/v8Atj8ev/fHp7/hR5nt+v8A9roAfwo9Bn6/5/z60tR+Z7fr/wDa6joAnU5Gf/r/ANF/l+WPmWofm/2v/HqPm/2v/HqAP//V/vCZi3X/AB/U/wD1/wBMK2iivz3mf2OnTay++N9u/wB32vQCiiip+Dzv8tv/AAPv5fMAoo3bec47ev8An/PpUbP6fnj+mP1z+HeswGv94/h/Ko2bH1Pv/Phv5c++PlGbH1Pv/Phv5c++PljUfN9P6f8A1/r+uVmUuXf/AC/R/mvxKjG/p9//ALdH+u1ve0tPvmtG2t88L54x/qv14+oz2OBmuG+OfwJ+FH7Snwz174S/GTwrZ+M/A3iRLeS4s5Jrywv9L1OyuPtGieJPC2u6XcQa14Y8Y+HtQUapoPinQbqx17R9Uthd2V7akLt6zt8uOv4fp3/z6VPa301q3y/PD0eP06+xz+nbJr08tzX2KWHxX8G+nr3+1frtG3pe0YlTU/fh6Wd7/wDB+6L8r3P5Qf2pv2M/j5+xHdalrHieHxB8b/2bbWSW40v9oTw1o32rxb4D0aIfuLD9ovwP4c0/7Ro/9n2//H18ZPBumD4e3dpaXuteNLH4X/6FZXvnvgn48eNLTS7DUvCfjn+3vD1/bxXGl3H26x8UaNf2Ev8AqJrG+nOo2/8AZ9zzj+y7v+hb+yi3vLe6XMb/AD/885MCX+ZJ/IcDHODX5kfHr/gkj+yV8ZNb1jxt4N0rxT+zZ8TdbuZL/VPGf7PepaV4S0zXtVmJnuNW8YfCvVtK1/4P+L9Xv7j/AJCnifVPAR8b3YBC+J7IkXdfB8TeEeWZz7XG5DVwuH+sb4XFa4a17f8Acutfv3VK94/o2ReI+Lwcfqmd0vr9B/8AMU7/AFn8/wB/636W5Wfjxpv7V/i6FUGqeG/D9/s/5aWcl9pckv4faNQt/wDPfk10i/tcfL83gD5u3/FUf4aBjrjt/M7fT/F//BIL9sDwnPMPh78XPgB8bNKLk23/AAnGn+Of2ffE9ra5/wCPee48Oad8f/D+v6iRg/aba18EaTd3fP2HRv4fILj/AIJ8/tyWLPBN+zxearNF9+58N/FX4L3WlS/9eM/iL4geDtY8jH/P1oVmfbqK/IMb4S8Q4ObhUyX2/b6tifrK19K36vtpdn6FhONuFcZDm+v+w/7CvrGG9G9X/wC22X812iG8/ax151b+z/B+j27/APLP7bf31/8AjiCCw6/h/wDFeH/EH4oeI/iTNps3iBNLhTSvtX2O30u1uLWKL7f9m8//AF9xcXFxn7Pan/j6/PrX0RpP/BO/9tLUm23nwLu9B/6aax8Rvg9LFz/2A/iRq8//ANfueA3F/tDfsX/tCfs4eCPCXxC8ff8ACs4dK8SePLXwX/Y+j+Ldc1nXopb7wd4w8RQz30H/AAg9vo9vBbf8Ivz9m1+8/EY3cH/EP8+wFKrjp5LisPRof7T9axPZ+Vl36pPrrZ83o0eJeHqtWlQw+PwuIrV1ftdfj+n5I+svg3rX9vfDPwfeb9zw6XFpVx/z183Rv+JV+/6/8fP2f7Vj+WAa/N/4gaf/AGP448W6Xnb9j8SazFHzj/Rfttx9nn9B/o/PAPXsRhvqb9k/XLy60jxJ4V1DUvn028j1i0t7OL7J5trfweTfW+Z7m4uMW9xb2v8Ax63Vp/x+d8AV47+0Po66T8UtYkjj8mHWLPS9Uj/6a+ZY29jcT9/tH2i40+6/D0yDXxGDj9VzDFUdL6/h+H573baso+xT/jOD/rpovv8Atffe54fXs3gv47ePvBscNnHfx69pUP7qPT9b8+68qLt9hvvPt9Qt/wDp1tftX2S06myOa8Zor1KlGNWHJVo221899F3bv3/G0dpR5t/8/wBV+T/A+1rH9rSzaP8A4mXgm4hf/npZ6zBJFL6Ygn06H7Pn0zx7c7eb8WftUatqVnNY+F/D1vo7zx+X/amoXP8Aal3F53aCx8i2t7e49ftQuv8ArzHO35NormjlmBjPn9k2/l/wV/XTcn2ce34RHszszsfndx5r9vrzyf5n3GQa8Mm/4nn7T3hW1U74fh18F/GWuXkZE48rVPiX4x8L6J4cv+9v/wAg/wAAePLW05/5fL3GcmvcK8X+E6/2x8XP2h/Fn30sNc+H3wns5PN82KWw8EeB7fxxP5GB1tvEHxg1224B/wBLs7zrX3PCFFzzSrV6YfC4n/5R2T/5f6aeWp9bwZhvrnFGTUtqH1r6yr73w1CvXw/SX/L/ANj0t1TdrR+iKKKK/RD+nzwn9qW4mtf2aP2h7i3/ANdD8D/irJH5fHlS/wDCD+IP3/f/AI9/65wM4r5L0Pw34f8ADNpHY+HdE0vRLNI4o/s2l2NjYRHyvT7DbW3T6n6nNfoR4w8L6X428J+J/ButI8+j+LfD+s+F9Xjj/wBbLpevaVcaVfY/7d7i57jHv1X81fAN9rEOn3ngrxh+5+IXw6uIvCHji3x5f2rVLCC2+w+KrGEf8y/440f7L4n0C7xzaat9ivc3tlfWdl9jwzUj7HFUn/Fs7/1fTv133Vve8HExhSzqlVq/8xGF+rYW+3+z+3+sb2/j+27W/dVNvZI7yiiivpzuCiiigAooooAU/NhT0/l/L+ftxVb4K6Houh/tSeG7jRdE0vTZtb+Bfxf/ALYuNPsINPlv/wCy/H/wH+wz33kW9t9p+zjULr7KLof8vffNWK6v9l3RZPGHjzxn8aFj3+FdN0eX4T/Du7/5Za95euf2r8TfEdjyftGj3HiDR/C/hjS7r/l7u/BGtXv+m2N7Z3lefnFWEMuxfOuq+Xnt+b18/s+bj4xrVsvwz/jfWsNielv9nxH1jEK71v8A8uNr/v6T6Jy+5aKKK/Nz6I8m+Pfhm88ZfBP4teGdNP8AxNdY+Hfi230OTM/mxa9/YeoT6HP+5BuPtFvrFva3XXn/AGcGtPwX4ms/Gng/wl4w0/y3sPF3hvQfEln5ePK+y6/pVvqsHuP9HuO2T9MfN6NXzP8As1r9h+Eej+E2+/8ADfXPG/wr8vzfNlisPhf448QeB9D9f+Pjw/o+l3dr1/0S8sutfLcYUefL8NUf/MPin6/7RQ/D+D318rH4l4sYXkx2TY2N/wB/hcRhet/9n9h9X6afx66f3X2Z7xWvoNj/AGlrmkabx/p+qafZn/t6vreD1wPz+pFZFdb4BXd468Er2bxX4c/9Ounj/PT9Mt+bT+F/L8z8kOUZWVnVvkdf9Z7+3Qfhx6dcmm12HxC01dH8deMNNVNsNt4k1qK3j/6dft1xPB/F2t89M/jXH0Rnzw5+nXv+P+UvV294Cv2I0e3+y6TpVr/z76fYW3/fqG3g/qPp/tZIX8eVUsdo6/5+nPtn8sV+yy5Vdvb8vy6/zH64rxM83wvoc9fp8v1CvK/ir8QbzwXpum6T4U0238SfE7xtcXOh/DfwncS+Va3+qRQeffeI/Ec0DGfT/BHg+3uP7e8Za9n/AES0+xaLoovfE+teGNG1nif2kP2lPAv7NXg1PEHiZ5NV8T63J/ZfgPwHpf8ApXiPxvr0o/c2OlWMH2i4Nv8AaLi1+1Xf2a6+x/a7KysrG91q9srK9+A/gD8TviZpXxE1v43/ABwEeveLfG1n/ZUfhe3lgNr8L/Bvn/boPDnhXyLi40/7R9o/0rVP9JvLS7u+t8cXutXuWX5TXrYdZhWpWo6fVX1xOKt391+w29tp/wBOtL2lw1JSnL6tS/jd2/8Adu7tt56vy5nduP6gfCv4c2fwx8Jw6DHqVx4h1q+1C/8AEnjTxhqEXlap438b67P5/iPxVqsObj7P/aFx/oul6Xag6T4f8PWmjeGNFFjouiWVlZdprGj6X4h0nVdB1yws9V0TW9Pv9H1jS9QjgurDVNL1SC4sb+wvoZwLe4ttQt7i6tbq2/5fLTqBWP4T8beGfG2npqHhvVbe/T/lvbf6q/sJe8F9Y/8AHxb9Px/5ciMEN1VePVq1va1atX+N26aa79Lbf53tHWNOMIex66Ja9Ond6K/T79Ue6fsX/tWXPgnV/D37Iv7QfiG4PiSKP+yP2a/i94nvzLbfG/wlp8P+g/DnxV4jvcH/AIaJ8D6Pb/Z9TtNVuTqvxk8KWf8Aws7wx/bOtWXxP0bwV+p2oaPa6h+8b9zcj/lpH3HTP/6/r2r8EvGngnwn8Q/Deo+EPG2g6f4k8N6tHF9s0vUIfNj821n+22N9YzwMbjT9YsNQt7XVNL1TS7uz1bSdWs7K90S9sr2ysr2uh+HPx2/bD/Z4ittH8P8AiTRP2qvhZYRw2+neDPjh4i1Xwl8bvDdjFj/QdD+P2laP4ot/iRBBbjGl6b8WvAlx4t1W6yPEvxqvCd1h/UfBfjBlOY4GllPGNX6vjMO7/wBqrXDYrr/tO/sMRv3o/wCGx+NcR8A4zDYirjskf1ij1wv/ADE4br5Xf3eTadz9pJvDuoRYMaJdJ/0zk/p8uPX7rc9M9Kpf2TqX/PpP+f8A9rr4T8Pf8FRPhdut7b4qfAf9qv4Pai8nlz+f8G7/AONOmeYIQTPBqv7Mur/G8Taexyttc6paaZdkANe6PZEhF920n9u79mvWIUms/EPxIhSb/V/2p+zz+0ZoMuf+niDXPhRp89uen/HyvPvkmv0f2fCFaH1ijn+F9j/2MsO/66X3t87R+Ilgc2hL2U8qxSrf9g9f77699LL7z3OTT7yGPzJraRE6eYe34cfzH4jhqta3w2+Jfgv4u+GYPGXgHUZde8K3t5qun2esPpuoaZFdXej3s2l6pBBb6rbadf8A/Ev1G2utLuibTi7tLyz5NqyrBqsC2uoTQx/c/wBZH/0y879/nPYj0x+eawzbJ6WDw1LFYTFfWMHX13vda36a/K2mlnf3eenUnz1qVal+/T6a7/8ADPvf8Y5rNjgde5/yOv4jH4fNFViq9fPGoU7e3r+lNooAKKKKmUrer8/z0l+Wvnb3QKKKKn2nl+P/ANzA/9b+8CiiivzuU/5fx/BbP5u/yZ6AUUVCzZ+n5/8Asq/59MfNmAM27Ht75/8AZV/z6Y+ZtFRt83T+H+vocj+R9OKmUuXf/L9H+a/EqMb+n3/+3R/rtb3kd93r1zyf/rf1P/xL/lX2z+P+f6fjTqjfd+Ht/Xv/AErCUue+uuny+9q/36eZsKzY4HXuf8jr+Ix+HzRUUUc3Jbfy/pp3+9fMAHHTj6cf/r7VoQ6zdQ/KXMydP3nP9Dn/APXjPRs1m249/fH/ALK3+fXPyw7t3Oc9vT/P+fWnRxVbDT9pRrO221v6/H/Ct5TKMJ/Hs+v9fPv+N49RH4gj/wCWttIvb93+9/8AZf6/i38M/wDbdn6XP/fmuQor0IZ5j4LXv6r0+z59Pk7EfV6PZ/d/90O0h1a0uJkhQSb3/wCekX/6vr+nPJr83/8AgrToVxffsi3via3QzTfD/wCKnwk177OkJl+1WvijxjYfCW+PcQDT9P8AiTda7ckLj7NpLAkZr7whm+zzQzD+CSKTr+Xb8zke6isD9oD4T2Hx6+Bnxd+DOoXh0+3+KPw58W+CItYEXnSaFe+ItEvrHS/EVjncFv8AQNQuLXXNMnxm1u7OzdRuHy+nTlLPcszXBYh2+sYXEYX/AMKKGqS337/qVha39n43AYuH/LjFYbE+f+z6277aaW/BOX8pHwV8WL4R+ImgX0zeTYalJ/Yeq9IYjaap+586f/p3t9Q+y3XB/wCXTvzXt/7WOh7brwn4kjT/AF1vfaHeSH/p1n+3WPp/z8ap259sGvh3wzqWparottJrem/2J4ns5L/QvGHh+TmTw7438OX1x4c8ceFZ/u/6R4X8Uafqug3WMf6XpOe2K++NS1Zfi7+z3d3Uj/afEng82txqHXzftWgwfv77nA/4mHh+4urrnpdG+ssnGa/h/McPVwGY0pVaVq2H/wBlxV7f8O7vX8F0P6rhONaNLE0f4OI/Df7trdd76W974koorU0GOO48QeHtNkk2JrfiDQfDXmS/8sv+Ej1TTtE/9yHt7dg3abSnyQ5+nTv+H+UfVX93LoqxdWtxY3VzZ3SSQ3NncS29xHIMyxS2s/kT2/bB+0f5PWq9BQV5D+zSv2z4Xp4sPzv8RfGnxG+Ikc4l8zzNL8W+P/EF94V65/49/B/9hWvr/onbIFcf8ZvjZeeB9O+Iuj6D4D+Ini3WPD3w2uvEFvrHgfwvP4ttbDxHqlj4p/4R3w5fWOh/2h4ot9RubjR7W6+1W2hXek2lpeWV7rV7ZfbbIXu58Ffit8DbLwX4D+GPh34o+C5tY8H+D/C/hf8A4RvUNfsdG8WxRaFoen6VB53hXXP7P8UW/wDx79LrTLXjqxwK/SeEcsxdHB4rFVcK2sR9WWEWv+7Xrff/AMuOiduulpfo/hnHDQzzE4vEVfq6WV/VcN9Z/wBm+s/WK+rw/vfv9aP/AC5UvXY+kqKKK+nP6BCvnP43/AdfiNcWHjbwXqtv4P8Ai1oFn/Z+l+ILi0mutB8UaD5/27/hDvH9jB5FxqPh+4uLi6utL1O1/wCKh8J6teXt7oubK91vRta+jKK3w+Iq4at7alW/fX9L/fzX/De9uhy4nCUcXR9liH+H/A0+57311Py+s/FtxY+IP+EE+IGg3nw9+IqRyyR+F9cmgltNdtbT/X6p4A8RwC20fxxo/wD096Xu1bSf+Zn0TRr0/Yq7GvuLxt4C8F/EjQZfDPjzwxo/i3QZpIrj7BrlhDfxRXUf+ovrHzsXGn6hbf8ALtqlrd2t3a3f/HlfDJFfKutfsreLvD8jzfCP4r3iaaP9X4L+Llhe+PNLto/+eGh+N7G/0b4g2HX/AI+/FF38QsdR1xX2eD4hw9X3MX/s9Z+n1b7r7/n1lG95eU45pgnyTpLHUb/71hvq/wBZ/wC5jD2o0fX2XoqSt73D0VDdeBf2kNK3w3nwe8N69Mn7uO48F/FXSrqwl45n/wCK40D4f6hb+v8Ax63n/b5xtWbwb+0NbtCv/Ck7e886P/WWHxL8HeVayj/n++3/ANn3HP8A062136nOSF9L+0MB/wBBOH/8Kif7So/8+s1/8NuP/wDlZLWXrWuaL4b0q81rxDqun6Jo9hH5t5qmq3UFhYWsXGfPnnFvB+WfYGum0/4JftHeJGjW/m+FfwrsH+/efb/EfxW8R+VnH/IKgsPhx4fsLj/n1uv7e8QWn/Tlff8AHkvuHgP9l/4c+D9U03xX4ifWfip490mT7Rp/jD4iXdjqkujXf/Pfwr4VsdP07wP4PuP+opoOhWniH7J/oV7rV90rlxOeYHDQ9yp7ett/suvmtNPzb8ti/rGOxPuYHC774rE/7Phnb/qHVq+m/wDCou323ufN3g34W+Nvj40M2p2fiD4bfBOb95eXmoRX3h34jfFCw/58tDsZxb6z8P8AwfqH/L1ruqW1r431e0P2LwxZ6JY/YvE97+h2j6RpPhzSdN0HQdNs9H0TRNPtdK0fS9KtYLWw0zS7CDybGxsbGAC3t7e3t7f7La2tqPYZwa0aK+NzDMsTj5KpW/g9elvz7+Vu7tY78Dl8MNUq1qtX2+MxH+9Yrb/uXw9r+ww/yd/+XrnUftJFFFFeed4V84/Ddf7F+KP7QfhNuEfxp4X+Iml24l/1Wl+PPAHh+xn9P+Pjxh4P8ZXXX/l77V7d4k8XeFfB9i+p+LvFHh/wppiebJJqPiTWtK0Gwi8r/p+1Wa3t/wDPU/w/HM3xs8I33x8fxR8MbbxR8ZNH8T/COLw3qmofCfQtU8W+HIvEfgPxjcX3hWxn8Y29vb/D/T7jWNP+IHjL7Ldap4xtLP8A4lN79tvLLNkL3jzbL8Rj8pxVGlSdet1t/wBf+ul/4Dvp+HxH5h4oRo4nJsLCFZfXMPmmGxLwuv1lvEe2of7Ph/4//L7v3spWfL9jV3Hwxia4+I3gaMD/AJmzQZD/ANumq20+eAf+ff2Jzg+teR+DfE1r4y8J+HvFdnbXFnD4h0ew1T+z7gwfatLluoPPn0q+8lfs/wDaGn3H2rS7r73+l2l6PU1758EdNvNS+JWgx2Rt/tNnHqmoW8lx+9tYrq10rUJ7GefyMXH2f+0RbfavsmPTjIr8ZxUJ0oVYS/5h9tfP5W89PusfgkpPlc/6/r7r91a5J8drdbX4seMI1yPMvLC49/8AStDsL4Htj/j49/XtivI69A+KHiez8aeNL/xZp6SQ2fiHS/C+qR28n72a1+1eFdHnnsZ+v+kafcH7Ldf9Pdp1GcL5/UUIzjSpRl1f3LX7/m4/iOm+eNGfW+v9O3V+fyubXhu1a+8RaDZqm97zWNLt/LHSX7VfW8Hvj+vt1r9brKbVPEPxG8B/CTwrZ29545+JEfiifQJNUuvsPhywtfCelf2rrmq+ItVhguNQt7e3t7j/AEW10rS9Xu7u8vPsX2Ozsje3th+Xvwjsf7S+Jngm22btniCwvP8AwV/8TXP/AJL59sfSv1Y/Ztt18Rf8FFPhLYpNI8Pw7/Zb/aM8c6pbxn/j21TxT4//AGd/A/g6efj/AJiOnn4oC1+X/mEXo+XPzevw3keH4j4wyXJsdS9vg67xCxSv/wBA1CvX+elF9PO8rvl+a4uzGvleTYvG4a6q4d+un1i3Zdurf5npHjz/AII8fCjxw/8AwsS8+IWuf8NJPbTWdx8XL/QItQ8MGwlsrWC38LaH8M5tY2+FfCGnm3a5tF0HxlbeLb26vLw+M/GvjPbaLafmv8Wv2Cv2s/hDNeS3Xwo1D4l+GbaSST/hLPgvdf8ACeRfZutuJ/A/kaN8V59RnH/H1a6B4E8R6TaXeCdZvci9r+p7VNSXTVhkKed50nlD/PPr/wDqwDUVvr2mzH/X+Q2Mf6QfKz+P+oz7/L9Oc1/TOa8DcFY2VLCzpPA1qGEw2GvhsR9X/wBm/wCYf/px+XzaufieV8a8Q5d78KrxFLEPT61fTpa/8fv21+Tl/ERcfFTQvhv4nh0fxB4tl+FHj2GSWNPC/jz7d8LvHkXlfuJ4J/C3jGDQPFFvx/ot19q0v0/4D9ceC/2r/EUNra/2za6X4wsH/wBXqmn3cFhfyxf9d7EXGn3Bzx/x62nvjOF/q18Q+GvCfjXTH0fxToPh/wAWaLO++XSNf0vS9d0yWQc/v7DVLe5tiRk4yD7E7q+UNc/4Jv8A/BPjxJJNcaz+w3+yNd3dzJ5lxqH/AAzn8JIr+WT1mv4PCFvqJ6/8/HPfHVfjcb4H5djH+6zq9HS7xOG+sW9a9CvQ/XXr1PqaPipV5P8Aa8l+sf8Acx9W/wDcHp0+cr+7+Nen/tSfC+a387WrnVPDCL/x8XGqWvm2EXP/AD3srm//ANH/AO3Wy/Diqzftlfss/bodJh+Ovw7v9evDFFZeF9L1+DVPGV/LN/qILHwdpX9oeKNQuOP+PW10y6vCeRjnb+ymk/8ABNX/AIJ4aJIk2m/sLfshw3SSeZHdz/s5/CS/uopY+8N/feELi4tsdMgjOOASBX1L4P8Ah58O/hvp76b4B8DeDPAmlGONH0/wf4Y0TwvYeXHnyc2OiWFhb4gzwAuBjjGF2+bT+j7l6n7TEZ/ivTC4ff76+I3Xy6aWvLOr4oTqf7tlV+jviPrP/uHD2v8A1a7R+EXhKf4//F+SGD4G/sr/ABc1jTbnyvL+Ifxz0u+/Zk+Gtr5sAmgnvh8VNHg+OOoafcbgbbVPAfwI8b2dyDk3uCftv2n8Lv8AgnxrOr3UWu/tVfEm1+IMWYpI/gp8L9P1TwR8G4+hNl441a91K5+I/wAX8bjaXVpquqeB/hp4i0q5ay8TfCK9XBb9LLjWNOt/vXMbv/zzj/e4/Dj19ffiufvPE0jfLaQ+T/00k/1uP8/4dq+xyngPw/4UmsRDCPHYzD/8xWJ/2nE2fbD39hh9Erp0aX3t83y2ZcW8Q5vDlnWWHoaW+q2w/wDlX13/AE6x2LaDR/C+kWGl6ZY2OkaPo+n2mmaRpGmWkGn2Fjp+n26wWNjpdjAILa2sNPt4Le3tbW0Edta2oCjCAVwt1cNeXE1w3/LaT68fTjp6Z78McVHNNNcSeZM8kzv/AMtJP/regx1I/HnbDXXnGdTzGdGEKX1ejh+uqtr+d11tpr2Uvn6NFw/r8X/X3WTkUUUV4XPHv+BsFFFFZylf0+//ANtj/Xa3vAUUUVIBRRRQB//X/vAopu9fX9KRmxwOvc/5HX8Rj8Pm/Nz0Bj/eP4fyptFQ8uff+X8s/pn2qZSt6vz/AD0l+Wvnb3ajG/p9/wD7dH+u1ved9/2x+PX/AL49Pf8ACnbF9P1oUYX69fx/Pt+ft0o3r6/pXLOfP06/1pb0+1L8S5Stot+r/pb/ADVvl7x8q+2fx/z/AE/Go2IY+2Mc8/0X+X5fxG9vX9KbVcke34jjG3q/L8tZfnr5290pr/dP4fzof7p/D+dQ1iUFFFFABRRTGbHA69z/AJHX8Rj8PmJS6v8Ar00Xn0087ARV3Wj3H2i0SNvv237uTjPqYe4Ofwz9c1xarj6n2/ly38+ffHy6Gn3n2O4Rmx5L/u3zz/n8j74wQ3fk+O+p4znmn7Gv/Vtn/l5PUxrU+eP9bL/h+i+4/mW/4KUfAib9nn9rbUPGWl2H2T4S/taXF/408PzxwmGx0H9oLQtK/wCLqeDT1t7Y/EDw/p9r8ZNBH/H54h8Q/wDC6L04s9GzXgnwl+IX/CAeJPNvUlufDetwf2X4l0//AFvnWEv/AC38jH+kXNh9R9stPt1lz9tr+n/9r/8AZg8Kfte/AXxf8GPEl9L4fv8AUhY6/wDD/wAd2VrDdaz8NPiX4cuF1XwP4/0q3nx9puPD+r29sdU0v7Vb2nivw9d634W1hl0XXL5X/kcjt/GXhvxF4w+GPxU0GPwf8Y/hXrg8IfE/wfHLPNa2GvRwW99Y654dvp/s1xrHgfxxo9xa+J/AevfZf+Jt4e1ay+2fYtbstasrD8p8XOE/q2L/ALbw9K2Dx3+9LVfVsS/x/fvzf73um+X9n8OuIY4/A/2Jiq18ZgNcL1+s4Z/P/lw9fL+9e0e68ZaDH4b8RalptrNHeab5n2zR9Rjl82K/0a//AH+lX0E/H2j7Rb83Xy/8ffp0rzvxNqVxoei3niKzWSa/8KfZfF+nxR/62XUPCV9b+I7CDv8A8fFxo9ra/rx1rpJLy5mtobWSbfDbeb9njk48rzf9fBBk/wDHv9o/0v7IP+XsY3LkFqzLkbW/x/z1/r2r8eo/u/Zc+i8/6dt+33n6bKHPDk6dO/4f5y9Hb3vd/wBoPw7a6b40h8SaS0c2heOtPi8QafeW/wC9tZbuWC3+3eRNjFx9o/0XVOf+gt14Irwmvb/grHqHxc/Zo17wndeZeeLf2fvGl/8ADfS/+Wt1Lo3hLwr4X1Tw5BPcYAuNQ8Q/DfxB4X166/6i1394ZBX5y8VeJtJ8F+F/EnjDXpvs2i+FdD1TxJrFx5Xm+XpejWNxqt9P5B5uP9Ht/wDOBWVCnOE/qTvXrULYZ/L/AHe/X5u9/k3HDD4iEqPPPrt03+/v1a7W3OR+Cf8AxMofid4wH/M2/GDxvHH28q1+HM+n/B2CAEr/AMe9x/wre61PPA/0r7dx9tFeleJPB3hPxlYvpfjDwv4f8Vaa3+s0/wASaNpWv2H7z0sdVguLf06/TnrXxT8Nf2cPj1beCfDzz/tLeOPAd5qtnL4k1TwPpfhPwdf2HhfWfFF7ceI9c0OC+vrW4n1D+z9Y1e6tTd3QH2v/AI/e3za2h/Dv4sP8WtV+HOpftT/GC/sNE+G+jeNNUuNH0H4SaNdRXXijxH4g0Lw5B9ovfAGv3H2e4t/B/ii6/wBF+y3f+i9Vr+gqODo0oclLFYV+w6fv9Pq3rQ6362/xPeP9K5DXxGByHJcuxWQYpf7LhsM/9w/2rE+w+sYhW+saq3t638Fd9djrvhr8PfAOi/tFeOLr4b+CfCfgbw98NPh3pfgPVLfwX4c0rw5Yap42+I19p/jjXLG+g0OHT7e4uPC/g/w/8Obq1+1Y+yf8Jve/YsZvRe/WlcH8O/h3ovw10O80jR73WNVudV1jVPEniDX/ABJf/wBqeI/EfiPWRb/btc1y/wDIt7e5uPIt7W1tLS1tLTSNJ0m0stGsrKzsrKysq7yssRV9rP5+W/4/i16H1OVYH6jhHCdL6tWxGLxOKf1XW31j/mH3t+4oewo9LdW/slFFFc56YUUUUAFFFFABRRRQAUUUUAFcj8QvCcfjzwF428DzXklhF4z8H+I/Ccl5b/upLCLxHoeo6V9ug4P+k239ofaev5DmuuoqoS5J88P8/lv+vz6mdWlCrSq0qv8ABxHdff1+XT5bHyz8Afhz8GfEHgHwZ8RLf4LfCvw948udK/s/xXeaf4D8K2utaX438OTXHhzxxpX9qwaNb3H/ABJvGOj6ppfUf8enuRX1NXzP4y+BWqWMPj/xF8K/ip8VPhvrHiL+3vFn/CN+E7vwPqnhK68bXVl+/wBUg0Pxz4G8X/2ePEGoW9rc69a6XdaRaXerXd7rX+ha1e3t63mPgf4V/GT4geBfBPjrSP2wPiRDYeM/CfhvxZZ+Z4I8AS/6J4j0q31WDHkaPp2P9H1DP/Hr/wDY99SnHEL231v9z1u8R/kv6102j8zgsRicqhTy6GS4qvW+rf71hvqGHw2KeG/cfWP39eht6W/fdbNHtXwnP9nzfFXwf/0Jnxg8ZRRj/p18eQaP8YoYP+vfTx8SBpVr0+x/ZPsX/Llhv0F/ZT0n7R4r8Sa5Kv7nStDis/M/55XWqX3n8/Mf+XfT7rsPccmvyx+EvhnxT8KPjB458F+OPHmqfEW/+JHhfRviR4f8WaxpmlaNdX8vg2e38D+MdDnsdLzp/wDxT+n6h8OLq1uuLu7s/EOST9ixX6l+F/CfibWvg/4e+DvgW5uLD4qftdePP+FP+C9Qt/8Aj/8ADmg67Y6hD4/+I0H/AE7/AAn+GGj/ABF+J9rx/pd34ds9F5vdbsq/HuJMqxOMz/8AsnCfv62bYrDLCvR/7x1eivtW/lXW7uz+ZeJ60MoxOcyxdL6h7DF4n/Zf+gXDfx8Ppd/8uPYf5s/Pn4M69q3iLSfHOpa1bfY7nWPix8RviBpdv+/8v/hCPjn4juP2hvhX5EE//Htb3Hwn+LHgO6teD/onTOPm9gr339s3wHoPws/bd/aE8C+E9Nt9G8MQ+H/2c9Z8P6RZg/ZdL0aw+APgb4S6VYwZIIt9P0j4P2traDkj7Jz1ArwKtOLcBRyviLNMFSX7mhirdlp+/wDO9n/S0Z8/wzjZ47I8sxctnhLdOm3XT77Purn0F+zPpR1D4nRX2z5NE0fVNQ8zHSW6g/sr8f8AkIe/4ZxX6cf8E+7G4179vT9r3xRsP9neA/2aP2UPh3ZySDP/ABPvFnxA/aY8ceI/In466Pb+A/tVtn/nyxjFfEX7J+h7NL8VeJJE/wCPy8sNHs5P+vCD7bfdMH/SP7Qte4x9k75Nfql/wS28OrffDD41fHiSLC/tB/tC+N9Y8LXEhIll+HPwlsNG+APg6ex/f3IbRfENx8MPE/xF0G5zi80vxwL0bba8Xb7/AIO4OeL44xWL19lgMr3/AOorEex8pJ71tl9+nL8f4l4r2OTUsP8A8/8AFWWnq7bu+vp+Nj9EfFUn7yzj9fNkP/kv7c85/u/piuT/AOWn+f7tb3iCbfqDp/zxjij/AM9fX0Gf/QMWv1/PK3tszxU+y/rffbt95+MUofuqS+e3/wBs+vn5aXuCu2dyuSOn+fT829jzUhuLles0hz/01+nuf5/gOtR0xmxwOvc/5HX8Rj8Pm8eEpw+D+l8t+nbv5Ssla4uMndNJ6f6yYD9c57//AFuBVdmZuv8An/P6U2iicpz+P+l89uvfv5RAoooqQCiiiolK2i36v+lv81b5e8BRRRWQBRRRQAUUUUAFFFFAH//Q/u4prNj6n3/nw38uffHyjNtx7++P/ZW/z65+WPlz7/y/ln9M+1fmspW9X5/npL8tfO3u+lGN/T7/AP26P9dre8hYtjp+Bz/QfzP6U+Pv+H9aFUFfr+mPTn/4nPTtmpKwlLnvrrp8vvav9+nmVL+RLsnf/K336r8Pea/3T+H86jZs/T8//ZV/z6Y+Y3t6/pTaWkF1tf0/+Stt5/K5UY8u3+X6v8l+IUUUxmxwOvc/5HX8Rj8Pml+/t03ur7+d49uz+f2qBmxwOvc/5HX8Rj8PmioorMAoopu9fX9KABmx9T7/AM+G/lz74+VFXHJ69h/k9fwGPw+ZPv8Atj8ev/fHp7/hUlYylf0+/wD9tj/Xa3vAU1mx9T7/AM+G/lz74+V1Qv8AeP4fyqQOo0PUsKllM/8A17yZznP/ACw7cj1I/E1+av8AwUh/YBuf2m9H034zfBSPR9A/an+GmkS6foE+pzf2Z4c+NHgOO4n1S9+C3xGvobecW9vc39zdap8OvGNza3l38O/Ft3e3ahvC/ifxroutff27P3eT+X49v5/liuy0nVvtCpBcv++GNj5/1v8A90fice/WvpsFjMJmOEqZPmdL29HEf7NfT59dWvl6OyIpVMRgcTRxuCq/V62GWt/+H1vf5ed3E/iR0PXP7WbWNP1DR9c8K+LfCusXXhfxz4D8WWJ0vxl4D8W6V/yFfCvirS8H7BrGn/aLW663Wk6tpN3Za1ot7e6Le2V7e71f0aft4f8ABODwt+1VIfi38MNX0v4SftS6Do8WlaV8QLiwuLvwj8S9AsPtM9h8OvjhodiBc+IPC8E9xdf8Ix4w0wL43+Hd7dNeeGL6+0O98SeDfFf84ev2fjb4b+Pr/wCDvxr8Dax8IvjHpVvJqFx4I1+a3urXxHosc/k/8Jl8MvFVuP7H+JHgi4uOP7e0Efa9J+1/2L4z0Xwv4n+26NafgHGvh/j+Ga1TFYT/AG/J9f8Aatvq/wD2Edb/APT5/K3xR/fOFONMJnlKlhsR/s+Y7/VU/wDef+wff/wS395o/A/4nSfBL9qPw9aazN9m+Gn7S2laX8N9QvJJfJsPDnxu8Lz3998Mp5+v2f8A4Wh4f1jXfAd1dbf9L8Q+HvhjovH26yNM/bw+G7+HX0Hw/Z23/FMfFr4qfDTSxHH/AMesWlyePtG1zxx4cn/6YXHh/R9UtfsnA+yatZZ7huP8ceDdD+IXhPXPB3iSG4m0fX7P7HcSWd1PYX9hLFPbz2Oq6VfQHz9I8QaPqFva6poOqWv+l6Tq1pZXtjtvrLDU9Y8WfHPxX8D/AIAab8TvFXg/4r3Pw6/ak8MfDv4geKJB/wAIl8WvDmvf8Kk+MOueB9d8R+DvIuNA8ceB/ih4f8P3WvaD8T/C+q6Td2niHSfE/wAMfE/gu+1rwX4n8aXvz/D2T4nNM2wmYYLWrgP+RphemKw2H/5iMNpp7BfuK7tL/l13q8n0lKccHnWVYTEO2DzfM8Phu3+0YivRofV9/wDl/wDxqOq/5e3tdHq1fP8A8HdviDx18fviB9+HUviJafDvQ7j/AJ66D8JdD0/RL6A8/wDLt8UNQ+KFr0z3J4xXpfxI8daT8M/APi/4ga5/yDfCXh/VNcuLeMf6VfyWEFxPBpVj/wA/OoavcfZdL0u0yt3d3d5ZWWa534G+DdU8BfCXwN4b8QPG/imHR/7Y8aXEX+quvHfiie58VeOL6Dsf7Q8Yaxr110z/AKXnnFfqcfcw1WauvrF8M317a6229h5d+baP9i4h+2zbAYe3+7/WcS7vy9hh9LJfv/b1v/BVnzWUper0UUVynrBRRRQAUUUUAFFFFABRRRQAUUUUAFFFFABXz/8As27dM8C634Ab5JfhL8RPHnw7jt/+fXQbDXLjXPAEH/hr/EHg264P4N/D9AV856XcR+B/2mPE+i3D/ZtK+OXgfSvGmiCT91Fd/EH4X/Z/B3jiDPzD+0NQ8D6h8Lrq1tf+Pz7L4T1q95srEGy6aSdSlVo6a/7VfbX71fT797rU8rHL2WPyvFp63+q6rf6xvbp/vFGjR1cf4vmzoPijo8tx49/Z41ix8tLyH4uf8IfeXEkvlRf2D8QfB3ijRJ4J5+P+JfbeKD4N1S6/7BPQ4xX9F3/BM/4Mr4y1S7/bI1ywki8I3fg+b4R/siadeQlJYvgkL3T7jxh8avs8x/0fUPj9r/h/Qrrwvcn/AJo74J8E63Y/YD4/8TWLfgnq3w78K/Fjx3+zl8OPHlm+reBvG/7VH7N3hfxhocd1PaxeI/C/iP4t+F9D1zw3fz2FzbXH9j+IdP1C50vXrW1urP7XpN1e2R/4/fm/tusrK10+1tbGxtYLHT7GCK0s7Ozhht7WztbaIQQW9vBABDb29vCBb21tbqgRQMZwWr6vhHhzB4jHUuJKq/e4DDf2Xhf+oT/oIxK0/wCn3serf75XVry/if6S+ZVsNxVSymjf2OPyzD5niv8AqK/j0NNVd/uH29ZH8qf/AAUsXyf+CknxdhXhJv2b/wBmTUPrLJ4j/aIsZx0/599Gte34nGG+R6+tv+Cjk8d//wAFEPjjdxtv/sf4R/s8eD5/+mV1YWPxA8YeR/CBP9n+IFrde4vMnGM14j8JfCP/AAmnjzQ9JmTzNMtbj+1dX8ziL+y9L/fzfaOn/Hx/ouljn/l7zkZO38R8SakYcW51Vto/q1//AARQ9Ouv5X3Ofgh8nCuWe011xP8A6er26P7vdv1tdo+prrTfFvhn4M/D34R/DeaSx+NPx41/RvhP8N7iOIy3ejeN/iX9vvtV8cTwdbjT/g/4Ht/FHxR161IP/FPfD295F6BX9Hvwu+HHg/4JfCz4f/CjwLY/2R4E+FXgfwx4E8JWDSCWa18N+DtDsND0m3nmG0XFwNPsLZbm6zuu7nN42CSzflr/AME8/hjJ8Y/iHq/7a3iC2kbwJpmj698Kv2SrS4QfZda8JX97Yn4q/tC21vzmH4n6voul+DvhfqZC5+GHhK+8U6JetovxlZV/WnxFfYjWzj5eb96+P+eX5DPr/D64OCK/XfDfIpcI8K1s0zCl/wAKWbf7VirbaX9hh9tHZWe/8XX+eP47xpnLzvOlTpf7lgP9mv574jEen+e8rXORmka4meZv9ZNJ5nv/AD5/76GOoB6LHRRXNKU5T9pPy7rz8/8A275fa+eGM2OB17n/ACOv4jH4fNFRRUgFFFFABRRRWMpX9Pv/APbY/wBdre8BRRRUgFFFFABRRRQAUUUUE88e/wCAUUUUE+08vx/+5n//0f7sKlVccnr2H+T1/AY/D5kCf3j+Q/8Asx/L8qJO34/0r8tlK3q/P89Jflr52931unu2/r9fX5j+FHoM/X/P+fWms2OB17n/ACOv4jH4fMze3r+lNo5I9vxDkj2/EKKKjduq/nz+PTb/AOzf4VnP4n8vyKHM2Pqff+fDfy598fLDTt7ev6U2pAKKKKAGtwv6f569v8jOab8z+w/P/wCJ/oPqaPv+2Px6/wDfHp7/AIVJWMpX9Pv/APbY/wBdre8BRRULNux7e+f/AGVf8+mPmkAZt2Pb3z/7Kv8An0x80bNj6n3/AJ8N/Ln3x8ozY+p9/wCfDfy598fLGoDH2xnjn+q/z/L+KJStot+r/pb/ADVvl7wOj7/h/WnlguOv4HH9D/MfrRwo9Bn6/wCf8+tQli2On4HP9B/M/pWRUY39Pv8A/bo/12t73U6Z4g2lIb4fJ/yzuf8A49/9Yfjx83mP7QX7NPwN/ap8Cf8ACvvjl4A0fx34bS7GsaHdyyXul+I/COuJb+TB4p8BeMtDurDxP4I8U20EzC017wpqulasLV7uza7eyvb21rpKvWWpXVi2IX+T+5J/qv5enb8j2r6bL+IZUY/Vsc/b0fPf79Puvr0tuZTwy5+elpWvrpfbf57WXu9deh/PJ8b/APglD+0d8GnutW+BPiCX9qD4bwb5I/DHim58N+Ef2hfD1icmC3ttVzoHww+MMFqOTd3Vz8KPFVnaWu37H8QtbvHvL38Pv2ota8N/C/xZ8MvGXjtPHHw98W/Df4gRXnizwfrHhLxjoPjG68JReFfHE99Y+KvhzfaPB4o+z6Pp/wDanjLwvqmqaBZ2lpaaTrV7outmy1q9/tr/AEFtNvm1C3EzQmH955f+R09PXH44X8c/2wbjR/jB+3F4M8C6ppWn634b/Zg/Z/1TxbqFvqFhBf2svxG/ag1zUPB2lY884/tDwv8AC/4P+MrXVbUMc+HvjHZfbcfbrI15WN4EyH6xS4gyyricBr/uuG/3bE/WL/8AMOv4H1jbda/8uo3tH9K4I4sz/E5zlWUVvq2PrfWcPisLisT/AMwqy79/9Y3f1jWh5JN39qtXL+WDRbvxd+1j408Ma5qXhvXPB/7PHgPxBYeLLSz8S2M+jaz8WvGWgz/bvCsH/COX32bWNP8AB/hfWLe18Uapda9aaTd6v4h0nRdFsrNdF/tq/vfuuvvTXP8Agnn+yFqomk0P4Uf8KxuZzLJ9o+CfjLxx8Fv9Kuv9fPPpXwr8U+FtHv7ie4/0q6/tTTNXs7q7/wCP2y5ryfXP+Cdd9bedN8OP2ovjBoDfvfs+kfEnQfhl8VfC9r/zw/1PhfwN8Qbj/t5+Iw/HBLebicnnO/sKt6OH/D/0/wDLR67bOUv7SyjjqOD9rPM8Biq+Mr/71i8NiKGI1/7j/UHQw9D/AJc0f3vzqKdSr8x0V6FrX7I/7Znhfe2k337Ofxjtk80eZHqHj/4D6zLH55/48dDvtO+PGj3Fz9n73XjHSbT1vRXk+taX8dPBe/8A4WB+y58cNEtYeZNY8F6N4c+NOjS/v/I8+xsfg54o8c+Ofs//AGFPBukXY/58jmvLqZRj4/8ALn6x/wAHva19fT0lufY4XjrhvEe5PFPD6pp4qhiMNb/uYa9h11/fa330cTWorymz+OfwjutUTw/dePND8PeJ5v8AV+E/Gktx4D8Zcevg7xxb+H/FHr/zC+2D1wvqqlSqMr70cjZJ/n657Y9ADiuGpRrUfcrUfq68vv2fe/8AM7eex9LhcdgcfBVcDisLXo/9QuI+s/ra606389Wyo2oWYvk01rmNL+a3+2R20n+tli6/uO1x9n9s+3UhblcX448JN4q0tFsbyTSPEOmyfbfD+sR/8ut//wBNzkm40+45+1c/lxXmvw/+M0d94gf4Z/ESGPwr8S7SOX7Pp97LBFa+KbW1/wCYr4cn/wBHt9Qt/wDSLX7V9lAu7X7XZfbbOxF7ZfayNPnhzw/r7vw3f4uM1MXTo1aVHEXw/t/90unpp/u/S9e/nHfpZ83v1FFFZHWFV7q6t7O3muruaO2toY/MuLi4l8qKKLPbAH06fnzWN4q8WeHfBOg3/ibxVq+n6DomlW8txd6jqF3Da2sUcX/TecW8H8vUKeTXiHhK+8RfGzUofFGq2GoeHvhjYXHmeH9I1CKe11TxbLF/x76rfWE3kXGn6QOR9luj9su/+PH7DZf6b9t0jTnKHP8A8udtOn4//I2873jzVsZCFWlh4/7RWxD699/rGyth/LW19eXY+jYZo7iGG4i+eGaOK4Q48r91L+X4nHHoP4X0Vy/ijxx4L8D2Y1Lxp4w8L+D7Dkf2h4n1/StBtfwn1We3t/bke2RiphHnnyQ/y+e36fLobTrQpR9tVq/VqL1st/xaXy/FJnUUV5zofxKtfG2z/hV/gn4s/F1J+bfUPhn8KvHPiPwvL5v2jyB/wn//AAj+n/De3+0/Z/8Al68Z2fqAMfN61o/wV/bH8YbG0P8AZ78P+ALab/l8+Onxk8O6DdRReR5/nnSvg7pHx4uLjr/x63VzpF3/AM/psgdy+hSyzHT2pN6f9g/6pqy6Jy9Vc+bxXGfDeGd55rhcRrb/AGb/AIUdv+vHt9PXbreyZl14j8ePhdqHxO8JWDeFdUt/D3xI8D65a+OPhn4kuPP+y2HijS4Lix+w6r5BFx/wj/ijR7/VPC+vfZf9M/snVvt1kVvrOyFfbmkfsGftBa5+98eftJ+C/B9m/Eml/B/4Nz3OvWv/AFw8cfE3xx4p0e/9P+SSWvXvwW9a0f8A4Jw/BX73xA8e/tAfFd/3vmf8JJ8X9c8EafL5v/PfQ/gRb/B/w/cW4/59brTLu0/6cTxXdh8nxMJc0qmG/P5Xt08ub9D5fM+PssxmGqYSGVYqusRZf8uMP9/7/EV8P/05fsNN7N6H5U/st/tIaT4z/aq/ZL+FfxX8N+Mfhn8StH/aY+DfiDV9H1DwvrmqaZcy+F/HGjz6HBpXirQ9Pv8AwvqEHiDxxceDfDGl3Vrqlpafa/ENle63/wAIxj7Faf3vV/N5r37HPwb8N/CP4r+D/gR8N/A/wl8beOfCl9b6X448OaBY6f4ji8b6L/xPPAHirXPEfOseINQ8H+MNP0HXbS51XVLzF3pNlyelftN8Kf2l/C/j39kTwL+1pq8MuieGNf8AgTpXxs8UaXHGZL/w5jwZB4q8VeHJYPlmbV/D1/BqmhXdoR9pGr2ZtOHA3/oWQQw2HwlalRTv/vSffyt1stb6ei0R/GPjhWzbNM/yrM8xf1j2+Wf2Zhf+5bEV3/tGlD2+Iar/APPqjrZey1P5mP2rNa/4Sv8AbJ/a+8YRvG1lrHxs/wCEf0/ypfM8qL4S/DL4b/BXVoO+P+Ko+G+vXX2TB+yXd5e9K98/Y+/ZU179qW41LwjINU0L4JzahFb/ALQnjjT5ZtLv/Efhy1FvfWP7PXgfVYTbXFvrHxBguP7T+LXijS9114T+GV5Y6Lo17Y+M/Gmja34Yrfsr/sPfF79rfVrn4heOJ9U+Hfw38W67rvjPxx8RI44Rr3jfxH4u1y58VeMIPhnBqttcfaBqOs6vqtyPHmq2l54e0o3e3RbPxRfWd5ZaL/St4D8B+Bvg/wCBvD3gHwBoOn+D/A3g6wi0vQ9E08Ti1tbYT+fNNNc3Etxf6jf6jfXF3qeratqlxdat4g1a8vtY1m/v769vb26/K+HuEZ8QZ9iuL88pewyz61iMThMLif8AmK60MRiFp+4w9tFr7X+Z02lV8viLiWOUZLheGcsq/wC2UMNhsNisX0wv/QRh/wDsI010fstne65dyystF8IaFp2j6Ppun6LoOg2FhpGh6HpdtBY6XpWl2EEFlpWlaXYWcMFvp+n6fbwW1raWtpbi1s7O1wAAMVxVxcSXcz3En3nk8z1/L7pHHHf2HQVa1LUpNQm3N8kSf8e8Z59vbH58+3Vc3zPb9f8A7XX1Wd5r/aVb2NL/AHPDuz0/X3X9y83a7UvzKjR9nDv3+f3N6aWt11tcPue+fw6f99+vt+NNf7x/D+VNor582CiiiplK3q/P89Jflr5290Ciiis5Sv6ff/7bH+u1veAoooqQCiiignnj3/AKKKKiUraLfq/6W/zVvl70+08vx/8AuYUUUVHPLv8AgTzy7/gFFFFSSFFFFVzy7/gB/9L+7ioWbP0/P/2Vf8+mPmGbP0/P/wBlX/Ppj5m1+XcvJffz/pN3+5fM9aMber8vy1l+evnb3Siiio9p5fj/APcygqvTt7ev6U2swCiiigAprNj6n3/nw38uffHym9fX9Kavzdf4f6+owP5n14qZSt6vz/PSX5a+dvdByfdH4/zp1FNf7p/D+dYgRs2fp+f/ALKv+fTHzRs23Hv74/8AZW/z65+V1ReY3oPz/wDtdTKVvV+f56S/LXzt7oL5fv8Ap/8AbKUtt4x0x3x/7K38zTuFHoM/X/P+fWoKxNYxtq9+i/p7/JW+XvFFFFBYUUUVEpW0W/V/0t/mrfL3g9I0mH7Pp9tH0/d+Znk/639/0+X9frgYw34R/DnVP+E7+KP7W3xkkfzv+Fk/tUfE/wAP6XcfuJPK8Ofs8/2P+y9pVvY+QT/xJ7jUPgvqnii1P/L3d+Ib29yTe1+7Gk3kdzZwqr/NDHFHJH6/5H+Tjc35yeMf+CZfwy0yS/1r9l/4hePP2VPEN/qOp65ceH/B91/wnnwH1nWdUvrjVb6fXPgR4+uNQ8L+H7fUNRubnU9V/wCFNan8HPEGq3Zze+JyMCv0qph/reWYWlha1v8AdlfVWt1+106NadOa75fZ4Iz/AAHDWfVMwzCniq9L6riMN/s2+F+sbd9v6tex5NRXE+KPAn7a3wdd/wDhPPgJpHx98MW3l/8AFxP2WPEdj/bv2Qf6+/8AEfwC+Ler6B4n0fPUaV8OfiP8eNXvAc/YeCF890X9pr4I6tr0Pg/UPHVv8P8Ax/P5vl/DP4waN4j+C/xQ/df6/wAj4c/FvR/B/jC5gt+11a6Fd2n/AE+mvm62BxmG/i0fv0+/Vr+t2f0vlPFvD2dN/Us1wyrdcL/u+J7K1Cvoumtn8rpnvFFFFch9Ac74o8H+EfG+kzaD408KeG/GGiXP/Hxo/ijRtK17S7r3nsdVt7i3ucY5/wBEwPfq3yRrn/BOz9kfUmmuPDPwuk+EV48nmR3HwL8ZeMfgtp8Usv2efz5/Dvw58QeH/B+of8e+PsmvaBq9px/x5tjK/bNFXzS+DX+tPy1uRKlRnP23sf33r57dOl+i7O7u5fmLrv8AwT18aaXvk+F/7UvixP8An30v42fDnwP8UNLi/wCPj9xBfeAP+FIeKBbf9PWqa94gvOP+X7q3yP8AHL9hL9prxdob6b4v+Evwn+MdrYSG80PxB8J/irfeCPiDYX9r/qL7SvDnxG8PeGNH8P6hbXH2r7LdWvxuF3aH/jyvbP8A4/a/fKiueeFw3Pz+ySXa31f8aF977e9b+ZHpxzXNoUvq/wDamJ9jp/smK/4UPn/tyrvbz++5+In7B37GP7Q3xyn8efCTxz+0NqHwU+OXhXzPFnhv4P8A7Qn7Of8AwtTVZfgZa31v4V0nxjB8YvhL8Yfh94G8Uahc+MP7T/tS2tdU8b6tpWlf8IWNavP7a1m91qvvzxd/wSq+Mnwf8JeKvij8VP2zPhPf/DrwB4b1nxp40k8H/sW/E3/hIrHwx4csLjVdV/srS7H9rDxjcaxc22nW90ftVrpZ6/bP7E4Jb7W/Yh09vEv7Y37T/jUeY+m/DL4L/AL4P6XJ+48qLxZ4t1z4n/FTx/Y958jwvcfBC7wcZ+1k5OCK/Urxp4V03xz4P8W+CdbXfo/jDw1r3hfVI48c6X4j0q40q/64GTBcXPfk8cdV+nwuS5ZVw9GrVy/C/h/VtO/rex/NnE3ilx9lGd5pl+XcW5p9Uw+K/wBlX+z6f9Q/+7/8uH+5oaPXvc/gt0j9kn9oz4zfEzUvHM3wl+Inxs8Aab4lutU+Bfjj4ua/4A+Bnwr1DwTf/Z9U8D+Kh8Kv7Q1j4keF/EFxo+oWv9qf2/8ADDxb4s0nVrS9+xeJxZfYrK9/QPw7+xH+1Dr0cK+Lvip8E/hLYL5cUmh/Dvwb4q+LWqRRY/1Fj4w8Vah8J9H0/wD0fn7VdfC7VrQd7LmvuT9kfVdS1b9mX4ILriRp4n8PfDvw54H8aW8f2fyrXx58OrH/AIQDxxYkwbrf/iX+MPD+vW3b/j06jgL9FV87WweH9rVf1X5dv8u/9M/obKs5zn+y8Jy51iq/t8Lh8VisV+4w+JxV6H+8YjEYfD+3Wvat/wCBbx/PPRf+Cb/wslVD8Tvip+0J8Wn/AOXi01D4lz/C7Rv9R5Hkf2V8AdH+E/2nT/8Ap217VdVx/wAvt3e5r6K+Hf7J/wCzL8Jb5NW+HfwH+E/hXxCJPMk8WWfgjQ5fGV1L/wA977xje6fc+KNRuP8Ap6utTuuwOOa+gqKIe4+SD/Ba+f8Aw/r1M6kfrEva4j9/W6YvFf7TiX5LEYi+3Ta3Vu9gooooGFFcb42+Inw/+Gukv4g+I3jnwf4A0FPN8zXPGninQ/C+lxeV/r/9P1y/0+3zm46favxOa890D4yeIPik0Nv+zj8CPjh+0B9q4t/Fnhrwb/wrn4Q+VND5327/AIXT8ab/AOHHgDxRo2f+Pv8A4VzqnxC1YdbPRry9/wBCranhq1b+DS9df+Br98fXS8fOzDOcryuHPmOPw1D/ALCsT5+e/wDXc90r0n/gm2llP8LPjZ8FdTiS5s/gD+1r8VLDTLCWOHyv7F+KE+gftXeD4EX52Ok+Hv8Ahey6Dpi7VFr/AMIt9jVjaWRFcJ4Y/Yl/ap+KRtbn45fGvwx+z94YmzJefDf9mO1/4Tb4gXUUvP2HVf2hfir4Yt9HsLe4t822qWvgz4DaB4htLv8A5AvxOwLO9T71+AX7LfwR/Zk07xPZ/CDwdcaJf+OtQsdZ+IHjDxB4n8V+PPHvjvWNLsP7KsNV8ceP/H+seIfF/ii507T82emDVNVurPS7QmzsLWxs/kr6TLMFWwc6s6va3+d9/l5dtz8C8SOM8j4jwmFwOWfWsRWw+K+s/Wv92w35+39fwV9T3m81C1sUDTON5/1cfWWU/p79+PbPy8DqWqTag/7z5IVJ2W/+SOmPf8Pu1Y1y8jvLzdD86Qx+XvH/AC17/wCST+C8bsWTt+P9K+SzvN62JrVsLSq/7G//AC6t1tZ6dPs67N/Z/LaNGMIe07+n5Wsu27/H3T7/ALY/Hr/3x6e/4VHRRXzR0BRRRQAUUUVjKV/T7/8A22P9dre8BRRRUgFFFFABRRRWM/ify/Ixn8T+X5BRRRUkhRRRQAUUUUAFFFFAH//T/uwooprNj6n3/nw38uffHy/lHNz2/D+mlb738j2Af7p/D+dR729f0ptFIAooooAKazY+p9/58N/Ln3x8rqj+/wC2Px6/98env+FTKVvV+f56S/LXzt7oKq45PXsP8nr+Ax+HzPoo3bec47ev+f8APpWIDWbbj398f+yt/n1z8sLN3P8An6cD37ce+KczZ+n5/wDsq/59MfNDJ2/H+lTP4X8vzAkpOFHoM/X/AD/n1paiZs5X/wDXx+A/mf1rEqMb+n3/APt0f67W95GbP0/P/wBlX/Ppj5m0UUGwUUUVjKV/T7//AG2P9dre8BRRRUkz+F/L8ySOSRG3RPIjf89I8w/4fT+L224G7atfEF3DxN5dyn/TT/W/XHQenf8AquDRXXhMbjMHPmw9T2FtdXfRfJWv/wBveWzUsXGE/wCJqvT+raeX3HoVnrVneMsa+ZDK+P3cnt/j16D8etfCX/BTXQ/DXir9knxD4N8S+GPDHiq3+JHxY/Zt+D6aZ4r0XStd07/i937Rfwo+Eeq3sFnqtvc2xuLXQPG+q3RuVtcra2l4ThWO37L8O2rSXn2j+C1j6/8ATSX2+n16e+F+Pv27DJql9+xd4HMMc1t45/bU8B/bI5P9VFD8Kvg78cf2hbe4PQ5g1f4P6X9l4OLz7FzxX6DgMdiMTlNTF4hf9BP/AAdrPb7/AD1Rz0aMZ47C0YdcThtfuXnrZb3t1stDwC//AOCcf7NVrvm+FsPxQ/Z7uf8Alhb/AAD+L/j/AOH3g2w/4+eIPg7/AMJBf/A//Rjcf6L9q+GF2D72WDXI3n7HP7SHh3f/AMK7/bJ/4SSFBL5dn+0Z8A/A/ju6l/cfuIP7b+BHiD9mf7P/AKR/y83Wmat/1433Ffo9RXwkMbib/wARfJu3zt/X4n7Hh8djMHrQxWKw/wD2DYjb5aX6rrbe6tY/Lq8+HP7enhvf5nw0/Zj+KVmkkW+88L/Gn4j/AA116WL/AJb+R4O8V/Bfxx4f7/8AHrdfFG0x1+29K5a68dftBeHfl8Z/sQ/tEWEKSSxSa54H1r4BfFDQTFF/y3gsfCvxpuPiBcfaOnHw4s8Zzziv1ur5Z/aq8WeLG8M+FfgX8K9YuNE+NP7TPiSX4R+A9c0//j/+H2g3WlXGq/FT4xZwfs//AAqf4X6frvijQbq5xpOrfEL/AIV94Lvv9O8UWRrqw9WriatOlClb2/pr5a9dn0/Jy9KXF+c4GjVq1cweIo4fT/acNQ/4H/A87WPgDw3+2N8GfEXh7TfFc1h8aPCXhvWLi/s9P8UePP2bv2hfBHg2/utL1W40q+gsPH/iL4Xad8P9X8jUNPubX7XoHinV7T/ROL0Z+bUsv2yv2Q9QurbTrT9qX9nebUry9i06z0v/AIXT8OYdUur+WfyILGDSpvEDX/8AaFxcf6L9l+zfbPtfHOQF/ejwD4H8KfCvwF4M+G/gnSrTw94J+H3hjQPBfhPRLbbFa6P4c8MaVb6HoelwdsWun2FradMkLkBs11a3Fu3Amt2/7a/59K+qnlGG/wCfu/T/AIH/AAfuujwqHjJnMWvrGVYaumv+n+H/APl+77L5Ox+cP/BMXRJpfhB8Z/i1dQyw3nxz/ao+OfixPPj8qSXQvhdrmn/sv+Db2ASwQYsNY8HfADQNf0zIwbPWFvfm+2iv0iV1bfj+CTy//r/y/hGfbGazmn03SbXbH9ntoU80x29vHBGM/wCv/cQQ4HboA2evFYWia0vmXMd22z7TcfaI5OsX73/lh09vX8sYrrqY/D4SthcJOrfv+O23fv5trY/J8dWq5ji8Vjp6VsRisRifP/aH6Pvq9+nK7Jy/AOf4h/Cv9mL4qftY/DX4t/Ez4f8Awp0TQP2sPiL4g8D3nxI8ZeHPBFhr+l/tBaH4X/aovj4cn8RX+j22oW+n+MPjR4y0H7Lai7+xnw9fcDndoW/7YX7Muq/u/Cfxj8KfEu5S5it/7O+Dc198adZ+1TcQQf2H8JNO8Y6x9ouP+XW1+zD7X0sg2AF/oQVbGJ5rlfscM1z5X2i4QQRSyeV/qfOm5+0eQOMknA4GBmplubdm2rNG7/8APOOX/PH49DnmsK2WYetWqznW/wB4+XW9v6SS802o/peW+K2aZXleFy6lgcLX+oYb6s8TiVXX+7/NvXbW3ax/PFpf7Ti+MPEHifwj8M/2e/2sPiL4q8GSaNB4k8P/APCgvFXwf1TRpPEdj/auh/bv+Gk/+FH29vb6xp/+laXql3d/2Rd2f20WV7ffYty+g2cf7aHiZseG/wBkLT/B6NceXHJ8eP2h/hz4S/0X/nvPB8DtN/aXHqfstqLz0+b+H7I/a2sG+B3xi+Ff7Xtj/ovgvUI9G/Zv/ab2E+XF8P8Axd4pJ+CHxTvuSCPg98X/ABDc6Dqd1c/ZbPSfh78bfiF4l1m9Fl4XBr6Sr53NKc8BiPYwo/udu+nr57bLbrtH6DL+Ps8zfDqt7TC0K3/ULh//AJeq+vTa/pb3vzMs/wBnn9uTxMv/ABOvip+y/wDB+Fo/9Js/DHw0+Jvxz1SI+f8A8uPiPxH8QPgRp9vcfZ+t1deA9WtPtf8Ay5DA3dXZ/sCtrRMnxa/ar/ac+IUL83Hh/wAL+KPCvwC8Lxfv/P8AIsb74EeD/AHxQt7f/l1/4mnxP1a74/4/hwG/QiivKljKu8P8v/cnp/SFWzfM8S17XHYm3/YR/wDKL27/AGe9loj80V/ZP/Zt/Zz/AGsf2GPGXw9+Dngy01zxz8VPir8IPEHjjxPFfePPiNf/ANp/s2/Fj4t+G77VfiP4/ufE/jjWLjT/ABB8D7W10u61TXby6tLvVv8AQ8i9w/7YTzw2sLTTPsRP8/56Y/RvzJ/a28zS7H9m/wAcwwxzXPgb9tT9lDZJyZbWL4q/GLw/+z1fTwdB/wAgf4wap9qyR/on23rgGv0w1C3a6s7i3X/WPH+77fvIv8fqcdsZy32GT4mtPKak4fv61D6x0a6/4pN6/wBO3u/lXE1KMM0/7COna/Xoui/Hey5sG78TR/dtYN//AE0k7e/t+X0Bx83P3WpXl5v86aTZ/wA84v3UR/n79/QDPWqNMZscDr3P+R1/EY/D5viMZm2OxnuVavrd7efX835NX93z40qdN+5f+vWz/DpstGPqvRRXmFhRRRUyly7/AOX6P81+IBRRRWIBRRRQAUUUVMpW9X5/npL8tfO3uzKVvV+f56S/LXzt7pRRRWcpX9Pv/wDbY/12t72cpX9Pv/8AbY/12t7xRRRUkhRRRQAUUUUAFFFFABRRRQB//9T+6zzPb9f/ALXUdFFfk57AUUUUAFFFR/f9sfj1/wC+PT3/AAqZSt6vz/PSX5a+dvdBvzf7X/j1SbF9P1oVcfU+38uW/nz74+V1YgFQs2fp+f8A7Kv+fTHzOk7fj/SoWbH1Pv8Az4b+XPvj5QAZsfU+/wDPhv5c++PlE+6Px/nSKuOT17D/ACev4DH4fMM2OB17n/I6/iMfh82MpX9Pv/8AbY/12t71Rjf0+/8A9uj/AF2t7zGbP0/P/wBlX/Ppj5m0UVJsFFFFRKVtFv1f9Lf5q3y94CiiisgCiiigxlK/p9//ALbH+u1veKKKbvX1/Sgk7zw7B5eniRus0ksv/tDH4fU/hjLfjV8a/DfxA/aJ/bF+Nmp+Hf2hPjB8JdH/AGV9Q+EHw4+H+n+B5fAGs+F7D4v3/wAHfE/xG8f+Mb7wP8U/A/j/AMLahrGsfDf9qDwb4Nu9UtNM0rxANJ0m80Wy1mz/AOXL9nLm8tND0W51C7mMVjpVhLeXlwIZpfKtLCDzZpxDCZ57jEEBOLYMSM45FfjV+xfrFj46+AHhv43W9zb3mpftMax4o/aY8QXlvfwaqYtU+Nut6h44sfDk99B9ot7n/hX/AIX1DQvhfa2v/LppPgiysjj7Fhvzb6UvHWZ+HPhjlWHyHH4rAZxm2Z4bC4TFYV/8w2H/AH+Jvv8A8+KNHa373ytL2+EMDHHZtVnV/g0NfuV9NmrdlfvfaJ0FrrX7engpttv4t/Zk+P8ApsX/AB72fizwl8Rv2c/Fskfn/wDMV8ceFdY+O/hfULn7P/y96X8JvD9oe1kOq7MP7Wnxq8O7F+JX7E/xgKIYvtmufBP4g/Bb4v8Ahe06+fP5HiPxj8H/AIoX9uP+oZ8L7y7/AOnIdK9zrL1TW9F0NbBta1jStJGpaha6Pp/9oX0Fh9v1W/n8ixsbHz7i3NxqFxcf8etraf6X7HPy/wAR8P8A0ovFfDTpYer/AGXxLW1/3rLv9p/8sPqK387K2zufp1XLcHRiqs6rw9LzuvP/AJf3t+OvRJ2PMI/+Chn7L+nrt+IHiH4ifBN1jMl5cfHj4GfHD4N6Da+VP9nn/wCK58f/AA/8P/D/AFC3/wCnvS/FGr2nGftnKqmh+wR47+Gn7W/xM+MH7ZfhT4h+CPiFodhJqf7PnwD0/wAJeKdD8Ty+DfhD4c8SXE3jbx9fQaTqWoXHh/WP2kfiR4X/ALetRdfZRrHwn+GPwX1mzAvL3WVr1OoP+CZugWV5+yv4I+PV7e2eq/EL9rq2sP2nPiZqlv8Avf7P174jaHo3/CO/DmCfknTvgv8AD+x8L/BrTc/Zbm6/4Qi81u+sl1vWdZr+zvo2+MuZ+LWY5/DF8N4bA0chw2H+tYrDZj9Y/wBpzBV/q+H/ALP9h1oUK/7/ANvH2PX+Lc+I4yozwGEwtJ4r+PbfDu16HTStLa/TfbW14/bXii8KrDZr9xz5kn/tAfX8PyrjK3PEU7T6g6lNnkx+X+v+e3sMVh1+2Z3WdbMcXLX+t+9tu/3nxFKPLFf1t+f3L5XsFFFFeUahU1vO9rLDcR8tBL5nTt+fpnqecds/LDRVRlOM/aQ8+78/L/235/ZDsPG3g3wn8UPAviv4f+OdEs/EXgfx/wCFta8J+LNA1SIS6frXhjxRpVxpet6VfLnBt9Q06/urW5+ZTj042/it8B/2/v2cvhxpPi39nX4yftN+A/G3xg/Zy8UXXwvk1Tw/4ig+JXjP4yeA9P0rT9V+GfxUt/Dnw6/4SfxBrGv+IPA9/pel/Eb+y9K/4lXxj8O/EHRRZH7FZfa/3G0eZrjT7ZimzZH5fsfK/P3/APrda/I3wfoFn8Jf2q/2qPgL4XubO5+Hltb/AA0/ab8L6XBz/wAK+179prXPjQPiN8OYIc/6PYXHxA+E2vfGTSzkfZP+Fx3ui2dlZaLomi1zeNfG+I4F8PavGOEyX+1vqGKy9YpfWP7OWFwuY1/q/wBY/gV/rD+sV6F6P7q/8V1V7JI9XhRSnm31X2rw/t3fvp5a6669N1o9Tbl/bo8P60234W/s5fte/Fd2kijjkt/gZe/Bawk8yDz/ADzfftX6x8ANPubf/p7tbm7/AOnP7fkGsuX43ftpeLF2+E/2b/g/8KrObyvL1j40fHjVfFHiiw82D/lv8OPhJ8P9Y8Magbb0/wCF3WvrzivatU1zRdEawXWtY0vSv7V1CLR9L/tTUILD7fqkkE88FjY+fcW/2jULi3t7r7La23+ln26VqV/nvnf0rvEbE0qU8vybIsoo4j/dcV9Wr4jE6dPrFeu6GI7fwVpdpu9j9Sp5dh5yqxli/rFbD6/1qu/n6WufJPiT4L/tJfF21trL43ftaahpuiW2ueF/Ev8Awif7Nfwg8HfCXRv7Z8GeI/D/AIx8OTz+I/ibP+0R8SLefw/4o8P6Xqlrqng3xl4I1b7XaWV7ZfYeLGvu39gDxz4m8e/sjfB+68deINU8W+P/AATZ+Kfgp8RPFGu3U1/rvij4hfs++OPFPwP8c+I9cvpzPPfal4h8T/D/AFTXrq7PN5dXpvuReba4iuF/Ym8T6L4U/aP/AGyf2fdMuoJk+2fCX9qe1sLe7N1/YNz8c9K8T+AfGGh/Z4M/2QbjxV8B7n4jXNtdYutU1X4nahfWT3diCLT9j+id4ycW8X8d5zkHF+c4nN/r+WPFYX/ZqGHw2FxOXV/9oeGw+HoUKFD6xQr9v+XOq3PlON8qo0sDhcXSpX+r4r77/LWy8/PW1j7u1aH7Pf3Mf/TTzU7f639/74+uPcgDistvmznv+P5fd/p/Wuo8UxKs9tLj53j8v05iz/nqcdM8/Ly9f1tmmH+r5hi6T0stu11r11/D1d1y/n9OXPD+tv69fxtEooorzTQKKKK5wCiiigAoooqZ/C/l+ZEpW0W/V/0t/mrfL3iiiis+eXf8DIKKKKkAooooAKKKKACiiigAopvb+5z7f/qp1ABRRRQB/9X+6iiiivyc9gKN23nOO3r/AJ/z6UUxmxwOvc/5HX8Rj8PmmUrer8/z0l+Wvnb3QR26r+fP49Nv/s3+FOT7o/H+dIq45PXsP8nr+Ax+HzPrOUr+n3/+2x/rtb3gKazY+p9/58N/Ln3x8qM2OB17n/I6/iMfh80VSA1mx9T7/wA+G/lz74+V1MDbuMdc98/+yr/MU7hR6DP1/wA/59axlK/p9/8A7bH+u1veBH+6fw/nUNFFSbRjb1fl+Wsvz187e6UUUVjKV/T7/wD22P8AXa3vUFFFFSTKVvV+f56S/LXzt7pRRRQYhRRTGbHA69z/AJHX8Rj8PmAE8z2/X/7XTd7ev6U2igD0jSdUhvYUXzNlykf7yP8AAf8A1q+FPij+wrZnxXr3xY/Ze8eH9nP4o+J9Un8Q+NfD6aCPGf7P3xa166fzr3VfiL8Hhq3h4af4v1ab/kJ/E74X+Jvh7441i7K3njXUPGllY2mjt9SqWVtyvsdPx/zjt19O2V6Sx8SXEX7u8T7SnXzP+Wv/ANf8unrivdxdTIeJcsq5JxXleFx+W17fWsNisMsThrr564jb9/Zee3vZUvrODrfWMLV+r1d9fLt56W+0n15bJS/K/VPiZ8dvhDvtf2kP2Y/iJolnZ+b5nxU/Z3tdc/ab+Et9FF/y/f2T4I0C3/aA8L/6P/pWp/8ACUfBG18PaV1/4TTWRY3t434K/tQftpeA/jl8atYXTfij4as7DwTqMuh+D/Cd54jsdB8R6Xa2E/kT63feFNUuNP8AEGj6xrGoW/8Aan+laZaXdpafYrI/8eXzf2wW+sabccLcxq//ADzuCIv1I9/8T0Fct42+GHwx+KNith8Rvh94E+ImmqkkaWXjTwn4e8W2HlydB9n12w1C2HTnBAPfOa87wb8H/DLwg40x/HPC2VvH4yvlmJyzC4XE5j9Yw+WfWf8AeP7O+sUatd4ivQao/vq9W9H2tJ29rNHzfiRhc28Q8gpcPYrNP7Jo4fFfWcW8Nhv969hrh/rH8GyoW9to7ut20lH+TS8/4KE/HbVvDs2kt4h8H/ZrzQ5dHuNXs9GhivpBdWP2GfVft0Go/Z7bUP8Al6+1Wtr9k+1/8uTZBr9QP+CFN946T4BfGvwzf22qTfCHRPjrqur/AAO1i8iuP7BGn+LfDmj658TfDng69mxb3/h/Rvix/wAJlqtydLN1Z6R4t8V+J9DDH+x/sVl+gkn/AATu/wCCf8s32ib9hn9jue5Z/MNxJ+zL8FpZfM95/wDhBic54ySfU4r6e0XRPCvgHw5pPhrwtoeh+E/Cvh3T7XSvD/hvw5pdjoWhaNpdlD5NlpWh6LpcFtp+m6dbQEW1raWtpbWloFwFGK/XMPgfD/hzLMXguDuB8i4So4/E4bE4rF5bh8Ph/rP1b2/+8+woUV/y/r9eulrPm+XyHhfifCZyszz7jPM+JnQwuJwuFwuK/wCYb6yqH/T6vb+Cvl80Y/iYf8TBPQWcXb1nuOOvv7/QZrnavahfNfXT3LfJ/wAs0j/55RDjr+Zxx7erUa/JMwqxxOLxVWl/B8rNffePyur66pbS/T6cfZw5N1/l8nf/AMlt/e3CiiiuIoKKKKAPU9M/48LT/rhD/wCk9fxfaV+0V8dvg9+0h+1L468RXX9ifGn4l/GT4gyfEzw/44sJ5r/S9L0zxVcaV8K9LGh31xbXGn6R4X+E+j+DdB8B3WfsmreE/sOtWP27+2ze3f8AZJoeqx+SlncvsdP3cEknHm/9MO/P4jqeOleTfFH9k/8AZZ+N+uw+KvjV+zV8APjB4ntrCLS7fxH8Ufg58OviDr1vplrLcTQWFvqnizw9q9/b6fbzT3TW9ol19kVronB3uG/Xslr8N5jleLy/PshwvEuTY/C/VcVlWZ/7t/HoV74jD3rv+PQfTW2y2PhOLOH83zeOFeU5/ieGsZgMT9awuLwvnh69D/n9Q1/f+fp/L/IJ8fv2vNe+LDaDdfFfxt4L0Cz8K29ydPto7+x8L6XFLdfZ/t2qzC/vh9o1D/R7X/Svtf2S0zmy+x/6aK/Tz9j39vXw18VvhLpul6Po3xU+P3xF8N3EvhqOP4H/AAz8Y/FS18UWtrDb/wBk6rqvj/Q9P/4Vf4XuPs9x/ZWqap488eeErT7Xafbb28/03FftX4R/Yv8A2Ofh/dpqHgP9k79mjwVfp+8j1Dwh8B/hZ4cuovcT6J4Y0+447EFc5+tfRTT2NlGkYlt7aGJPLSPiKOOOLjyYoOAcAD9AMgYr5HxU8N/DLxJ4GybgCfC+F4ayHhrNFmeV/wBheww+Jyz6z7dY/D4b9yr0Meq9sb+4Xtq371tVKUOTk4FyDiLg7iTH8TYni7FZ9mWb4X6rmn1nDJ/Wv+gf6wva1v4H/Lnov4V1e8vyt0P4F/tjfHxtvjq80/8AYt+F1zJH9o0fwxrPhb4q/tS+I7D/AJb2E/iOC38QfA74HXFx/wAet3deF7r9oTVru0/03RfE/gvWhZXtp98/BX4FfCb9nXwYfBPwm8I2fhXQpdQudd1vUZ7/AFXWvE/i3xPqAtv7W8YePvGXiS+1bxh448Yasbe2XVPFPjLXNX8QXq2tlaXl6LSys1X0K68SWsPy2qSXL9f+eUX8yOc/Xpya5G81K8vm/wBIf5B/qo4/9Vj64yPy/E5Ab5ThPhbgDwtwNXL+C8lwtCrW/wB6xVvrGJxXS2IzDEN16+/8C/sXp7K1z9IxuNzHNputja34/h9X5e2t7yb7XZc1vUI9Quk8n/Uw/u0fr5uTnz+cdOnTn2NYtFFZ4rEVsbVq4itpWxG2t389F32u/wAzOMOSHJ069/x/zj6K/ulFFFcEpX9Pv/8AbY/12t71BRRRUgFFFFTKVvV+f56S/LXzt7sylb1fn+ekvy187e6UUUVnP4n8vyMQoooqQCiiigApuxfT9adTGfHT+ecfocn8R+tAD6KKr0HQWKr0UUAO3t6/pRvb1/Sm0UHOWKKr0UAf/9b+6iiiivyc9ga/3T+H86bH3/D+tOf7p/D+dNj7/h/Ws6nT5/oBJQTwT35P+ev8vzopD0P0NZgQVH/y0/z/AHakqP8A5af5/u1M/hfy/MB68KPp/Pn3/wA+nSo36ge38/8A9Xr+VSDoPoKjfr+FYmlPr8v1GUUUVnU6fP8AQ0CiiiswCiiigxn8T+X5BRRRQSNf7p/D+dRAkcj/AD/P+X51K/3T+H86hoAKKKKACiiigApd7J90kf8A1gfp/n1xikprdPz/APQWoAl8yb/nvL/33Td7P94k/wD1wPr/AJ9M4pKavT8v/QVroAdRRRXOA5PvD8f5U2nJ94fj/Km0AFOT7w/H+VNpyfeH4/yoAlAA6f4/56f5xVnLf89JPzb/AOOVXqxWdPr8v1AYC7gl5ZW5xy5P/wATn8cfrmoNi+n61OnT8aipz2+YFeiiisgCiiipn8L+X5gFFFFYgFFFFABRRRWM/ify/Ixn8T+X5BRRRUkhRRRQAUUUUAIQD1/w/wA9f85pn8O/v6/jjp9P8akqP/ln/n+9QANzt9+v6fT1Pp+FR1If+Wf4f0qOg0qdPn+gUUUUEz+J/L8gooooD7H/AG9+gUUUUEn/2Q==\"></p><p>大大撒大苏打撒旦</p>', 0, '2023-03-20 13:06:37', 3, '2023-04-06 04:21:01', 3, b'0');
INSERT INTO `notice` VALUES (3, 0, '停水通知', '<h1 class=\"ql-align-center\">停水公告</h1><p class=\"ql-align-center\">本周六下午14：00-17：00对小区全区进行水管管道维修，将会在17：30后恢复供水，请各位业主配合物业工作。</p><p class=\"ql-align-center\"><img src=\"data:image/jpeg;base64,/9j/4AAQSkZJRgABAQEBLAEsAAD/2wBDAAoHBwgHBgoICAgLCgoLDhgQDg0NDh0VFhEYIx8lJCIfIiEmKzcvJik0KSEiMEExNDk7Pj4+JS5ESUM8SDc9Pjv/2wBDAQoLCw4NDhwQEBw7KCIoOzs7Ozs7Ozs7Ozs7Ozs7Ozs7Ozs7Ozs7Ozs7Ozs7Ozs7Ozs7Ozs7Ozs7Ozs7Ozs7Ozv/wAARCALuBdwDASIAAhEBAxEB/8QAHAABAAIDAQEBAAAAAAAAAAAAAAEDAgQFBgcI/8QAXBAAAgEDAQQEBA8KCgkEAgMBAAECAwQRBQYSITETQVFhByJxgRQVFjJVcnN0kZKTobGy0RcjMzU2QlJTlNI0RVRigoOzwcLhJCUmQ0RjhKKkN1Zk4sPwdaPxhf/EABsBAQEBAQEBAQEAAAAAAAAAAAABAgMEBQYH/8QANxEBAQACAQMBBQYEBgMBAQEAAAECEQMEEiExBRMyQVEUIlJhcYEzkaGxFSM0QsHRBlPh8CTx/9oADAMBAAIRAxEAPwD6QuQC5AjQAAAAIAAKAAIAAKAAZAAAAAAAAAAAAAAAAAAAAAAAAAAAAAAAAAAwAAAKAAAABkAAAAAAAIAkEAAAAABAEggASCABIIAEggASAAAAAAACSAAqAwQSiGYMyZgzFrUYyZVIskVSZxyrciuTNeZdJlMzy8mbpI1qnMq3cl0uZjunzs8/LrIwUOJnGBko8SyMTltUQhg2IIxjEtijvxZaZq2JYuRXFFiPoYZOVjJGWTEk7zJhlkZMcjJ1lRlkZMMkORrbLNyIcjByMHMtppY5GLkVuZg5mLWljmYymVSqFcqnAxchZOoa9SoYzq95rVKx588zSK9XhzOXcVMvGS6vW58TQqTyzx55bS1jORTJkymVSmcpGU72GWU6uDVcxGpg6Y0dWnW5cTap1uKONCt3mxTr956casdulW5cTeoTycOhUbfM6dtPkd8a061OXAvizTpSybMGeiVKvTM0yqLM0zoysTMkYIyRraMkSQiQAAKgAAAAAAAAAAAAAEEkBQACiAARAAgAB1gKgAAQyOtBhcwNimsIyfPIhyMnyNsMXNJN5OVe1FuzZv1YtJ8Ti6m5ujKMSxmvN3U+kuXjlkpqxzwLHTdOWWuJXKeZMmV2YxQlhYZdR5+M8LqK58SU8I511iZtGnVlzL5Sya1QxW413xJQ3eJJFFzJfIxXMl8iUimbNSqzZqGpV6zLal8zKmYllNFNIrvEGcqq/GZ0rl+KzlVZcWWJVfM2bWPjI1M8TetY+Lk36Ms7yWKeCi1WWZ3ksrBNpHCQg7Wm09+tCKXNn0PS6Shbx7keH0WnvXMT3to1C3Wewxl6tYpprfvUuw3Ki37inDvNawW9XnPsZuW66S/z+ijeE8uWd1K6cVuwNV+NVbNqo92D8hq0uLbOlYi5AAjQAAgAAAAAkEEhWa5ALkDSAAZACAAAAAAAAAAAZIAkEACQRkASQAAAAAAAAAAAAAAAAAAAAEggASCABIIAEgZGQAIAEggASCAAAGQAGSAJBAAAAAAAAAG1AANgABtAADagAAkEACQQSNgQwQxQIGTHJiqMwbJbMWzna1GMmVTZnJlM2ebky1HSRXNlEmZzkVM+Xy8rtMWISJwSkeS5NpSLIoxiixFlGUUWJGMUZo741is4maMEZo9eGTFSiSED0zJjRkNkNmLZ0mSaS5GLkRJlUpm+9NM5TKpVSqpVwa06pPeGmy6veYOqakqxXKv3mLmNyVbhzKpVu81JXBTOucssxs1KxrVa3PiUTrmtVrNrBwyySsqtXLNac+IlPvKJzOPqwmUymUzGU+JW5kVk5GLlgwcwssSrpbCozaoZbWSilSbfI6FCjjHA9OHkbduuR06Bp0KeFyOhRgerFpuUpPgbUJGtTjjBswR3xSrossiVxLInWJViMkYoyRqMpRkjFGRUAAAABQAAQAICpIAG0AAFAAAAIIgAABAAUIJyQAIYDAgygsyMTOkvGBWwlhEhA2w168uDOLfvOUda4ljJxbuopSeAjg3/AImcHMjOU5czevt6c2kasLd05cXklWLqcMriJUjOCbLJR8XkYrcaU44NaZtVnhM1WYbip+QxMmYsjQuYlyBi2SrFNTkatTmbdXlwNSZlqq8IsguBgZ5xEqNa7eIs49afFnSvJ8GcmpLMmaxTJMPGmjq0IYic+2h4yydamkoGmXNvJ/fcZ6zbtI5waN141fh1M37HkhUer2foudVPs4HsJeJQ4Hn9n6SUU8HduZfe0jFvluejbsFu0XLt4m9pscznUfNs0qL3LXzHT06GLdPtOuEcc/OltxLEGVUVhGVy+SFNYRqpGYAIAAAAAAAAAAAsXIBcgaAAEAAACAAJyMkACckAAAAAIyAAJIBFAABJAAAAASMkAInIyQCicjJAAnIyQAJyCABIyQAJyMkACQQSAAAAZBAE5GSABORkgASQANgAMjagGRkbQGQRkbVIIyMkDIyRkZCJyMkDIVORkgZAkkgBE5GSMjIE5BAyFSRkjIyBOSGRkjJFGyGw2YtnOtRDZjJhsxkzjlk3IxkyibLJMrkeDmy264xRIwwWyRjg+Zm6xjglInBKOYlIzRijNGojOJmjCJmj0Y1lkjJGKMjvjWakAHeVlDMWZMxlyNdwrkzXqSZfMomiXOmmpVm+JqVJvJu1IZNSpA5zKrpryqMonVZbUiatXga7mNEqr7SuVV4KpSwVuTxzM27TSyVRlUp95jKRXKRzqE5lE5icit5ZlnTFyMeLLFSbZbC3bZqYWqojTbZtUrfPUbFK17jdo22FyO2PEKaFty4HQo0O4so2/cbtKhg9GODWmNGj3G5Tp4S4E06WFyNiEOB3xxCEC+KIjEsijtIzUxRYiEjNI2yIyRCMkVEokgZKiQRkBEkZAAZGQAABGQJBGSQAAAAgAAAAIJZAUAAEAACGyAAqGXUV1lPWbVJYihErMh8iTGbxFm2GjdvOcHAu6yjUayjt3NRbsmeXv6M51nLLwwiisozeUYRpZ4srVSNOW43llirS/QIq2EIpcjCs8RZkp8OPAprzyZqxo1pZeChllV+MVczm6xDMGZy5FfWRobK5PBmyuZirFU5rGMGvN8Syo+OClli1CMpvEDGPGRFw8QKkc27lnJzpeuNy4lzNJ8zUZrdtVxR0XLFNs0LNG1cT3LeTG1c5y37jznWsIZlFd5xLV79VvvPR6ZS36sF2sVj5PeaLRUaMeHUbtxxqxj3kabTVOhHh1FkV0l2u4xPNdL4jd3cUoxOvbxUKMV3HLS3qkYnWXiw8x6Z6PPl6taq96rgtjwRRHjVbL0ZWJAyQAAAAAATkEACQMgCxcgFyBoAAQACAAAAAAAAABAYAAAigACAAAAAAAAAAAAAKAAu0AANgACKAAAAC7AAEQABdqAAgAAAAAGRkEBEkAAMjIIAnJGQC6UAAAEACQQBsSCAQSCAXYkAgCSMjJDZNqZBi2MkEtkNkORDZmrobMWw5GLkc8q0NmLZDZi2ebOukRIxZLZDPFyV0iuSMGWSMWjwZxtiSAcxKMkYmSEozTM0ytGaZ2xrLNGRimZHfGssgQiTtKyMxaMiGbFUkVTibEkVyiZrUalSJrVIcDenE16kTNHOqw4GjXjhM6tWPA0K8M5JKzY5c+DKpGxVjjia8iorkYNNljWeomMBJtmqlTyWRty+nTNmnRzjgdscE01qdrnqNuna9xs0qJuU6KZ2mKyNSna46japW5twoovhRx1HSYq16dE2oU0WQp9xbGB0mKWsIQLYxMoxM1E6SMiiZpBIySNxBIyQwSaZMEgkqAAKAIA0JBAGgyMgDQAAaAAEDJJACAACgyQAABAEkAACCTEKEPgSQyCYrMjaisI16KzM2jWLNCi4lhYLm8I1bh54mmXOr5dR9mDkXslLMI8zp3k9yE5R59p5W9vakYylFNrOCVCnRp05tzaczaUU4ckci1Ve6q7001BcTsU1CFBqCeURVEnxKKsuDLeeWa1ZmWpGrPmYGczDqMV0jGTK2+JlIxZGkFdRmbKpsxVjXnzKpciyZVJmoEeZhdP72ZLmYXnCiCOTcPgavORdXlkop8ahpl1rOHilepz3aW72mzarFNGhqTc6mOoQV6fT457T1mhUt+4jw5Hn9PovdTwey2bts1N5oZVnW/D11BblBY7DOyhmtKZE1uUi6wX3py7SYzTdrbto711nsOjVeIM07COZykzYuZYgd/k8/zqmjxeS8qoLxS0y2AAbAAF2AAFAAEAABFq5IglcgjR6gAIIAAAAAACAJZAAAADYAAgAAAAAAAAAAAAAAAAAAAAAAAAAAAAAAAAAAAAAAAAEABQAACAC6AAAAQAABBKJBAIAAKJBAIJBAAnJDYICjZDYbMWyLINkORDZg5EtaZORDkYORi5mbTTNyMXIrczB1Dhlk1IsciN4qcwpHkzydJFmQYpmWTzVtDRizNmLR5841GIAPPQMkYkoDJMyTMUSmalSrEzNMrTMkztjWWaMkYIyO+NZqQwDptGLMJIsZi0VVM0UTRsyRTJEVpVY8GaNeK4nSqI0q0eBkcmvDgajgdKtDiakocTUZa6iWQplqgWwpnTGJpjTpm3SpcuBFKmblKnwO+ME0qRt0qfDkY0oG3Thg7YwIUy6MDKMCyMTrIxaxjAzUDNRMkjcibYqJkkSkZJF0yxwZJEpDBpDBIJKgACgQAAABAAAAAAAAAAAAAACCSC7AAgyAAKBAYChAIIJfIxAAuoLrNgqorES03GL6okso5moV3Ti2lnC5HRqS3YnEv7lLez1FZcq8vZytpRmksnAvJL0Nh4w2b2pXEXhybSXFnDua6uK0KdHjHPEzaR0LWrcSpwUfWx4YOzCoqlNb9OMXjBnpdi69FdHTUcLr5ssu7OMaeFNb3XEK59zaTorfjxiznVIvPI7dObp0ujqeNHsfM0rqjGEW1xi+RitxyZorZdPgUvrMuiqXMhkvmQzNVXIpm+DLZsoqvgZaUTZUyyRgaiJhHiU38kqeDZXBZOfeTcmFcutyMbZb1QyrcibNeOjfyYden4sEUztZVZ5Lnwp8OpG3bLME8cWT0PUtbbcil2HsNnKPib3eefo0t5cD1uh0VToIlJqV0rh4gl2m1bRUaCNO58acY95vxWKaRrGJlW/ZLFLJF08tIst47tJeQorPeqpHWuMWQWFgyC5Aw2AAAAAJBBJQAAAAAWLkSQuRJUCAAAAAEEkAAAAAA2ADBAAAAAAACAJBACpBBIQAAAAAAAAAAAAAAAAAAAAAAAAAIAAAKAEFEkADYAEASQAKBBOSDIAAoAAAAAoAQBIIAAhkkMggxbJbMGRpjJlUpYM5MpqSMVYh1CuVTvK6lTHWUTq4OeV03I2HUK3V7zVdbiYdLlnlzybkbnScSyEsmnCWes2IM8lvltsxZmmVRZYmYGRDJIfI55KwYJZieW+qpBAM7GSZkmYIlMSlWJmaZUmZJnXGsVamZIrTM0zvjUrMEJg7SsjIZJDNQYSRTNF0iqSFWVrVFwNOtE35rJqVYkVzq0eBrSp8TeqxKJRNQqiMC2EAkX04o6YpYzpQNunArpQ4G3TgejFGdOBswgY04l8YnoxYrKMSxRIijNI6SM0SRkkEjLBphGCcE4BRGCQCoAEZAkEZAAAAAAAAAAAACAAAAAEkAKAEEQABQAIIoAQQMkAgAEssEw4yRRt01iKJckiuctyBTGpJ55s25puZ7sXJvBwL779JKD6+J2bihUr03FJ8TUhpVSPGTS842fm8dtFRlRtpVFyxgz2bs6NHToXFzCLc+K3jvars/SvF/pGowpU4848DmShpVGCo1dVjJQ4JR7BqpuekdZ1lQSqWNeLk4ttckasL1XX3ypBqr+fw4Z7jganf2jp7trdNJPqXM5UdVuaaajWm1IxbdtzB666lTVOTU1vLksnKqXkpQ3ajWDgPUrpvjMTup1OU+HeYrcjeuLmClhNZZXGqpHM6XFTelxaLPRsUuWCeW27KSMHNGk7tdpW72OeZmq3nLJTUfM143alyZLrRZFS0nyMGiHViY9Iu0ppnKeEznXDy2bkpZRp1uLYK59fkW2UMyXcYV0bun08LLR025/Ne6ipzUWbtvNSfDl2HGvpy9EpLqNyxck0+JB6SySk0u09jpdNRpLyHktMg3VhwPY2viUvMRpnjfuUuw34rMoo0rVb1dtnRox3q6OmDlnfDfS3afA1F41Zm3N7tM1aXGTZvJmLkAMmWwDIyAAyAgAAJyCABIGQBYuRJC5ElRAAAAAAQAAAAAAEBgAAAAABAAABQAFAADQkEZGSIkEZAEkAAMjIADIAAkEZGQJBBIAAAARkAAAFCCSCgACAAQAAAAEAgAAAAChkEBhQEZAE5GSBkCSAAHUQyTFkVDMJMykyuT4EaYTZr1ZFs2atWXBnOtRrVp4NWdUzrzwaFSrxOOba2VUiE8yNbfbZZTfE8+cWV0Kb5GzBmnSfI24HlsbbMGWRZTAtiZ0LECESc8orFmJkzFnlymlQAQc6qSUzHJOSIzTMkytMyTNSpViZmmVJmaZ2xrNWpklaZlk9GNZrIMjIydZUQyqRYytmhTNGvUWTanyKKi4CxqNGrE15I26iNaa4kVWkXU0VdZfS6jrj6o2qUeBt04mvSRuUkenCOdWwRdFGEUWxPTGWUUZoxRmjoxUokgkqJIBGQJyQGyAJBDAEkDJGSDIEDJRIIySAABUACAAAAAAgEAAAAFACAJIYIZAAIAjIBMIym8JAQW0acs5awW06MYcXxYq1o0lx5m5Gbkmaju5nyRz7vWrKyWHOOew4e0Wu1KUXThnHYuZ4i9vYzrb83LL5ZZrUnq5W5W6j2t5tfWk920p8XwXD5ziarrt/XqdFC5qYisSknhN9ZwaN9Wzu0qjSZuUoVK8sLj2slq44T5q5RVSWaspTb628lsbSm453TYjpk878mlFGxClwksckc67TUc10IRfCK+ArqUk+pG3JYm+HIyUIVOozWttCNtTw23xK3QXYdCdFR7CmUcMLGjKguwrlQXYbzRi4rsIrnu3g+aKJ6dTn1tZOlKmmVShgzVkcz0tnD1lRvymFS3uYrgsnRk2uTKnUkiaHInWqU348WjKNwupnTdWMuEop+Y16lpbVMtR3M9aFixSq+VzIeJPmHp1SGXTqKa7Osx6KrD10WsDyjGdvvcjZto7sUuspTkmXU20alRRcQTuMs37KnxjwNapBTlk6NhHikaZ9HpNJo4cWz01PhTONpdHxIs7OMRSJGvk2bSOE2b1gt6rJ9hqW63aLybmlx8SUn1yO2Ecc23cPFIopLgZ3cuSIprEUKRmACNIAAAnJAAnIIJAAAIAAC1ciSFyJKiAAAIJAEAAAAAoACIAAAAABBJAAABQAFAAAAARAAAAAAAAAAAAAAGQAGRkAAAAAALFQABQAIIAAAEAEADIyVQEDLAZGSMjIDIyRkEE5IIAEgjIyUZAxGSKnJi2TkwbCobKpMzkyqbM1YqqPgadaXM2KkjTrPmc7XSNK4nzOZVm943rh8znVuZypWcG2bVI06XE3qS5HLKLG3SNuCNelHkbdOJwuNa2sgi6KMIxLYozcV2IknAwcssV2wZgyxlcjx8mLUYggHnqpGTHIyZGeSUzDJKZdosTM0ypMyTOmOTNXJk5K0zJM741nSxMGCZOTvjUqWYMyZgzrEYSKZ8i6RVI0rVqI1aiNuosmtURKqhviX0uo15cy6iy4XVR0KJuUzSotLBuU2e3CsVsxLI8iqLLEzvKysTMkytMyTN7ZsZ5JMMk5LtGWSCMkNjYnIyY5GTO10nIyY5GSbNMskZMcjJdmmeSUYZJyXZplknJhklM1tllkkxySUSQAVAAggAAKAAAAABAIIABAAgMBUxi5Swus24QUI4RXbwxFy7S43Ixldhz7tvidB8jQuWllvkjTLyuv06aoqTS33wPEXtCcrnemsYPXbRVJOpDdfA8/XaqtRSyyVI0benuzSR29PWJ4+FlunbPVq9B3HLqSOnaaPUot78MNk1WtpzDdUXHgV1FDcluLDwblaz6NNc8daKNypTpTzT9fHm+wU24tX1xTKS6jK8jVguDWc8TXhGTWZPmcnXS9NuOSupxM1hPi+HcY1JKUvFXAixW0YszZiwqqSKZl8iiZitRRM15mxUNea5liVUZbuUYmceIowalHjkmncuMllRkuyRbUjim2cyrJ5xkspXoKdPStSioSzY3HU+dOT7+wpvNFvbFKdSmpU3ynDimcD0TUpYz4yO9o201xYtRTVehnx6NXxos14vis38mt0MueOBvWtPo5RZ6myt9n9pF/oclZ3eONCT4eZ9ZTfbM17RNKD4dfPJbMsWJnMnT0tRdvFp9Rvp5qRRxNGqzo0nRq8NxnetYb8t/qJi3b4blTFOj5joWMFChE5lVOpOnTzwcjsU49HTS7DtPRwvxNe4e9VSLI8in11dvsLuoy3EkABQAAAAAJIJAAAIAAC1ciSFyJKiAAAAAEAAAAAAAIAAAAAAAAIBJDAAAKAAAAAgAAAAAAAAAAAAAAAAAAAAChBJBQAAoEAEAgAgAghsqpIMOkSI6VdpBZkZKulI6VdoFuSMlfSIyUshWWRkxb4EZIumWRkx3hkDLJOSvJDngppZkZKHVSMemIL8kNlKrLtJ6RMlVMmUzZm5cCmb4GasU1GadZ8zaqS4GlVZzrcaVdmhWWWb1Z8TUlHeZgqKEeJ0aMORrUKeMHQow5Gaki+jDgbcIlVOJsxRNNaZRRYkRFFiRLibRgbpngYOeWBtTJFUzYkiiR4eXDTcqpmOTJmB87Lw6JyMmORk50ZZGTHIyTYsTMlIqTJ3sG5WavTMkzW6XA6bvO+NZbaZlk1FWXaZKsj1YM1sNmLKlW7yVUyeiREsrlyM2zBmlUTRrVEbU0UTRKrUlHiWU1xJceJMVgkGzSljBuU5cDSpmzTZ3xyZsbkGWpmvCRamd8cmKuTMkypMyTOkyRYmTkryTkvcmmeTFyMXIjeJ3mmWRkw3iN4x3taZuQ3ipzI3zN5DS7eG8U7xO8WZppbvEplSkSpHWZGlyYTK1IyTOkqLEycmCZKZvbNZgxyZFQIAAAAodQHUCAQSQAIYBAIDAXSB14DJprM0VG3TWIJGRC5ESnGKy2dHNjWqKEeJxb6tOrJU4Jtc2b9STrzlFdRoXdOpSaUIOW9zeesDyW0UuhlGLlnJy7SrTVVKWOLxvdh6rUNBleRpuSeY8U1xwc+Ohxo1OiqU0nLOJ4yibNO/QubOw07pJyk8LxYxXNmNLUc1JKax14z3Hmrm2vqb6FVlUhBZjFZSz5+sqlUqWVTcqS38pPxZcPIS5Ex8PXu9tZpwqKTi+Hirl3mnXjWlbcotJeLNvq7GjzU9SqQkvhwmYVr+7eZTnUSmseu4NGbk1MW07eVbxpYecvg+o0asouSjGLSXX2mvK7nJ4fzmPStvjLJzbjYysEcCnpGROtu020+IbXPBWzGFTxFveuxxJ3solGEimTLZSwiiTMtRVMpmi6RTLkxCqmiY80TzMqaW+jVSJupblA48nvSbOjqE+o5vWSF9WFb1pnaLxiupxeC+1i8m2W5GU6UulpyacXlNPDPabOeECpFQstSSrQ5b0n4yX954zlHzHOdSUbhtHTG2RjPGZPufoHTtWpOrZzjvPjhcMFdtQr2zdKtBp54PqZ8z0XaCvZThmpJJcpReGvtPoul7UQuKUFepVIvlWiuXlRfu2+GN5Yzy68LfenGT4bvE3pPFPzEUujnTU6bUotcGiu4k1Bmr4SeVVLjNvvLim3Xi5Ljm6QBJBQAAAAACSCQAAAAAItXIkLkCogAAAAAIJIAAAAAAAAIoAAgAABBIAgAAAAAAAAAAAAAAAAABQAAAAAABdACANAAAAAIIAAEAEEVDZvW2mU69tGpUnNOXHEWuRoRi6tWNOPOTSPSRioRUI8ElhGpEy8Oc9Btn/va3wr7CPSC2/XVvhX2HVBdRndcr1P2366t8K+wqutGtLa2qV5Vq2KcXLmvsO0ed2vvPQ+mwt4vEq8+PtVxfz4JZIS2uNC5z1mxCrk0LGwv7uiq1vbyqU843k0dCGk6mudrL4V9pjy6bjPf7xvrtHpXqf8AJZfGX2j0r1P+Sy+NH7Saq7iN9DfRPpVqf8ll8aP2j0q1P+Sy+NH7R5XwQ36tSNOmnKUnhJHbtdGo04qVx99n1rPBDSNO9B0ukrJdPNcevdXYdQ6SfVzyy+jW9AWeMehaPxEU1NJsKq420V7XMfoN8F0xuvOXuzs4xc7Kq5Y/3dR/QzgutKnUlTqJxnF4cXwaZ9BPObR6JUvMXdpDerrCnBcN9dvlX0Gcsfo3jl58uKq2SJT4Ew0XWFzsp/Gj9pk9G1Zr+Bz+MvtOVldppq1JGpVkdGeh6u+VlP40ftKJ7P6y+VjP40ftOdl+jc7fq5FTrK4RTZ1ZbNa2/wCL5/Gj9ojs1rS52E/jR+0xrL6OkmP1alOKNykuJnLQtVoUpVatnKEIJylJyjwXwlNKY1Z6rqX0b0EXxRr03yNmBdJcVkUZoxiZIlY0zBCJM1NMZIomXy5FEzx82LeMUMrbM5MrbPk5x20hjJDZi2caaZ5GTDIyYRnk6egU6VfUnCrThUj0beJxTXUcnLOrsw86v/VS/uPX0cl58Jfq5cnw16f0tsf5Fb/Jx+wellj/ACK3+Sj9htg/W+7w+k/lP+nh3Wp6WWP8it/ko/YPS2y/kdv8lH7DbBezH6T+RuvJ7VU6FmrToaNOlv7+dyKjnGOw4tKrk6+3ct30B5an+E89bT5HzeoknJdO+HwuonlEMwpvKM2cHRVJFUlwLpFUiVpS48SEjNkcMmKLIF8GUQaLoNFl0abMZFkZGvFlsWdJmzYvTMlIpUjLeN+8Z0t3hvFW8HIe8XSxy7yHMqczFzOd5YaWuZi5le8YuTOd5V0sczFz7zBtmDOV5KulnSEqoUNkKQx5bDTbjU7zNTNRTLIzPXx8u2dNpSMlI14zLFI9eOTOl6ZkmUqRZFnaVmrEyUzBMyTOkZZAIFQBKBRAAIBBPUQAI6ySOsgMxZLIDVQy23WZZKi6hwXlLPVm+i9siVNSa7uIcW2uOEjLhHOWdHNRKhD0T02XndxjqMKlJympKGUV3usWdlHNWrHL5LrZwL/bGrSeLe3TXbJ8y9rHdPk9JKlNppQSXlNerayazLcWOtvB4m42uv58eCyut/Rg5dfaG+nJNVuXU+KJbjPm3rO/J7S7jZQnNXN3axTXFdJxOFdXejWX3vMazfWuR5q41CrdrDjFPPFpGrVoxqRWY+N28zNyx+TeON+bs3N/odWbSpT3n+jPBpuOkOHiO5pvey5uq3w6zmO1lDlFeYhQmouOeDWGjG2u1tVYW8qso22oTrY4xilmWO80Z3VWL+83j+BMzpQnQrRrUX0dSPKUeDK5229LO7juM2w1WPo+6hFy6WM/bRK/Tiq+FSnF+TgWehlycWYStINetwPC+V0dbpY8alNMtjrFs3hzcX3o587Pjw6ih2jTHhfLvRvKVZeJNS84czzrozg8rPmMo3F1S9bUk12PiZ0dzuOWWYSZzIanVS8emn5DYhfUqi57r7ya0srZ4IhPHFFKrRkuEkyd/gLWoqupb3M1MJLJtVFvFE4MsZrXzvTN23jgojDdfBG5QgmvIbiFaW7B9yORKbdR8To389ym+1nKpPeq4ZpK6lnFyisnq9npVPREaC4wlwPM2q3cHtNnKK6ZPHFcTNR6rTa9bS625KTdCb9a/wA1nfnGN1R3qb4nBrffLfElyRZouoSblRlLMqfzo1jlfSpljPWOtCLit19RYWtRqw349aKe4WJLtJBJAUABQAAAAASCABIIJAtXIDqBWQAAAAAIJIAAAAAAAAIoAAgAAAAAEEgCMDBIAjAwSAIwMEgCAAAAAAABQEZBYJBAADIAAAAAAAIJIAEEkEVBDZLMJMg3NJpdJeOo+VOOfO//ANZ3Dn6TR6O032uNR58x0Dc9GL6gAKgfPtrbz0TrkqUXmFvFQ8/N/TjzHu7ivC2tqtefrKUHJ+RLJ8rnWnc16lepxnUk5S8reTGd1G8JuvebH/iKPukjvHC2R/EcfdJHdNY+jOXqAAqAAAAAAAAAAAAAAAAABTVq06NKVWpJRhCLlKT5JLmwPM7bat6GtaenU5ffK/jTx1QT/vf0M8pbybwaepanLVtXr3kspTliEX+bFcEvgNq04pHizy7stvq8fF2YyOrQ44NuJqUeBtRZlq4rkzJMqTM0w5WLEyUyvewQ6mOslZ0ykyibInWXaa86yPLyOuGJJlbZhKqu0rdVHzM49ExWORjvFTqLtMemR5coXFepcRvFHSrtIdVHKxzuLY3jr7KPOsv3KX0o8/0p29kJ72tv3GX0o9HQ7+04fq8/LPuV7kAH7R84AAHjtvv4v8tT/CebtnyPR7f/AMXvvqf4TzVs+R8rqP4lejj+F1aT4GbfAppywjrWOhXF4lUqvoKT5Nrxn5Ecsccs7qRu2T1cqc0jGNOtXeKNGpUf8yLf0HtLXRNPtsNUFUl+lU8Z/YdBJRWEkkupHrx6S31rF5vpHgI6PqlT1tjV/pLH0mXpBq75WUvjx+09+Df2PD61j3teAeiatDnZVPM0/oZXO1vbdOVa1rU4rnKUGl8J7XVNTt9Ks5XNw+C4Riuc32I8Bfa7d6rW3q092mn4tKL8WP2vvPLz8PHx/O7bwzyybVOpk2YSyjm0JN4N+m+B47dOq9MnJigZ7hlkxbYZiYuS6GxkGLZnYnJBDIyZ2JZiw2Q2S0QzCTMmyuRi1RTM41DXk8EKfHmdMOSxG7GoXRqHPhUL4VD38fLtmxvRkWxZpwmXwke3DJixsJmaZTFlkWeiVlYjJMwRkjUYZAAogMkgodQAIIIJZBBDZA5vBs0qW6t6S4v5iybLdK6du3xnw7jYSUVhIkwqVVTXFrPYbk052oq1o0YOUmkkeU1rWYKi611cVLeCbcaUH4012dx0dUuqFo3eXc20vWqT4R8i7T51qd1c6/O4jRo4pKabrSbjGnHD4N8uPB9vA34kY13Xz6MIbQ1N6u5Rip1Z5hxzuR48PnI9GzlU35uUsvis4ROmbPq7lOpTqwjRpYUriomlnsUebZtS0arvuNKXSpcFKUd3PmOVy8u1k+Tm1KjqTk1lrPDPYYKGXxOy9DvnGMXCKUeWWuPEx9Jq0H42E11ZyYu25Y5kYJCXiJyecI6PoCcerJDtHjxoLHkIu3HV5CUnFPiXKKlHJvKwoReVSin5CHarHiomxouA3GbfoZ9r+AjoWuDQ2NVw7jCVJM3XRMXRwSVWk6KMJUI9hvumly4GEqaY2rnOhF9RVK0jngjfnT4mDjgJpzpWifUV+g+w6bijHcXYU05TtKsfWtmSdSC8Zcjp7qTJThF53E8dTRF05irp8+BllS4nXp22l3EsXFKtST/Pt8Nr+i+ZsrZCpcU5VNHvqOoxjxcILcqx8sHx+AslS3Xq4G4X0cJE1LWvQqOnVpyhOPCUZRaa8xG649TTLEc3U571TCRr0KX3xSwdadqqz3mjFWTi+BrbOl9jT3qkc8sn0DZy3XRyqY4ckeL02g+lSwfRNIpKhaQi+tZZmk8tqu92nI1tHhi+lUXWsFl1LxXxLNLo8pLh1iLXVtLpU7x2sn69b0fL2G7Vjh57TzVas/TaEk/Wcj0UavSUIyfWddfdct3urEAky2gAAACSiAAAAyAAAAuXIBcgVkAAAAACCSAAAAAAAABQABFAAEAAAAAAAAAAAAAAgkgAAAAAAgAFigAAAAAAAAAAEEkCgQyWYmVGYbrqTjTjzk8Ils2dLpdLe775U1nz9Q9Vvh26cFTpxhHlFJIzAOjkAADzu2d76F0R0YvErmah5lxf0Jec8JSR29t7119ahap+LbQSx/OlxfzYOLRPLyZ+Xq4uPces0HX7HTdMVvcdJvqbfixyuJ0JbZaTHm6/xP8AM8vp+lXOp9JG2jFumk3vSxzL6mx+ry5U6XyiJjyZ68RvLi49/evl3Xtzo666/wAn/mR6u9G7a/yf+Z5qWxOtP/d0vlUYvYfW/wBVR+URfecv0JxcH4v6vTerzRe2v8n/AJker3Re2v8AJ/5nl3sNrn6uj8qjF7C671U6PyqJ7zm+jc4en/F/V6v1eaL21/k/8x6vNF7bj5P/ADPJ+oXXf1VH5VE+obXf1VH5VD3nL9F9z0/4v6vV+r3Re2v8n/mPV5ovbX+T/wAzynqF139VR+VQ9QmufqqPyqL7zl+h7np/xf1eq9Xui9tx8n/mPV9onbcfJ/5nlfULrv6uj8qiHsJr36qj8qh38v0Pc9N+L+r1T2/0Rddx8l/mR90LQ+24+S/zPKPYLXv1VH5VGL2A179VR+VRPecv0X3HS/j/AKvWPwh6Euu4+S/zI+6HoPbc/Jf5nk34P9ff+6o/Koj7n2v/AKqh8qie85vo37jpPx/1et+6JoP6Vz8l/mcbafbez1HSJWWmyqqdaSVSU47uIda8/DzZOX9z7X/1VD5VBeD7X/1VD5VEufNZrTWPD0mOUsy/q4tvzR2rV4SOPUozsryra1sKpRm4Tw8rKeGb9tWSxxPPvT33j3Nx26cuRfGZz6VZYRfGqu06TJwy463VMyUzUVXvMul7xtyuDetKaubunQcnFTeMnYls1Tl/xU1/RRw9Jq51i2Wecz3B34sccp5eHqMssMpI89LZSm/+MqfERW9jqT/42p8RHpQdLwcd9Y4zn5J83l3sVSf/AB1T4iI9RNH+W1PiI9SDnek4L/tX7Ty/ieU9RFF/8dU+IiPULQ/l1X4iPWAzeh6e/wC0+08v4nk/ULR/l9X4iI9QtH+X1PiL7T1oJ9g6f8Ke/wCX6vJ+oaik36PqfERyNiK3Sa81/wAmX0o+hP1r8h8x8H1Tf2jkv+RL6UeXl6bj4ufjuE15dMc8ssMu6vp4APrvKAADxfhBeI6f5an+E8xbywel8IjxHTvLU/wnntFtnf6lb2qzipPEvJzfzJnyuo88tj04fC9ds5o6nTje3UMp8aUHy9s/7j1JhCEacFCCSjFYSXUjM+jx8cwx1HDLK5XYADoyAwlJRi5SeElls1NXuvQOk3V1nEqdJuPtur58Et1Nj59tTqstT1ipCEs0LdunTXU31vzv5sGjbwbaNWisvidO2hyPhcudyttezGajboQwkbsOCKKaSRejyXJtYnwGTEnI2gyA2Q2ZtBsghsjJnYnJDZGSMk2GSGyMkNmNg2VtmTZgybVhIrkWsqkiCFLBdTqGs0TCWGdePksqadGnM2acjn0pm3TkfV4c9s1uxZbFmvBl0We7HJzq1GSMEzNHWM1mgQiTTIQSQUAAyCGYsyfMQjvzSILaFPhvPn1FwSSWEV1q0aNNykdPRi3aalVU1z4vkjzGp7T2VlVrSq1VKcPFjTXWzfuJzrxnVrzdGjBZk+tr+4+Sa1dKrqNadOOYuXisz3+S4WxltDtJd6vdffJvdXrYLkjN6heV9Po0ehqOlTWFHPi73W/KU2tl01u6k8wSi23HGX8JlaUatOvSqRqN9HNSxJ88PJd7Nanh19nLi9outTlTpyoTw8VZteN3YO9CprM5wdvpkIxT9dKfV2pHZ2QoQcK11KjCE6uHwWMHpXJdRqzXhmZXLy8zb2N3XSqVIqUlxlTi+rymNXSJK5bk3BS9bBx4npVUak+XlNWqoSuY1KnjbvJPkmFefjs3eV/vtSrSoQxwW62zy99TrOVSFK8j4ksZgsM+iXmpUqNGeU8brPlt/qEadGtUi8qGXhPi+Ji4tzJp3PSUYSnVupz3VnCLNJld3sXUoW1SdNPHr8v4Dg3GvULqE6MKVTD62j6d4OFTpaHUpXdKFGo6m/FVFuycWlh8eLXeS43TXdHCrV7azhvXtKtQXbOIhe6XVfiVz22t2enV7d05UadSNWLU5Sn4tNY4tnzf0mtrOjVq07ynJb+adNrE8Z4GNX0rrNWbjtq2o1FmnU3iipaSiuWTd0SgqtKO8srqO49Ji4Zw0zjbZWpjK8dKjzZRODR6avpFSacoLlzycO8sJqfr5QkuzkTflbi5s1xK2bUra4S4yjNeTDNapGUXiSwaZ0rwQycmDyaZYtkZIk2YOWSixTaLIXDjUjNNqUfWyjJprzo1skNliV6SjtLUqxVPU7SjqdHCWanCqvJLrNm00vQ9WlJ2FxOnLroVuEoeTtPIdI48Uy+le7s4ynlNcpReGjcvnyzZ9Hob3Ze6tZNwi5x6uGMnLlR6Oe5Nbsl+a+B6TQ9rK1GlGjWlG5ocmprqO9U0rRtoKWbfdjWfFQcuPmN3j8bxc/eauq8fptquli+/iextn4qiupHLudGudLmn0MpU11x44N60uKc4b0ZJs43e3WWX0Y3lTNRQS58Dq2y6GgvIcyjBVr1Sa5M6V03C2lu88cDeMZrnwg6l7KefXM9Fvblul2I5FjQylJo6VeW7TwdL6Oc8+WxB70UzIro/g0WGGwAEAgACMk5GAUQSQCiQABcuQC5ArIAAAAAEAAAAAAAAAAAARQABAAAAAAAAAAAAAAIJIAAAAAAqASQygAAAAAAAAAABDJIIIIZLMWRWMnhHW0eluWjqPnUefMv/ANZyGnOShHi5PC8p6WlTVKlCnHlFJIuKZVYADbAAAPmO1r/2ovP6H1ImhRkbu1z/ANqbz+h9SJoUD5vLfNfX4Mfux7LYp5q3ftYf3nrTx+xP4a89rD6WewPX0/8ADjw9V/FoADu8wAAAAAAAAAAAAAAAAAAPh+0NXG0+prsu6n1mVULlrHEq2knjajVe67q/WZz1cqK5nyc/GVfs+m4+7DH9J/Z6WleLk2bULtdp5B6g0vFyTHVKkX1nKZV7L0Nyj2kbtdpLu0eTpawvzso2lqUX+ca73ny6HKfJ67Qrjf1+zjnnU/uPpB8e2WvFU2osI551f7mfYT3dLd41+d9qcXu+XGfl/wAgAPW+UAAAAAAAAxl61+Q+V+DmX+0zXbbz+lH1SXrX5D5N4NpZ2o/6ef8AceLqJ/m8f6vRxfw831sAHtecAAHh/CQ8Q07y1P8ACaGwUVV1yUn/ALuhKS8uUv7zb8Jj3Y6b5av+E5ewl3GhtFCnJ46enKmvLwf+E+bnZ9pm/wAnon8N9QAB9J5wA1bu9ttPtp3N3VjSpQXGUn83eyW6GltBeK20x00/vt1NW9Ndbcnj6Mmht1c9Ds+6S516sYeZeN/ccjTb6ttZtfTutyULGwTnCL6n1N97fHyIx8IN6p3tpZRf4ODqS8reF9Hznmzz3x5Zfs6THWUjzVuuKOrQXI5lsuKOpRPicleqNyDLEymLM0zy9zS1MnJWmTkdyMmzHJDZGRaJbIyQ2QZ7hOSMkNkZM7DJDYIJtRmLMmYsDFmDRY+ZiRFMkYY4lzRg1xNRVlJm5SZpU+DNuk+CPocGTNbtNl8TWpvgbMD6nHfDlVsTNGEeRmj0RlmjJGCMjbCSCSCogMkhkVi+BfbwxDefNlKW/NR7TZeEki4xnKqru5ja0XUkm+xLmzzFfXuioO5ruVerl7tCHUd3XLqFnpdevKO9uQbWPIeR2ah0+nwrVl98eZS4cct5NWbjnL97SnaPU9Uv9L+926taS4yi5ZlJHjZSVRR8XDXPvPaa9VTtKkUeGnNQmsvCRix1xrfjVxDci8xnFJo6Wk06MZOdRJ4OCrmnaVqbqU1WhL83ewmb9rVfozMZ4U+Uc5wangvl9C2evaeJQTTWWs4O5KomuZ5DSbhW7VJQ68ylzO5KvvtKLUn5cYLXOTTcncNJpM0/RElVy8tItoJVFhrjjOSmVF7zw3hkaaeoRdeE4xS3p5SzyPC1Njb1VZT+81IqTk+kqYXckke/qwqQWVDODQq3NepHcgkov13AzLd+GtR4mvs9qNeTr1KFrFxjuw9DRSX93EqjqN9K6g791Kig1FpLHBcMZPcUKVSiuhrUlUpp5SqR3l85p7Q1JVaNva0Zxouo/F4YW8uSNTaXS7SrmF3UU010FO2lvLilnt4nFvbag3QqtqMpR3nHOMm1p95eRoSpaj0Ms8N6HDK7GbNxQsrrddWhTnKCxFyWcLsJYsy8vJ6vc3FpcwjSrVKNOccpQnhLt+c7tptWrDTemqVM9HFYmq8Zb3li3kzr2FlU41LanUxwW9ngjh6ps5Z3TUqFNUpZxiLyvnM2fVqeW+vCdVqZaoW8l2YaZrPbjTrq4zeWzpZ4dJF5XnRo1tiadvSTneVIya/MpZNJ7OaOn9+1C7cutKg0voZn7tdNZR6mhXtrxb9rWhOD5bskzXuaUqssOjUg454yjwZ5P0M9LvkrGdSomuC5Nno7Ra/GEp3lvGFLd3syeGvgM2SL96q52kk+DZyauqW9vcyoV96DTw21wOhW1+nSeJwjn+c8HDu6FvqFSU43NOMm846yzGM7rt2qoXWHTqwqRf6LLb3T40KCrQk2utHBsrSpYV1UpVH24ye9p2EL7TpQeMuKkjOU16LLNPF1KypvijD0RGXJnRutHcKrjOW4119Rzq+n1KdRQjKMpS4LD5liVDmzDeyZqhXpVlQrQab5Jk1KTp84s0iLetUt6qnTbXau1HqdOqu4jCtbVpW9xB5Uk+HnR5inR3qbqR4pc+42tK1KNtdKjKWM8sl3fXFPHpY+maRthvVVp+u0VQqS4U63OFTz9TOjqGzkK0vRWnVFSqNZ3V62R5qhG31Oy6OtFTg+eersZsaPq15s9dxsr2q69hN/e6k3xh3eQ1jnOTxl4rOfH2Tux8z+3/7+bYtK9e31FW19S6OaWVJ8FI6l03VnGKXBnUuLSz1a2W/GMuuE1zizlSuFY3sLW7ptRlwhV6mak7bqsb3G3aqGMR/N5kXEt6cYd5q2d1i+nSWHF5WTZ9fdLuFu4regsRS7jIhckSZaAAQQCQAAIKAQIRRIAAuXIELkTkrIBkgCQQAAAAAAAAAAAAAAgAAAAAAAAAAAAAAAAEEkAAAAAAAgAsUAAAAAAAAAAoEMkhkEMxZkzCRGo2NNpdNfRk/W01vefqO+cjSpUKFCc6lanCU3ylJJ4RvxvbWclCNzRcm8JKoss1PRjLzWwADTIAAPlu1/5V3f9D6kTTt+RubX/lXef0P7OJp2/I+Xy/FX2uD4I9hsR+FvPaw/vPXHkdifwt57WH95649vT/w4+d1X8agAO7zB8+ufCZVt7qrRWlQl0c3HPTvjh4/RPoJ8F1H8Z3Xu0/rM4c2dxk093RcOHLbMpt7R+FKt7EQ+Xf7pi/CpVX8Tw/aH+6eFMZJHm99n9X2MOg4L/t/u9y/CxWX8TQ/aH+6Yvwt1l/E0P2h/ung5JFFRpC82f1d8fZnT3/b/AHfQX4X6q/iWH7Q/3TD7sdRfxNT/AGh/unzWb3mYYRPf5z5vRPZHS/PH+t/7fTF4Y6j/AImh+0P909HsdtvLam9uLeVhG26Gmp5VXezxxjkj4hwPofge/HWoe919ZG+LlzyzktePrvZvT8XT5Z4TzP1fXAAe5+WAAB+d9q6zW1urJdV5V+szlxk2b+1b/wBr9Y9+1frs5kZHyeSea/oPSWTjx/Sf2jYTWDFsxUuBDkctPo3Pwz3iVLzFW8N4aZ94uVWUXlSaa60w7q4/X1PjMpyMlkZysy9Vnou66riqv6TI9F3X8pq/HZgC7cvdY/RZ6Mu1/wARV+OzOF9euajGtVcpPCSm8lB6Xwf6T6a7X2kZRzTt36IqeSPL/u3TWM7rp5+ecfFx5Z5TxI+zaFYS0vRLOznJynSpJTk3nM+cn8LZ0wD60mpp/P8ALK5W2/MABUU1akKVKdSbUYQi3Jvkkj5N4Mnnar/p5/3HtPCHqvpXspXhGWKt21Qh5H67/tT+E8N4LpZ2s/6ef9x4ua75sJ9Hu4cL7jPJ9kAB7XhAAB8/8KD3YaZ5av8AhPGWdzUtq9OvSk41KclKL7Gmew8KrxHS/LV/wHhaMz5PU+OWvbxTeEfadF1ehrOnRuaTSlyqU88YS7PsKtR1PVLBuVLRpXlPqlRrrPxWs/Bk+Y6Zql5pVwri0q7kuUk+MZLsa6z3Gnbf6fXioX0JWtTrkk5QfwcV8B6uPqMc8dZXVcc+K43c8xz77bfXsunb6DO2ly++wnNrzYRyY6NtTtNdRqXsK0Y/p3C3IwXdH7EfQI7SaLOO8tVtEu+qk/gZzdQ250ayg1Rqyu6mOEKXLzyfD6TWWON+LPwzLflG3Y2Vhslok3KeIQW/VqteNUl/+8Ej5tfX1XVdTrXtXhKrLOP0V1LzIs1naC+16upXDVOjF5hRh62Pf3vvNajDiePn5plrHH0jphhZ5vq3LaJ0KfBGpQjhG3A+XyZbdpF6ZYmUJmakee1VqZOTBSJyZ2MskZIyM95Ng2MkZDANkBkAAAwDMTIgoxZDRkAK2jFotwYtFgwisM2qRrpcTZpI9fBfKVt0zYgUU0bEUfW4vRyq2JmjCJmj1YsM0ZIxRKOjCSCQUYhkkMlGdCOZOWOXAzqzUN1yeMCh+CT7Sm+inRTb5M3PEYvq89tFdO4tbiMp7tFQy+/uPP7M6jOro7qVElKU3nHA6mt2dxWVGlHDpOpmeexHOp29OwhKjDGG97C5DZMfKu+qKtwfLkzy2sW8acVOK4N4aPQVamXJ95ybqHTycZcmRfm8/CM5yhDeeE/Fyel0qyo0rmhWSlVnGSbb4Ioo6ZTg1LK4HXs4RpTXHCHqruUYxpX1VcHGazF9jN2N10cFTwufF44nOjdWnSU96cnFSW9jg8dZje6jQdZxteNNfnS5k0u460buFJ7855ikbsLyhXgpRnHDWew8i7zKxwwwrhPGWsrrEqX8nrZ1YTi0pLl2nAr39LTbiEb6oqTn61t8MI0al3N+tqP4Tj6pQqXclOrNtLlvMlv0Zu9PU3GqK2SuaUfRMMdUsrHceVuNqvRN86crSMKUG8OXW/Ia9pd3dgujo1Okp/oYyjVuYKvUc6lOMZN9QlrWvDpS1env7kafr+aS4G5bxu3BONCtOl+bNQbXzHnowSaXYda0vLy3pRVK8uKUOpQqNIbpqNutX6LPSZhjnvLAtK9OtFVYzT480zftb+4nCKuNTuG3+nGE/pR06l5bQt9+rUpThjlK0g182DNybkjhXNB3UZP0Y4N9cpcEeeraROlVlUcqVxHnmnUTZ7J6ppFXxatlaTXLipQ/vZWrHZqvLedjVoz7aVfeXzmPR03Pm8jpNWgtq9PUqLp0lJqW+8rOHju5nuNTh6Lc4SpvCjjnlPvObdbO6bcZVrfKE3yhdQwn5JI1qENb0KulXtas7dc/zotdzMZzfo6cecnivLa9pMaL5txzwyuR570FuS3lNryHv9o6trqNnKrQzDCzuzWGn2Hjc9WH8BvjyumOTGS+FNK/rW81HczBd57/AEDVYXNtScWlw3WjwbhGXlOtodV203HjxeeBr1c7K9NrtLFN1o80eVlNuqn1nr9RuaFTTajcknucs8cnielTecrAxXJ2LxK9tFNPFSC3lI0qN0qiVOvzxjJjQut3g34rNfDnXUKa3pTlhG5PLG03Naen1E2nKlP12OtGjOk7mpv0m+PGLRvXNG5lpV1RvKbhOi4uL7eJoaNcwtb+lGsswk8c+4aHqdmdWqRcrau8trEj21WhS1WxdGcV4yx5H1M+aX9OVrewrUJbsm8nudnNVV1SjmPjLmu445z5umGXnTp7H6pdUqtfSq7cq1txim/Xw+1dXcesuba31Wz3ZJST5PrTPI3UVp+s2mrQT3VLo62OuL4fNnJ6eVX0FW6ZcaM3ifZ3SO2OXdNVxyx7bdOA7WtpeoKLk3F8mztWi3575vX1nTvaHFLK4xkatpSlShuy5omrLol22hkgFaTkEEkQAAAAACESCgACi1cgOoFZAAAAAAABQAAAAEAAAAAAAEAAAAAAAAAAAAAAIJIAAAAAABBJDLFAAAAAAAjI2JBGQRQhhkEBswkS2QyVqNatHKKbGnjVrV9lVfSbclkizglqVu/+Yiba14etAB2ecAAHyva9/wC1l7/V/UialvyNnbB/7W3vlp/2cTToS4HzOX4q+3wT7mP6PZ7Ev79ee1h9LPXnjth3mtee1h9LPYns6f8Ahx83q/41AAd3mDjz2X0KpOU56XbSlJ5bcObOwCWS+rUyyx9LpxvUroHsTbfEHqU0D2JtviHZBOzH6N++5fxX+d/7cV7JbPPnpFt8Qxex+zj56Pav+gdwDtx+i+/5vx3+d/7cL1F7Newtp8QeovZr2FtPiHdA7MfofaOb8d/nf+3B9RWzXsLafENvT9A0nSak6un2FG2nUWJSpxw2uw6YExxnyTLm5cpq5Wz9b/2AHktqPCBo+zanRc/Rd8uCt6UvWv8AnPlH6e4tsk3WcOPLky7cZuvT1q1K3pSq1qkadOCzKcmkortbZ842p8LNva79poEY3FXk7movvcfar87y8vKfPtotsNY2nqv0ZX3KCeYW9LKpx83W+9nDUTzZ83yxfc6b2ZJ97l8/l8mxcXVa8u6tzcTdSrWm51JtY3pN5bMYswSMkeSv0HHO3wsyRkxyMmdO3cy3hvGOQXSd1ZqQyYDJNLMqs3iUytEpk03MmeT6z4JdK9D6TdapUj411U6Om3+hHm/O2/inyanCdWpGnTi5Tm1GMVzbZ+jdD06Gj6LZ6dDH+j0lGTXXL85+d5Z6emw3lv6Pie2+o7eCcc/3X+kdIAHvfkgAouLilaW9W5rS3adGDnOT6opZbA+R+FfV/RWv0dMpvxLKnmaX6c+P0bvwsr8Fcs7Xf9NP6UeK1LVKmq6tdahV4TuasqjXZl8F5lwPYeCee9tfj/40/pR874uWX836DPh930tx+kfbAAfRfnwAAfOfC08Q0n21X/AeAoTPd+F54hpPtq3+A4uyWx62l0+pdU9TVCdKpuTpOjvNcE087y5/3Hy+bC581ke/iymPFLXMpzyix8T2UfBfUj/HEf2f/wCxmvBnU9lo/s//ANjnOn5fot5uP6vDuPEmMD3H3NanstH5D/7ErwbzX8ax+Q/+xr3HL9HO8mH1eNpwNylFG/r+zVXZ+lQqu4VxTqycXJQ3d19S5vnx+A5tKojycuOWN1WpZZuN6nwRdF4NanIuizw51pemZplMWZpnGi5MnJWmZZJsZ5GTDI3ibGRJjkZKJBCYyUSCMk5AAZBZAwRgkFEYIwZpGagdMcbRVGGWbVOGCIw4l8Int4ePyzlVlOJdFGEFgtifTwjnWcTJGKM0eiOdSjIgG2UgAqIMXyZmYsirbZ5oRZXd1IqG4+LItpYtsZ4ps09Qa6NvPFcS78MSeXNv6mXhPkeYr13W6ZxeXHgje1a5rfe6lLnH1yNLTejhJ55yi/Ocrb5rp83NlV3uD6imo4OOMJPtNy70+dvVbbXj8cc+Zzq8HTm02Mc5S40cmo4RlC5qQWFJrJRGXayycdzDbXFZOm0W07uDqJV7l0IvnLc3vmId5meKLdSKfr8YyvIazrUY85Jl9GbrU4zhHeg3hOHFId2k1v0bca2Uu0tUpNcjVr1VZ09+W75HLBVb6tRrN5uLeGOp1Ec7l841r6ttzkjCUpNcU5GpXu6UJfwmi8/8xFC1q3pSz6IoS7ukj9puXwlkb6q1ccKaS7kYK2V1VxVpuHDg0yKevWTS36G9LthNYLvTOgllU6nxc4GxHpTuvMHKRt2lhOq1ShBufPC4owttWt6vCNRJrmn1HUsNRoUpScK1PelweJcWgfM9ILnGI16cJY/OecfAZeprV6lPdlcUJ0+xSbz8xuemlKnNfek2zft9bt21GcJU8jTW3CnslVeN5RdTsUsLJVV2Xv6cHKEZPHJKSb+Y9i7ulGcJKcXnrL5VklnDwO1nufNqno+wk41IVkl+lF4Zs2W0Fxaro4XFWlH9GL4fAz6C5RlHEkpLsayUz0vT7qGK9lQnvdTgk/mFxqzKfN5b0zhepKvKhWz+ut4SXzJMthpuiXFOXT6VbybfBW0nGXwSePnNq+2CoT3qmm3lSg3xUKnjx8z5o81f6frOiybureUqa/3lN70H9hjt16ty79GzcaLs/Jyp0LbNfHCjKTo1fNvZUvMzlVdHsaMM0ndUJdca9JYXnWDYpaxRuIdBdxjUX6NT+59RteiajpQpUL+rOhHlQrPe3fat813DRu/N5y7tZzjuK5i1jyHIq6Rd00nCopJ9uH9B6mtVo1pNVKEX1PEcGMNNp8XQp4bXLBZbEvl52laTprFVcS2FWnCaajiUXlPB1Z0PzevsZq1reUE3KEceU3tnSXXhXpuNVKSwca+02EpYj96nzXYzdo9BOpHpnKnHtSOvRsZanayrxtas6UODnCGXDzBnbzU6tzFQhdQe9FYi+1Hb2cvI0b2mnPCzy7UV17Sta0+KhXoPjlZa/wAmYUrOpcwqVLeOXSW9J5w1j/8AwWRfn4fU52quLSVKa4SRsaXWd3psrSu/v1H73LPX2MusHGvp9tWjx6SlGXZngc6p/oW0FvOWYwreK2uTfUc+3tum+7um3c0etKpadFP8JRbg8l9WO7PlwZqQattRjJvEa7w13nQqx36bxzXE73zNuGP3bprghPKySYdQkgkIAAgAAAAAAAKLeoAGmQACqAAgAAIAAKAAuwAA2AAIAACAAAAAAAAAAAAEAAAAAAAAACACxQAgAMgjJBOSBkjJFSMkZIyAbIyMkNkaGYthsxbM2tyDZNm/9ZW/uiMJMmyf+srf3RGZ6uln3XrQAel4gAAfJ9snjbC9/q/7OJz6E+BubbPG2N9/V/2cTm0p4ifK5fir9D0+O+PH9Htth7ilTq3vSVIQTjDG9JLtPX+j7Rc7qj8dHxuo5uPCL+A0Kqm/zJfAdOPnuOPbpnm9nzlzufdp9y9MbP8AldD5REemFn/K6Hyi+0+Cypzf5kvgIdOf6EvgO32j8nH/AAufjfe/TCy/llH5RfaPTCy/llv8pH7T4C6c/wBXL4CuVOp+hL4DXv79Gp7Kl/3/ANH6C9MbH+W2/wArH7SPTKw/ltv8rH7T87ThUxno5fAa86dWT/By+Bmpy36Ok9jS/wC/+n/1+kfTOw/ltt8rH7R6Z2H8utvlYn5rdGp+rl8DMXRqfq5fAxebXyavsbH8f9J/2/S3pnYfy63+Vj9pHpnp/wDLrb5aP2n5mlSqfq5fFZj0NX9XP4rMe/8Ayc77Ixn+/wDo/Tfpnp/8vtvlo/aaepbT6LpFpK5vNRoxguUYTUpSfYkuLPzf0NX9XL4rHRVf1c/gZff36JPZWG/Ob3W1HhS1LV9+10pT0+0fBzT++1F3tet8i+E8Hxk228t9ZkqVX9XP4GZqjU/Vy+Kzhllbd19Xh4OPimsJpiomSRkqdT9XL4GTuVP1cvgZzu3smoxSBDynhrDRGSN7iQAQCSABJJCJDUCSCSNPWeDjSvTTbC2lOO9Ss07iflXrf+5r4D7ufPPBLpStdCr6nUWJ3tTdg3+hDh9Zy+BH0M+jwY9uD8d7U5vedTZPTHwAA7PmB4jwqav6WbIVLenLFW+mqCxz3ecvmWP6R7c+G+F3WPR21MbCLzT0+kotdW/LEpfNurzHPkusXr6Pj7+afl5eEie68Ejfqyx/8Wp/hPCo934JPy0/6Wp9KPJh8cfoep/0+f6PuQAPe/JgAA+ZeGJ4hpHtq3+A5Pgu1X0HtDKynLFO9p7q9vHjH5t5ec6vhk9ZpHtq3+A+e6fdVbG8oXdF4qUKkakX3p5PncuXbzdz38ePdw6fpAGtZXdO/saF3ReadenGpHyNZNk+hLt4AAFHF2o070z2euqMVmpCPSU+3ejxx5+K858ooVePM+4nxraHT/SnaG6tYrFPf36ftZcV8HLzHzutw8TJ34cvksozyjai+BzrefI3oPgfC5PV6V6ZYmUpliZ5rVWxUpeti5Y7FkONb9VP4rO9sa83Nz7RfSeuPqdL7PnPxTPu1+zhny9uWtPmWKv6qfxWRit+qn8Vn04Hp/wnH8f9Gff/AJPmSVX9VP4rJxV/VT+Kz6YB/hOP4v6Hv/yfM8Vf1U/isYq/qp/FZ9MBr/Csfxf0Pffk+aYq/qp/FZOKv6qfxWfSgP8ACsfxf0Pffk+a4q/qp/FZOKv6qfxWfSQX/C8fxf0Pffk+bKNX9XP4rMlCr+rn8Vn0cGp7Mx/EnvvyfPIwqfq5/FZYoVP1cvis9+Drj0OM+Z76/R4SMan6uXwMtjvr/dy+Bntgd508nzZ95XjYuf6EvgZmpT/Ql8DPXg6TjkS5vJKU/wBCXwGW/P8AQl8B6sGu1nueV35/oS+Ab8/0JfAeqBe07nlelaeHlPvLIzyYbQ1XDVFH/lr+81qFXI0rfTBjB5RkQUR5zg315NG9niLjnqLb2pK3uadRetlwkat81KG+mYrennr1pxcetnIuJdDOC9Zw4HYuI9LTqyXOKyed1K6hWTr5UYx4ZzzwY2jr286l1Ql0vrl61vrOBqEpxlLCxGOXKT5I5NxtFeum6VhnPbjL8xy7/wBNq89y/uKm9Lj0bePmMzDztru1NLK+0G7Uaow32uTfBFlC6utUUqc60oS3cxUeGDn22m1KlRxUJNrnwPQ6Zs5dqfoiTUFBZ8x2uvk5W6eRqKt0koVHLei8Syy+0uby0y7e4qUs89yR6l6ArmdSqlvty8Z8uJRV0HopqD59iL3bc7fo87Knc3FTNSVSrLOcttlis6mEmlHqPcafo1ChFqSUnHBv3lSwtLTfr0qaaXipw4yG9kteBttOtaadSvKTkvWwiub7wtLdzVzu7mePBHoPQkbmyqXkUoqL5JcjUo3UIzjTe7Bz4bzaWPhJ5alrh6xYU7CdKFNttrxm31lunLUqtaMbetOTXHdcuGBqM4VpSi3vNN4ec5Ols5c0Lac+klFSksRbfzF34a382vd21/F4fiY6oQSZXT9FUo4lKfnPTOTr1ekqJTfV2EVVBNxqUuD5NGbHOZ2+rhUdV1Gg9yFecl1RkdCntXqFulG5pb0e2XHgTKyoqo5UucjRvqzhUcGoyS4PsJ526yyvQ2u19nOnmdWnTkvzN7H0nd0/aq2mt2ncZX6NRNfOj5Ncwoc453m8viX0b1Qpro6244rHlN78FkfbaOsxdNTxvJ8nFpo3LfU6ddcJrP6L4NHw+z1WvTlv0ak4yXXGWDu2e195RaddxqJdclx+YdyafYIXcsZyXRuadRbtSMZJ80+KPnVltlbXMfGlKjjv3kdq11uEoqUasase2Lya9UdPV9kNL1WLlSgrWvzjOC4Z70eM9J9Q0fUo215Te7J+LUXGM0e0tdZp1UkpJ9z5mOs30KunuHCXHhnmjNxb776V5Wvola/i52mOlis4k/XGnZVq8Kjo1YOnOHCSlzR2aGpOwqKWViSxyM770NquJyxTrJeJWgsN90l1mdNSufXtVcLfUHvrrSKeFCHR1acZxlwcZrmRHVr7SblxjBZjw7UyLzVqWrJu4pK3uFxi4QxGRGvVg9Mt+idWlRU8cZQfOP2o9vsk6FHTIU6bi1JtvCxhnzylqlW2nutZx1nZsNanCm5W0ujqPi4dUvIblcs8Xotc2Xp6hfdPp9SnbylHx8+tk/IeZen1tLVek6SVTjvbnFZ7Tp2O1lCldbl5KdJSeHvcj0tCvY3MOmoThVT/ADos12bc/edt/Nx5V660qFOhUcJU4Ra49eORXcalK9sbWddKNXpI5fLinz7i7W7mmq1KzsqO/fVvW8eEF1yZy9o6C0+2o04NzmlirJ8cvt+czli3M5fD1WoQncaU5U399UVOMu9cTq2FzG8sqNwuVSCfn6zkaRe0L7TqU6M1KG4k+7hyMtnLyLpTtZP1tSW55Mmsfozl6y//AL6ugnirOHYzIrrPdvV/OiWGa6T0AAFAAAAAEgAiAAAtXIBcgaQAAABgIAAAAAAAAAAAAAAAAAAAAAAAAAEZAAAAAAAAAAAKgAhl9AZAIbMqnJGSGyMkXSckZIbIyFZNkZMd4jJnasskZMWyMktakS2YtkSkYORi12mKZSJsZf6ztvdEUymTYSzqtt7ovpJL5buP3a9qAD2PmgAA+Q7bv/bG+/q/7OJx4T4HU25eNsr/APq/7OJxVLgfL5fir9R0mP8Al4/pH2rQXnZ7T3/8an9VHSOZs9+Tmne9af1UdM+lh8Mfm+X+Jl+t/vQAGnMAAAAAAAAAAAAAAAAAAH5r2ul/tjrHv6r9dnKTOntd+WOse/q312cuJ87Oea/Z9PlezH9J/aLECESc3sgECSKkAkNiLKNGpcV6dClFyqVJKEIrrbeEitHr/BlpPpltdSrTWaVlF15e2XCPzvPmLhj3ZSOfPyzi4ss78o+yaRp8NK0m0sKbW7b0o08pc2lxfnfE6AB9WeH4G25W2gACNW9u6NjZV72u92lb05VJvsSWX9B+Y7+9q6lqNze1nmrcVZVZeVvJ9p8LWs+l2yfoKEsVdQqKn37i8aT+hec+Go83NfOn2/ZvFrG5/VnFHuvBJ+Wn/S1PpR4ZLge58Ev5Z/8AS1PpRww+OPp9VNdPn+j7kAD6D8iAAD5j4Zfwej+2rf4D5vR4n0jwyvFHSfb1fogfNaLPmdR8dfQ4L/lx9j8Gep+jNAnYzknUsp4XtJcV8+98x7U+NeDzVfS/aalSnLFK7j0MvK+MfnWPOfZT19Pn3cc/J5ebHWYAD0OIeD8JOnZpWupwjxg+hqPufGPz5+E94c7W9PWqaLdWTSzVpvcz1SXGPzpHLmw78LGsbq7fIbefI6NKWUcmi3CW7JNNPDTOjQlnB+X5Y9rcTLEyqHEtSPHZ5aRLia1SDZt4yYuGTU8I0HTY6Jm90XcT0R07zTRVJ9g6J9hvqkjJUizNGgqL7CehZ0OhXYSqK7DfeunPVFmSoPsOgqC7DNUF2Gpmac1UH2Gat32HSjbrsLYWy7D0cflK5sbZ9hYrd9h042y7CxW67D3YYudctW77DNW77Dqq3Rkrddh6sYxtylbvsMlbvsOqrddhkrdHWRHJVu+wyVu+w6yoIeh0bZcr0PLsJVB9h1fQ6J9DoqOT0D7D1ez0d3SYL+fL6TkyoLHI7ejx3dPiv5zNRMnn9pm1rC9yj/eatqzb2nX+tl7nH6WalqCOnS5FpVS5FpBq6hQ6a2aXNcTiah96sd5tpo9I1lY7Tgaxb1JUJU447jnk3HitU1eNvNOjUSbjuzgaGnaetThVaqqVNc49SK9Vs+kr1ZVE4yiRsRSrRp6hU4xpb0YPynPRfDrUdNttA0yrqFSnGSjHEJY45fLHwHm7Wnc3upS1W5oNQm24Z4LguGO0+ia1QpV50NOqUukprE401+c2uvuOPdwdzeujTSbo4SSWFg1JWbbXLo2rtqKrUqUYuTy95euN6FT/AEaUnFxTWTfp6dUqRcqksxSbwc27Ut2W7Tlu/mx5Go55YtbT6s1Gs97dpppvPWyyU5K7Vu4/6SpYdJ8JZNWdCvOx3o05QjVnutr83gcO4jO1ucb0lOHHOcNfYVmYvfUK1OjVqUJ0ouUY5mqTWYvvbOHq2kWsqFW5qOp0q9Yuk3Yry5ORW1CVehGnSdSMqiSqZfPyHZvJ060qUL7Ks4wU59tR45f5BvVcHQKtOdGtC5nW6NweIUlnefDCfUk+3qI1HTI0bmlUabhWjvRgupHbtdR0y10+6oWlrJuvj74pPKWeMcdjKtQq2lxG1lQta9CcIvpelmpZec8McEWtSPO3WmRp1YqrHo4tZwnlowWi0ZRjK3rVE+blLj9B0NXuKc5b7y8LBzNM1CELyNNvEJPGCedGne0+2rW0Y9JNTXcyy+V1dSjCjRVOnF+vb4iV7StqKUJRcnyk+Rq1NUuIvEKqq57IisdrK+rU9KpwhFudWpT3m3+bxa/uOW7apWpxnKLzLisl9xVV1ipWp5ksLJv2lv0lH75xjNdT5eQzfR0kefp6bC8ulbzuY0JS4QnP1rfe+o0a9pO3ryoVFFyi8b0XlM9DcaRVdSSXDHKXajmTtJ07l0Kr3WuLeeZqW6WxLt407enVpyppPCcFLjnyGDTmsdpv2+m0KtNzlvJfpJmi4bk3HOUn8xlKplRnQalCo/MdbStRVCqqs4OXDD3ZYZRKFKVNNZ32uXUav4HrG0evhtLZxqRhvVN/kt6P951KOsU68d11eL/NkeDjUi1vyeF2lD1CSmprOH1ZNYm9vodepHo2+DfUaNtrU4zdN1E0uGGuJwbDWZbm5vYxwy3lFlWEqlx0rxB88rkzW4PS1pwvKa3sOS5dxo1XJQ3G1hcuHE0rW/lFKMvhNyclVSaF1Vlas0pLiVQq9G8J8ibiE4ZcfWvmaEptp9pI1Xfo3VG7p9DdRU3+bIw6a601SdlWaXYcWlcSi1x4o6lOuqsFvc+TN7Y07GibW6dp1tUu7qFzX1Kp+E3kkkupJ9hr1dfq665ynSjCmm91JYx9pzXp0KsnJSwWzdHT7Vwi8PHAndWLjJ6M9E2gq6LqLcHvUJvE6eeD7z1+g3m/CjcZwqtWe6j5jHelVXDi3k9srn0ostLi/XLMmjON+rrnjH0G5lmtSn2vBcuRowq9Na21VcpYfzG8vWo1fVjH0ASCNIBIAgEgAACAACi1cgOoFQAAQAAAAAAAAAAAAAAAAAAAAAAQAJBAAAAAAAAAAAAAQAwqACCKjJDZLMGRTJDZDZi2TapbMWyGzFyM26WRnvEbxhvGO8Z7nTHFZvEORW5mDmYuTrMFkpFcpGEplcpmLk7TBlKZlp0v9b2vuqNaUzPTJ51i0X/Nj9JJl96N5Yfcr6AAD6L4wAAPje3b/wBs7/8Aq/7OJwlLgdnb14201D+r/s4nB3uB8zk+Kv1vRzfFj+kfctnfyb033rT+qjqHK2bedmdM96U/qo6p9HH4Y/Lcv8TL9b/egBo32qWOmUukvryhbQfJ1aijnyZ5mmJLbqMdU1ex0W09FahcK3o7yjvuLfF8lwTOR90PZL2Yh8lU/dPGeELbbRtc0X0s06rVrVOljN1ejcYYWe3D6+w+bKJ5eTn7brF93o/ZM5ePu5dyvvf3RNlPZen8lU/dJ+6Jsl7MQ+SqfunwXcMXA5/acvo9l9h8P1v9P+n3v7omyPszD5Kp+6R90bZH2Zh8lU/dPgTiYOJqdRk5X2NxT53+j9AfdG2R9mofJVP3R90fZD2ah8lU/dPz84jdL9orH+EcX1r9A/dH2Q9mofJVP3ToaRtTouvVqlHTL6NxUpR3pxUJLCzjPFI/Nu6fSPAwsa3qPvZfWRrDmuWWnn6n2dx8XFlnLfD7GAD0vigOJq+1mhaEmtR1KjTqL/dRe/U+Kss8Fq/hn9dT0bTs9la6f+CP2mLnjPWvRxdNy8vw4vA7XfljrHv6t9dnLiXXt3W1C+r3ty06txUlUqNLC3m8vh5yuKPDldv1nBjZjJUokYBzeyBJBkRYEkEkbgfZPBRpPoLZyrqFSOKl9Vyn/MjlL5975j5Da29W8u6NtQjvVK0404Ltk3hH6Q02xpabpttY0vwdvSjTj34WMnq6bH723w/bXP28U458/wC0/wDrdAB7X5cANLU7+lpmmXV/W/B21KVSXeks4BJu6j4p4WdY9MtrnZwlmlYU1SXZvvjJ/Ol/RPExRZdXNW+vK13XlvVa1SVSb7W3l/SKVNyZ4M8t3b9Z0/HOPCY/RnCDb7D3Xgmhu7ZZ/wDjVPpR5ClSwuR7bwWR3dr/APpp/Sjnx5b5InW5/wCRlPyfZgAfTflAAAfL/DPwo6R7et9ED5nSZ9L8NL+8aR7et9ED5fTkfO6ifer28N+5HTt606NSFWnJxnCSlFrqa5M+/wCk38NV0q1v4YxXpqTS6n1rzPKPzxTmfVvBZqvojTLjTZy8a2n0lNfzJc/gafxidLlrPt+rPPN47fQAAfSeQAAHyTa/TvS3aavurFO4+/Q8/P58mnbyPbeEPTfRGlUr+C8e1niT/mS4fTj4WeEtpcT891vF2516+O7kdSnyLkUUXlI2orgfLsdRInBKRlumbBikTumW6EhpUJGSRKRKRdLoSM0gkZJFgKK7CyMV2CKLIxOuMEwiXQiuwxgi6MT6HFi52kYliisEpGSR9DDFztFEyUe4lIyR6MYwhJE4RJJtlGF2E7q7CcA1IhhDAARjNcDq6V/Al7ZnKnyOrpX8CXtmWJXntpfxovc19LNO15m5tN+NF7mvpZp23MLHTpci0qpci0Aal/aq4otL1xtgzZtY+davY2NKrON3Xqrd5uEOHwnU0jS9O0vRI9HL73cy6ZrOW+HLjzLNsdHncWM6tCPjJce9F1lTtLS0tatSLlKNtHdUnwi8dhwksvlfWlK5t6sFWqRkpyjuR3ueMnAilTd9XhNwqUlu+Osb2eWDY1a7cbZXMcKSyt3uPLT1iV7PFeTjShwxybOsLPLo0do7ijS3Wo1pPlvckRd3m5OncNb6m/HjyS8hybiVKacbNLMuLbfIwpXqhTdK6k5Om+UVjJdJp7Kda0q6fSnPEN2KcYp8H3HhtcnSd9Pcae8lmT7es3LKpGtT1CrXTp07a2bpR3udR+t+g8rc3tGFPEKcqlWcVvzqvL3uvHcTtu1dP0U7aclRuaeI4cX0eM9prXV1e3mISruTk8JrCSOJOvUnLMpNszo3U6U1Jce432s7eu2duqOlyuLetCLVxBKc5LLWOKx5zSvNSqSqyUK0t1N4xw4GlUuYSoSr0uEpLD7jQp3WK3jLKfaTW2tabte5nUpS3uLXacppuTclhs6FdOEM8m+JoOtLPEs/JLptWle4p8FUe51ps7Npqc409xU01vOXDnk86qkmuBfBVY5ak0n2GbFkdqtcxq05JLDfrjqaFHOnVbirc04qMsRg/IuPznl41WoNPm+spVeUJZi3hPOCWbI97qtzRnfQhToJb6T31zaOVtFpdW3k73fU3OTeIrlHHArtNbo13Cc+jlNYzKrNxS+A69W8tr62nR6WlU3o+M4vgvIzPo3408u76rGhGnFbvenzLKVrCrZyn0m7UT3nnrRr1XC334yi5OMml2YOta2lC9tKKpU/v2X0jXZ1C+HP1c63kpp73kTJrUoVYLeWGutHUudPdNRVCksQhiS7zW9DN2Ll0ic2+WORDTlug1LGXKOeRvRo29zGEKtNRceEX2F1C2WU5Lyl9anGUt+GEbjF8Odc6erWcJw9bP5jCdxcWzcIS3odjWTqVZQlbOnLxnnKZRKUVHdlFPzF0ku1en6nbzn0d5F0+pTSykd6lBOKdKUZwfJp5PMXVjKpRlL1jXV2mpZ6hdadUThNuD5xzzK1L5e89BSTxUjhSXDsNG80aeHKkk5fovgbOl6/C6s1He58GdezvLapHo7y3UoripReH5ybbeJ6CtGe7OjKEl1YNunTnunpLqvR8dKzp1KTT9amnHvycd5k1ThHm8LLA141KtCSc84xwOffXFSrUectvqPSajpjsaFKlXlF1ZR3nuyykuo40bLfut6SeBaaWaHp0q9zS6R8nlnpre3jrW0NR87ayoSS8uML7TlRqO2g6dFZqz4LB6uxs1oez1Te43Nz65+Y553xp0wndlHZsKkZ6XYQi/W04rznWXI4OiW0qVOlCTfBZZ3zrvc25dvbe0ABAAAAAAAAAABRb1AAqABARJAyAJBAyBIIyAJAAAAAAQMgMjIADIyAAAAAAAAAAAAAAAAABBDJIYVBDJMWRUMxbJZiyKxbMGzJlcmYrciHIwciJPBVKZyyyd8MGbmYup3lEqhVKqcbm9OPG2ZVSt1e81pVu8rdXvOd5HecTadTvK3UKN/PWYymYue3Sca2VTvLdJnnW7Pj/vo/SaEp95fo0869Ze7R+kuOX341nh/l39L/AMvp4APsvzQAAPifhAljbbUF7l/ZxPPOpwO34Q54241Fe5f2UDzLqZ5Hzc/ir9t0GG+LD9I+5aZrml6Tsrpcr+/oW/8AodJ7sp+M/FXKK4s4GqeFzS7fehptnWvJ9U5vo4f3v5kdfZ7ZfQrrZ3Tri40m1qVatrTlOcqabk3FZZ0fUbs17B2fySPbO+yafm7l0ePJl345ZXd+knrXyXVPCZtLqW9GF1GxpP8ANto7r+M8v4Gjy1atWuarq16s6tSXOc5OTfnZ+g/UZsz7B2XySHqM2Z9g7P5JHHLhzy9a93F7T6XimsOOz+T89JGaR+g/Uds17C2fySHqO2b9hbP5JGPsuX1erH27wz/Zf6Pz6zFn6E9R2zfsLZ/JIj1G7Newln8kifZcvq1fb3Df9l/o/PMjBn6J9RmzPsHZfJIeovZn2DsvkkanTZfVxvtriv8Asv8AR+dQfor1F7M+wdn8kiPUVsz7BWfySL9ny+rP+M8X4b/R+dWe78F2rado+o6jcajeUral6HSUpyxvPe5Jc2/IfT/UVsx7B2XySHqJ2Y9grL5JGseHLG724c/tPi5uO4XGzf6PJaz4Y9Ot809Js6t3Lkqtb73Dypc38x4LWPCDtJrTlCrqErejL/c233uPkyuL87Z9p9ROy3sFZfJIeonZb2CsvkkdLhnfm8nH1HS8fphf30/OPFvLeW+slI/R3qJ2Y9grL5JD1E7MewVl8kjn7i/V7J7U4p/tv9H5zSM0fUfCbabP6FpNG0sdLtKN5dyypwppShCPN92XhfCfLUzhnj23T63S885sO+TTMBEnJ7ogkEjaxBIBFez8F+k+mG1cbqa+9WEHVeeW8+EV87f9E+4HhPBVpCsdmHezglVvqjnnr3I8I/PvPznuz6XDj24R+L9pc3vepy+k8f8Af9QAHV88Pnnhg1j0Ds1T06EsVNQq4a/mRw38+7859DPgPhT1f002zq0ISzRsYqhHs3lxl87x5jnyXWL2dFx9/NPy8vH045aOjb0eRr2tHLyzrUKOFyPn53b9HvURGlhcj1/gzhu7XR97z/uPORpcD1Xg6hu7VRf/ACJ/3Di+OPH1WW+LL9H1oAH1H5wAAHy3w1/gNH9vW+iB8rhLifUvDa/9H0f29b6IHydSweLmm8nq4vhb0J956jYTWPSraq0nKWKVd9BU8kuXz4fmPHwmX06ri008NcjzTeN3HWzc0/T4ORszqy1rZ2yv8pzq00qnt1wl86Z1z6su5t4L4AAUal9aU7+xr2lR+JWpuD7srmfHVSqW1zUoVVu1KU3CS7Gnhn20+Y7b6d6C2g9EwWKd3Hf7t5cJf3Pznzuv494TL6O3FfOmlbvKRvQWUc21lyOnS5H5/OeXqZqJlglInBzowwTgywMErTHBkkSkZJEUSM0iEjOKNwSkWwRglxL4I9HHN1Kygi6KMYotij63Fi45CRmkQkZ4PXjHK0SJwCTtGaYJBJUBgAqIAARjPkdXSv4EvbM5cuR1NL/ga9sywrz+0v40Xua+lmlbczd2l/Gi9zX0s0rbmFjqUuRYV0uRYAABBhVpqrBxksprB5XaOjUt7KMY5UYtqLPWHH2no9NpFSMcKT5GM5421K+cXWoylTdKcZTm3jHJYNOFB1I5lTST445mxWpSjcOE48Uaeo3dWzwqOcPg31GWqqnbbjcqU3B9xTRdGjVlUu8yi+Dxz8vlNy3dKpQdWW90jXrc9Z57U61anV3ZJxb44NT1HevJW9zoFV2UnKcZpyUnxaxwPHzpzqTcpRlGPLODo21OpKm52k6kKr5w5qR3tI0q+r0W7mFOnSz47nJGt6TW3kfQsZLNOqm+x8DD0PUTxhZ8p7S90LZ7eyp3EZdbptJPzMvtVoVsowpUJSkuUqmGO5nteUsVUX3tWjqN88Js6NPRritJTemSa74PB66N1bxp4jbxx3PC+Y1Li+qUpb1OzpyXa8yf0mO5rTzV7o1xKUWk6S5OMqcvFXcay0FqruxVSsupxpy4956mOq3XP0HT+K0dShq1R0UnY0l3Ntf3i5WLqPIw2YlKKlKxuUnycYMtrbOzhDcUp282uCuYOKfdn7T1VbazVbCg6dqqdvTby92OX85RR2+vKilRvlSvKE1uzhJJNryovmw8PF19A1GKz0cEnxz0kWvmNCMXaSmri1VXMWlx5PtPb1KOjX7cre+qWUs5UK0HKPkzHj8xqXOhVH+DrULqL/PpN/3pMb16pp4aTTk+ayX0XGPCMpeTJ2b3RJxz97+Y49W1q0ZbuGamXczpv6fDpLmKm8x688j01tUsrG4lGhBQkovElxT4HkrWqqcd2UZb3abDpXFbDt7lL+a3zM2brUuo7lzUq29v6KlWhUjLjKOOTNS1c+hW9JSbbfDkalOrUdlUo3FTxm+WeBrdPc21VThUi4vq6idqV3YVHF5zxKZXf3xxXR93A51e9q3EYxo08cMPHHiTY29y6y3oSeDUYsdiNDLiqjWHyx1FMpU6SkpJYybF2qm7FLhLBoxsbirJKXBdbZnbMxZ3LdWG5HGGcmpRWXHOd09BUtrelWpUJV45k/H3OLiu05da1Uak3axlKDbS3lxwJW3OoXFW0uN+ny64nqdM1yjcuMMuM+xnl6lOUJtNcTXU5UqqnF4aY1urH0r0XVzvQjCLxjxVg1Okj0j3kvN1Gjo2q0r6nuTluV48Hnk+83qkFnOOZZdrYVKuXnO9jtNady4ckl3mbWOBVWhmOcC7ai/TLpO/g4rfnni2e4u4zurykm/EjjKPF7O2ua7qpZblg9zbx6S43Vl44tmO1vHLV27FnTSW9g2yujHdgiw61xAAQAAAAAAAjJQJIJKLeoDqAZCGSQwAAAAAAAAAAAAAAAAAIAEggBUggFEggEEgAIAAAAAABBYoQ+ZJiyKjrIZPWQyLGLMGZswZmrIwkVSLZFMznk7YxTUlg1Z1OJdWkaFaeGeXkr6HFhtM6veVObK3JtmO8eW17Jgscu8xcjByMXMjcxWOZi5FTmYOoG5gslMv0SedoLBf8+P0mhOpwLtBqZ2k09f/ACI/Sa4/ji8mH+Vl+l/tX14AH3X5AAAHwbwkSxt5qS9y/soHm48j0XhI/L/Uv6r+ygecifOzv3q/fdBP8jD9J/Z+htlvyU0j3nS+qjsHF2XqQWyukpzimrOlzf8ANR1ukp/rI/Cj34+kfh+f+Ln+t/vVgK+lp/rI/Ch0tP8AWR+FGnFYCvpaf6yPwodLT/WR+FAWAr6Wl+sj8KI6al+th8ZAWgr6Wl+sj8KLAAAAAGLaistpJdoGQKumpfrIfGQ6al+sh8ZAWmEpRhFyk1GKWW31Ix6al+sh8ZHi/CjtFHStmZ2VCovROoZpLdfGNP8APfwNL+kTK6m3Tj48uTOYT5vlW2Ovy2j2mur5Sbop9HQT6qceXw8X5ziRRhGJdFHzsru7fs+DjmGMxnpGSROAiTlXtkQCQF0g2LK0q397Qs6CzUr1I04LvbwUHt/BXpPo7aeV7OOaVjTc89W/LhH5t5+Y1hj3ZSOHU8s4eHLk+k//AMfYbK0o6fY0LOgsUqFONOHkSwjaAPqvwNtt3QAAc/WdSp6Ro93qNTG7bUZVMPraXBed4R+aM1bu5qXFaTnUqzc5yfW28tn2Pwv6o6OhW+lU5Yne1d6a/mQ4/WcfgZ8qtrflwPLzZedPs9Bj2cdz+q21ocFwOpRo8ORjbW/LgdGlRwuR5K9/d4UKlw5HptgIbu06eP8Acz/uON0WFyO/sLDd2lT/AOTP+43x/HHl6m/5eT6YAD6T4IAAPlXhveLfRvb1vogfInPB9b8OLxbaN7et9ED49Nnm5J956eP4Y2IVTYhPJzYT4mzTqd5xywddvsPgf1ffpXuj1JcYNXFJdzwpfPu/Cz6gfnHYvWvSTamxvJS3aXSdHV7NyXBvzZz5j9HHo4L93X0eXlmstgAO7mHmduNP9GaDKvGOalpLpF7XlL7fMemKqtKFejOlUW9CpFxku1PgzHJh343FZdXb5Baz4o61B5SOXXtZ6fqNe0qeuo1HHPas8Gb9tLgj8zy46unul8N+KJwRDkZ4PJWmOBgyIwYrQkZJEJGSRFSkWJGKRnFHTHyMoovgjCES6CPo8OLnlWcUWJGMTNH08MXCpRkQuRJ6IykkhA6MJJIBRJABQAAREuR1NL/ga9szlS5HU0r+BL2zESuBtL+NV7nH6WaVtzNzab8ar3OP0s07bmFjqUuRYVUuRaTahBJBBDNLVrb0TYTgm8pZ4G6yJJNYZL5jUfJNSnKV3US5x4HF1C5cKThUgen2po+g9VlnlPjyPJapUjVcWmm8YOcarn+jXjEJNY7zYt7h14bteEakVyzzKVYSqLehzwb1lauCxNLhzOjPlbRuqNtjo6WMF61nekk457kWRja+tnTRsULKxct+lTWSU8rqVKheU05U93PaPSmlTe9Cmso2YwxyMvRLo9WTFtaa7pbvU0SnhGne7RUqM3TUFnrZpx16jOWc4Lqpt2FUfWyyM0+tM0bbULWssSaeTS1KNen9+tm1jsGi16FQhV4OGfMVVdKtaixK1hx7sHkIa9e0crp5p9mS2nr11Uks1ZZ8prtqdz0XpBQjxhSmuzizZp0HRgo7r4Fem3FxO1jOdWTclnuL53taElCSi954XaZquTqVevRniVOW51PBqUby1lLF1aRrR8uGvOehqV5KTjUoOPdJcDSqWFteVMxoKMu2DwWaXTl1bSxrS+8wnCMuUZcWUVdCi+Tkj0lCxp268TGfnNW+voW6aksz7MA04VLRadKL8Zt/zjTubCUU1u48huy1Kt0rba3ewvhcQuI4eM9g3Z5TUrQ0u0VFqU6rS7Dq/eHF9FXjvLmovLKFab8uD3UKenUqdwqnSSh2ySJ3Ss3GxsKd3NRdKjCquW9J4NlWl06DnVjGLf5sSLe6o2yS4zprhlo6MLilc0XGMs54YKl2867VQlLEszb5tlKp16LcuaXPB3atnRow3qccdxqKCk2up8x6I4d1FSqOT61l4OPWeZPB6i9teiqOSWcI87XpSVWcpLGRPVY17W6qWtxGrB8Y9Xaj3+l3tO+tYzXHhyPnL5s9FstdThKcM8I8TpnPGzG+dPW1qClFtdRrOnKUN3HFm1RlvwbMqFN1KqjHi28HOVuuroNore3dTGWo4j5T0ul0JbzzzfFnNt7d0IUqEVmXD4T0trQ6Ckl+d1ssZv0XcgAVEggkAAAAAAEAlFEIkAotAAQIZJDCAAAAAqgAIgAAoAQUSQAQAAUAAAAAAAACSAQSAAgAAAALFQQ+ZJBBj1kMy6zFkVizFmbMGZrpFciipyNiRr1ORyyejBpV3zOfW5nRro59fmeTkj6XC12zByEpYKZTOD244rHMwcyqUyuVXBHbHBc5lcqneUOqVSqmXXHjWVKpsbO1M7T6as/8RD6TmTqG3s1JvavTPfMPpLhfvz9XTl49cOX6X+1fcAAfffgQAAfBPCT+X+pf1X9lA85Dkej8JP5f6l/Vf2UDzkD5fJfvV+/6D+Bh+k/sza4FbiXIho47fSyw2o3BuF2CB3OfuopcDBxL2YM1K45YRS48SHAtZDNSuNwibSP+m0PdI/SfqM/MFp/DaHukfpP0+ezp74r837Zx1lh+4AD1PhB5jwjfkFqvucfrxPTnl/CP+QOq+5x+vEzl6V14f4uP6z+787pGaiIotijwW6fsMMNsN0lQLN0lRMdzvOJjGJYkMEmLXoxx0AEkbQSSQFQfbPBfpPpdspG5nH77fTdV9u6uEV8zf9I+PafY1NS1G2saT++XFSNOPdl4yfo+1tqVla0rait2nRgqcF2JLCPX02Pm5Pz/ALb5tcePFPn5/l/9bAAPa/LgBz9Zv46VpF1fSx95puUU+uXUvO8C3Sybuo+P7fX3pttfcbss0rTFvD+j67/ubOXbW3cZUqUqtR1JtylJ5bfWzp29vhcj5+V35fdwnZjMfoihQwuRtxhjqPZUdg6MqUJ+j5reSeOjX2lvqDpeyE/kl9o9xm43q+P6vFbh3diljaNe4z/uOx6gqXshP5Jfabmj7KU9Iv8A0ZG7lVe447rhjn5zphxZzKWuHL1GGWFkr0QAPY+cAHE2j2m0/Zmxdxe1Myl+Cox9fUfd3dr6hbok28H4cf4Lo3t630QPjVV4Z6navafUNqL/ANE3kt2nDKo0I+tpp9na+19fzHlLg89u8tvVjNTStSw+ZfTqcjVM4ywzWU206NOos4P0dsLrPp5slZXUpb1aEOhrdu/Hhl+VYfnPzRCR9Y8C2tbt5e6NUn4taKr0k/0lwkvOmvimMPu5OfLNx9iAB6XnAAB8+27seg1SjfwXi3EN2fto/wCWPgOPaz5Hvtq7D0w0GvGKzUo/fYeVc/myfObWfFHw+t4+3O2fN6+K7jt0nlFyNShLKRtRZ8jJ3SADlWhGSIMkQZJFsEYRLoo9PFjupWcUWxK4liPrcWLlkzRmjBMlM9mLlWafAlGKZOTtGWWQRkZNs6ZZGTHIyU0yyMmORkGmWQY5GQuiXI62lfwJe2ZyJPgdfSf4CvbMs9WcvR57af8AGq9zj9LNK1Nzad/61XucfpZpWz4irJ4dWlyLSik+Bbky0nIbMcjINJyRkhshsLp4zbbTt+3nctN44p9h8lr3G9cPj4qZ+gtRtI31lUt5cpo+L7RbJ1rC5n0cWottrhwMTxdNZY2zcUWlzTilhrkbSqqovFa8x5+FCpBJSk0bVFSofntrvZ0rDseg61Xxozjg37ChUpPxnwPPrUq1LhGRtWus1W1vNMzq6T5vTLdMKiTXA06F2667H2GzvNLijnpqVz69CyqyaqQjntOXcaJQqt9DPd7CzV6dfLnSz5DmU5X28t1SOkZ35ZvS761lmDbXcdKwvq9PFK7pPdfWU0K2pU2s05Y70dW2rVaqXS20U+0GmvqGgULuPS2zUZNZz1HGtdKuY3caM44w+L7jv6jc3FrBSoSxHrWDjx1ycJ72EmyzaXT19CjCNBQi5RUVg8rq9/L0ZLdk8ReFxNiG1NWUdxtYfDkLO3067qb1y2235iSaLZWlQ2nvbdbkarlH9GXFHRobV3EmouhSfbuww2dmOnaDbw3pRoec1LvVdHtYtW0Iyl1YWC0k/NvWN/Tu4b0lKnLrTRnc0La4WKsFJdT6zylbaSpFvo0sd6LrDWvRdTclNRk+ommtsr3RasZuVt48O/g0VW2l3DqJ4Sfezv0oVJQ3urtK68nRg5dhNt9sYQtJUoLk/OHTX50Tj1dqoU6jpuDTXXjIstond3HR9Hw7TNxqTKOlUtozWIpx8hp9Jd6fW4cab6zqxacd7tKriCqLda4ExqZRnRuqt5btVVGDfLHMq3VT4Z5GvCFSg30b4Z5F8pKVBya8ZGt7crLPVF5icIuSfHijz2o04pSaXUerqQhU02M8cVE8tqD8WXkJ8zGvPPmztbOZjcTfU0cZrLPR6Fb4pb/adc791cZ5eotZPEl3HQ06k1eQkk22+CRp6dQq16ip04OUme60XRIWcFVrJSqv5jnjGrfk2tOsnT+/1VmpJcO5HRISSWCTbIAACJIQZRIIA0AJBRBIAAAAWgdQCBDJIYQAAAABQABAABQgkhl2AAAAAAAAAAAAAAACCQAEAAAAAEEGRAViQZEYIrFmEixowkjNdcVUima4MvkimZzrti06q4HPuI8zpVUaNdczz5x7+G+XJqvDKJSNi5WGaFSeEzyWPr8c3CpVwa0quTCrUNdzMvdhx+F7q95XKoyl1DF1DFd5xrHJs3tmZf7WaWv/AJMPpOTOql2cTf2UnvbXaV76h9Jvix+/P1Z58P8AJz/S/wBq++AA++/m4AeV13b/AELQ3KnK49F3Ef8Ac22JNPvfJfDnuJcpjN104+PPky7cJuvl3hJ/L/Uv6r+ygecgdDaHV3r+vXOqOiqPTuP3tS3t1KKiuPXyNCCPlcllytj990OGWHFjjl6yRYj6V4P9l9F1rZ+rdahZKvVjcypqTnKPiqMXjg12s+ao+weCj8la3vyf1YF6aS5+XL21yZ8fSd2Fsu56fu6f3PdlPYmPy1T94fc82U9iI/LVP3j0wPpe7w+j8X9s6n/2ZfzrzH3PNk3/ABRH5ap+8PudbJew8flqn7x6cD3eH0T7V1H47/OvL/c52T9h4/LVP3h9znZL2HXy1T949QC9mP0PtXP+O/zry8fB5spCcZx0iKlFpp9NU5/GPUAFkk9HLPkzz+O2/qAHkdofCJoez6lRlW9GXceHQW7Tw/50uS+nuFsnqYcefJdYzb1x888JG1mjx2dvNGheRrXtdRj0dLxtzEk3vPkuXLn3HgdofCLr2v79JVfQVo+HQUG02v50ub+Zdx5RRPPnzTWo+x03s3KZTPkvp8iKLooxjEzSPJa/RceOkkgkw9AACNJAAVIACvdeCjSvRm0VXUJxzTsqeYv+fLKXzb3zH2Y8Z4NtNhpmydKpUcVWvZOvLL44fCPzLPnPX9LT/WR+FH0+HHtwj8N7S5ve9TlZ6TxP2/8Au1gMFOLXCSfnJ3o/pL4Tq+eyPEeEi+3LC206D8avPpJr+bHl87+Y9rvR7UfLdqLl6ntFcVE806L6KHkjz+fJz5LrF34JvPf0cS1t+K4HUpW+FyFrb8joxoYR5NPo976LQ/g9L2i+gtK6P4Cn7VfQWHuj44ACgAeF2u27hpynYaVKNS65Trc40u5dsvmRLZJurjjcrqOjtXtpZ7NUXRhi4v5LxKSfCPfLsXdzfznxbV9SvdZvZ3t/XlWrT63yS7EupdxbcSq3FadatOVSpNtynJ5cn2tmvOnwPNlncnrw45i5daOEcq4fjHauliLOJX9cMPVrSnrJXMjrB2ZWwl1He2U1ieh7RWOopvFCqnPHXB8JL4GzgR6jYpevRzy8Lp+toTjUhGcGpRksprk0ZnhdgdrtNuNkrOnqGp2tvc2y6CUa9aMJNR9a8N8fFxx7cnpltHoT5a1p7/6qH2nWZzW3kuNl06gOatoNEfLWLF/9TD7SVr2jvlq1l+0Q+0vfj9U1XQaTWGspnybU7N6XrVzacVGE8w9q+K+Zn0r080l/xpZ/tEPtPH7auyua9te2l3b1pNOnUVOpGT7U+Hn+Y8XWzHPj3L6OvFuZOZbTylxN6EuByraWMcToU5cOZ+b5PV7I2Mk5K1IlSPPdtLMmS4lSZbA1PKrYF0SqJYmfQ4ZqM1amZJlaZkmfRwc7FqZkmVJmSZ6caxYsyEzDIydZWdLMjJhkbxs0zz3jJXvDeLs7VmRkq3id4bO1bkZK94bw2mmUnwOzpH8BXtmcOUuB29G/F8fbM3j6sZzw89tQ/wDWy9zj9LNG2fE3Nqn/AK3XuUfpZz7dkvquM8OtSfAsyUUpcCzeM7b0z3iMmDkQ5E212rMkZKt8b42vatyc/VrKnc2s06UZyaNxSyZZyS+Ys3jXxbXNDu7SVSrKjhZeMcjy1arWhJp5wj75rulLUbSVOMUnLuPm2sbIVrVbzTms8fF5EmevGRlxbndh6PEKvKXNm3bVoxksstutJdPO4mvMaEqdSk8PJ09XDT1thd26SzJfCdiFWjVXizi/OfP6NSa62blO6rQaxN8CdqTw9lUo05rDwzVdCNCe9FJmhYal0i3Jvj2nVUOkhlPJi7i+rWratGit2VLPeaz16nHlFLzF1zZ73B8Uci50x58VNGpU8tytqzuXupJ57i2ns5Qv6G+1KEn+icy1sKkK6cuWT2NvVjbWzefWov6E8+rxV5oTtLrooVm+9nWstn7q23arqKUebSNS+uumupzbecm7p2t1KOKVSTnDqyVnw3qlTS6i6G5g4y7Wjh3+m0N5u3rJx6snobi1ttTpdJTaUsdRwLqzrW9TEs+UbVwrm0q0n40XjtNOM50aqlF4kmeppVGlu1IKUX2mL0i0uqu9Gm0+fDkXu16pZ9HTsr2rO0g2+LSybrXTU8S45RhaWKhBcOCWEb8KEYnO12xebq7JW9ao6kasoZ4tYyjK32UVvWjUpV1w7To69dys7NzpPEly7zzNLam+jw4ZE7rGcphLp7Klbbi++YaK69KO65QWO44Wn7R1risqdzUST5cMHpaMFVjl8jGUuPqsu3Kkp9USmVC5UXJ43Vz7jvO2p9eCirp3SJqlVUMvjw5iUuO2vZQda2lQk+HrvMec1i2lSjUkuMeSweptdPqafdSqVJucasHFfCbj2XqarwpQTjni3yRre3K/d9Xzay02rXmm48MnutB2durmMIQpuMV+c1hHsNK2Ks7LdlVj0kl8B6Sjb06MFGEUkjerfNXdaGlaLQ06klGKlPHGTOmsJcCQVAAFAgAolAIYAAYGAJBBOAGCQQBJBIAs6gAECCQEQAwAAAAAAAAAAAVAAKAAAAAAAAAAAEgEQAAAAAAAAIJAVBGCQRYxZgzNmLRmukVSRVNF0imZiu2LVrLgc+vwydGqc+46zhm93C5V3yZya8uZ07t8zkV3zPHk+9088NSrPvNWdXHWWV3zNKTbfMzp9bjw8M5VX1Mx35dpiBp6JJEtnW2R/K7SvfUPpOObWnX1XTdRoX1GMZVLealBSXBtdpvG6ylrj1GFz4ssZ62X+z9E1alOjTlUqyjCEVmUpPCS72eL17wo6Npm9SsG9Rrrh97eKa/pdfmyfMNa2i1bXam9f3tSrDOVST3YR8kVw8/M4+4e3Lqd/C/LcHsKY+ea7/Ken/7+T0Gubca9r+9Tr3Tt7eX+4oZhFrv6352edUCxQM1E8uWdt3X3eHpcOOduE1GEYFkUSomRzte3Dj0g+v8Agn/JWt78n9WB8gJVSpBYjUlFdieDpxcnu8tvJ7R6S9Xwe6l15l/k/S4PzLKtX/XVPjMplWr/AK6p8ZnsnVb+T81l7Cyx/wB/9P8A6/UAPy269f8AXVPjMjpq/wCuqfGZr7R+ThfY9/H/AEfqUH5a6av+uqfGZHTV/wBdU+My/aPyP8Hy/H/R+pjyO0PhE0PZ9Sout6Mu1w6C3aeH/OlyX09x8H6av+uqfGZWokvUfSN8fsiS7zy3/R6naLwia7tBv0VV9BWj4dBQbWV/OlzfzLuPKKJYomSiefLO3zX1+LpseOaxmmCiZqJlumSRztevHj0xUScEgy6zEwMEgLpAJABEgBqBOATgjStow3G3guayb2n2fSz3mjUrjyySbpp+mttSlHiz0FtYYS4F9lZrgscDtULVY5I7Ty+B1Ge651Kx7jco2fLgdGnbJdRsQoJdR1fNyrWoW26lwNno0lyL4U8GThwLpyuT19L8DD2q+gsPE1a90liNzWXkmzSqXN/1XlwvJVl9p2948vu/zfQzCc404Oc5KMYrLbeEkfOJXeprgr+6+Wl9prXNzf1qLpVry4qU3zhOrJp+ZsXk/I91W9tVtlUrxnY6VOUKL4VK64OfdHsXfzf0+DlT48jr1aBp1KWDz3K2+XqxwmM1HOnTwUVI4Rv1Y4Rp1uCZG9OPe8Is4NV5kdy+fis4NR+Mzrx+rnWIRBKOrMZxNil65M14l8Dnk26NCWTo0Fk5Nu3lI7FryR4eXw1I36NPrN2lT4IooxykdCjBHiuXk0yp0jZp0sE04LsNmEE0efLJdM6MWjcpvCKIRLYs82eyL1IlMqTM0zz2XbUWxL4cjWiy6LO/HGtbXpmaZSnwMlI93GaXJmSkUqRlvHtwrNxXKRkpd5r75Kmj0Y1ntbG8N7vKN9EOpg6yp2Njf7yHM1nVMJVu813LOOtp1cEdKaMq+COn7yd7p7lv9Iu0y3zQVx3mcayfWXuS8Td3yd81FVMlVL3MXBsSlwO9orzp0fbM806iwej0F50yL/ny+k6YXdefmx1i89tY8awvco/Szm28uJvbXyxrK9yj9LOXQmTK+WuPH7sdenLgWb5pQqcDLpjncnonG2nMwdRGs6xVKv3mbk3jxVtuqFV48zQdbjzCrd5nvb906caiZmpGhTqmxGobmTllx6bO8U3FrSuY4qRTCmSpmrZfVzkuN3HjdoNmt6W9bxS83A8zcbJ3EqbnKCz3H1eWJrDSZhO3pTg47q4mfvT0rrfd5+c55fAr6yrWdVxcWmjSVeafE+va7slTvZSlGHPrR5O72FqqEnBYa7UbnLP93hzy6XO/B5jytC73JJp8Tr0NbnSWMnKvNIurGpKM4Pg+wohKSeJRfwHTxXks14r0i12Mn4yNinfUKi9cjzlLdk0nhG1TtnzjJ48pLjEd5VKb4xxwLenzHdb4M1LKyn0eW2Z3FOdPlkzL5X5MatpQqccYZStMi34pXK7nDmjOjf4lxRr5M+G/ZWkraed9pPvOrK1heQ3ZLjjmzl06zmspmVLVPQ9Rb2SNK7nSatCsuGYZPTWOg2VxYRnZ1U6mMyg31nKesW91FRbW93llrXr2VZVqGVHm0nwZm3TrjjL6LpwlQm6c4uLRr1ryjQWatRRx2s795TpatYK5p+LUS8bvPA6js/d16st2q5L+cx4LuejrzvNOu47s506ke95RjT0zRK/ixhSTfY8HmJ7P6lapuEG/al2n6fqVeo41FOCXcPHyrncrb6PQw2RtFVVSnPgnnD4nVpW7ocFLKRr6faTtqajKrKT68s6C7zFtreOM9VXRqSKa1GSS3WbUsJcBRi61VQSy5PBnbeme5GdtCtU4dHwgu1nrtCtZW2l0o1I4nPxpGrZ6NCVSlUrRzTo+sh2vtZ2uSPRjNPNl5uwAdRpAAZAgAFAAkAiSCQAACAAAkEACQQALQAAAAQIJIYAAAAAAAAAAAAAFQACgAAAAAEkEkAABAAAAAAAAAEgCCCSGRqIZgyxmDI3FbRVNcy2RVMxXXFrVUc255M6VU51ycM3v4fVxLt8Wcm45HTvXiTOTXkeLJ+i6eeI59y+BqGzcs1mL6PscfwoABl0CSCSjFojdM8EpGtMdsYqJODLAcXgvaviMAZEGNNIGCSAmmVKClXpxkspzSa859z9QWy7/AImo/Gl9p8Oofwml7dfSfpQ93SSWXcfk/wDyDkz48uPsys9fT9n5cqpKpJLkmzDBlVf36ftmRE4vpzyYGDIGdunbGGCd0yA2dsRglABqRIAI0EggCQQSFAMgAT1gkNRKJIRkkTTpGVKm6k1FI9Jp9uopcDk6fRWd58z0dnDGDWnh6rP5OpaU0scDqUorBo2y4I6FLkdsX57mvlfBci1IwgWI6vDlWSRlghGSNuVYSp5RTOgn1G2iGuBWXPnbrsNO4opJnWnyNC55Mxk3HDuKaTZzq0cHWues5lfkcnZza/Wc+u/FZv1+s51w/FZtmuNfy4M4c34zOtfy4s5EuZ143KoySjEk6sxnFl0HxKE+JZB8TFjpK37Z+Mdi1eEjjWr4nYt+SPBzukdi2lhHQoyycq3fA6dufOs3St+kzap8jWpGzB8DHZTa6LLUUxZZFnO4QWIyRCJR58uPy1GcXgtiyjJkpYOmOOnbHFsKRO8UKZO+ejHw32r1PvJ3+81nMh1O89GOR2Nl1O8jpe81XV7zCVbvO+OTU4m70xi667TnzuMdZr1b1QXFnWZ6dMentdOdwkUTu0us4lbU1nhI15aiv0iXkezDor9Hcndp9Zh6Lx1nCd+m+ZDv12mO93nR36PQxuy2F13nmo33eXU758OI95WMukr0sbjvLY1+84VK8z1m1C4yuZ0mbyZ9Pp1um4cz1ezj3tIg/wCfL6TwXojge52Ulv6HB/z5fSengy3k+Z1vH28e/wA3nds57utpf8mP0s49Cob+3VTc15L/AJMfpZwqNczyZayrXBx7wldmNXgRKvjrNBXCS5lVS67zz3N9DDgtb8rjvK5V8vmc53PHmFX7zn3u84NN/pTJVe80VV7zNVO8syLxuhTrPPM26dY5EKrybNOodMc3n5OJ01VMlUNKNQyVRnTvea8bcVTvM4zNJVCyNTvNTJi4N1NPnxJlQpVI7riuJTCeS+MjpLK42Wejjahsza3ud+kmzz934PLWonKG9GXlPepmax2FmEnozeTfxTb5lDwavO86z+AVth7u1jmlPfx1NH05JdiJ3IvqRrV+rhZh9HypaXq1BcbZyXcZLTdQrcHaTPqXQU3zivgMlQpr81DtrF/KvkdfRasXipRkvMar0ZqWYp+Ro+w1bGjWXjU0/MaktCtJNvo0n5BrJl8xo2FSmuwpudOlN5WMn06ps5aVE04mm9jrNvOZZ8pfvL4fNI6ZWjyZ2dMqyozVOtHei1xPXT2NovO7Vl8JTLYpLjGvLPVkl3fkssx9FNtGnRp79Ka6OfBrPJnNvoOlXkup8TuUtkq8YuPot8erBz9orWVrRpuWFKHiyfb2HLPxHXGzJzY1eHMOtTXUaEaj7RNzecJnLbbf9GQXYR6Nj2nLkqnYzBqY3Udj0ZBx5nX2YgrrU+WVTjk8nCM3wPc7D2rp2lW4a41HheQ68fnJz5LrF6pkAg9LgMAAAT1EFAAAAABIQCAkABAAAAAAAAFvUAuQCAAAEMkhgAAAAAAAAAAAAAAgkgKAAoAAgEgBAAAAAAAAAkAAAAIBJDFWIZgzNmDMukYSKZl0imZiuuLWqnOuOTOjVObcvmcM3v4Z5cG+5s49Z8Wdi+ONW6zxX1fpOm+FzriWZYKSyt68rYr7GPogAky0gkYJwamNqBlFZYUclsKeFxO2tM26YxhxfEz3OriZqJnukrlcmnKODHBs1IrsNczrw643bEEkHOxtlQ/hNL28fpP0qfmqg/8ASqXt4/SfpU9/R+lfj/8AyP4uP9/+H5aq/hZ+2YiKv4aftn9IicK+rgyBK5EGXcAAAkgASDHIyXSbTkkxyMk0bZZGTHIyNL3MsgxyTkhKyJRjklMNys0WxXFFSLafrkaxjrHXs4pJHdtuo4lm+KOzbvkSer5nUers23I36T4HMtpvCOhSZ2wr4nNPLbgWx5lEGWqR1eHKLUZIrTM45lJKKy28JLrNxxrLJEpcDKVtd/yWt8myqVrefySv8nIuk3FdSSwc+5kjdna3zXCzuPkpfYaVew1GWcWF0/6mX2GLK1jY5Nd5ObcNHXraVqr5abdv+ol9ho1tF1h8tKvX/wBPP7CdtdO6fVxLjkcu5lhM9BW0HW3nGj37/wCmn9hzLrZzaCWd3Q9SfktKn2DVZuUeRv5eMzmS5npbzZPaab8XZ3VX5LKp+6aT2O2ob/JzV/2Gr+6d8JdOdymnGB2PUdtR/wC29X/Yav7o9R+1H/tvV/2Gr+6bY3HJyZwfE6q2P2o/9uat+w1f3SY7H7Tp/k5q37DV/dM2NzJr2r8ZHYt3yK7fZTaWLWdndVX/AEVT906tvsztCsb2hakvLaVPsPFzYW10mcW2y5HUt1grttn9ciuOjagvLbT+w36ei6xH+Kr79mn9h5/dXfod0vzZQeEXQkalSNa2rOjXpTpVI+uhUi4tcM8mW055MZYLG5Fl0DWpyNiDycLi3jNrkycmGRk5XDbvjizyN4w3jFyM9r0YYrd8hzKXMx6TvNTw7TBe5mEplLqFc6uOs6StzBbKrhGvUuMdZTVr4yaNa57zpi9XHw7bVW8wuZyb7UGvFT4lF1ePDUXxOfKTk8t5yb8vq8HTSeazlcVZPLkzHpJ9r+EwAe6YyM+kmn65k9LNvOWYALqLo3E13l9K74rJpAu2Lx412aV1x5m5Tu32nnY1HF5TZfC8a6ieXl5Om36PQq7eOZ9J2Jnv7N05f8yf0nx6F4muZ9B2S2x0bStBp2t9dSp1lOTcVSlLg3w4pHp6bOTPzXwfavS53hkwxtu/k0PCJV3NpUv/AI8PpZ5uncPtNzbbW7LWddV1YVXUo9DGO84uPFN9vlOFCtgzy5S5Wr0nT33WMynnTr+iM9ZhKt3nPVyl1kSuUeevq4cDe6XvMlV7zQVddpZGqiRq8bfjVLVV7znxqd5bGp3mtuOXG6EKvebFKr3nMjU4cy+nVLK8+fG6sKmestVTvOdCqXRq95uV5MuNuqZkpmpGoWxnk1K5XBvUqnE26c+CObCXE3KUjthk8nJi3YyLYs1oSL4nfGvHlFiM0YIzibjlWSJCJ6jbnQABgAIKJBA6gJycPae0VxYzlurKjnPejtlVajG4h0c+UuBzzndjpvC6u3zG0sp13mnRlNLm0so9XZbH1K1GMq8o0srOFxZ3tI0unpulSoqPGUnKT8/A6FCeaeH1cDOPDP8AczeXKzx4eK1HYy5h/B5xqJryHlr7T9Q02tuXFBpdvNM+wOXE0dRhQnCVKtBSVWLWGc+TjmE3K1jnl6V8spU5NZlTcc9R9D2bodBo1GL5vLPN67pF1pVnGrGPTUJSSUuuOepnr9NjuafQiv0Eb4/Qzyls02iCQdmEBAFAAAACQIJQAAIIkIAAAAAAAAAAC1ckCFyRIQAAAgkgAAAAAAAAAAAAAAEEgCAAFAABIACAAAAAAAAJAAAAAQQSyGKsHyMGZswZl0YSKpl0iqSM10xrUqnNulzOrVWTnXUeD4czhnHv4L5edvebOPXXM7d9DDZyKq4vgeKv0nTXw5VeOHkoZu3EDTwWzcfXwu4jBkkEjONOT6jeGH1atYpZLYUsmcKOOZfGGDo5ZZqoUUkWqmWKPcZbpmuFzqrcQcUW7pXLh1GUlUzRqNcWbVRmq3llk8PTxsSGZEPkc8o6lD+FUvbr6T9LH5qofwml7eP0n6VPb0npX4//AMi+Lj/f/h+Wqv4aXtmTHkRV/DT9syYnnr7HGyBPUQYd9IJHUQVkIAbLpLRmOQ2Ytl052ssjJhkZKx3M8jJhknJNL3s8jJhkZGl71iZkmVZM0yWN45LYssg8NFKZYmaxejGutZz5Hbtp8jzdnUw+LO1bVuC4mcpqvF1GPl37eaSXE6FOpy4mjo2m32qzataWYReJVJcIx8/2HrbbY6EYL0RdycutU44XznbjwyvmR+f6nl48Lq3y5Eai7S6NRHUq7JpR/wBHu5J9lSOfnRxby0vNNmo3NPEX62a4xfnOvZZ6vD7zHL0rbUkXWkv9Pt/dY/SjmU7hPrNuyq72oW3H/fQ+lFnqxl6LNS1G7pX1eELmrFRqSSSm0ksnPnrN+v8Aja/yjOhQjTr7WSo1YRnCVarmMllPhI9Bc6Hp9xbzpehaVNzWFOEEnF9qOklrjuY6mniJ61qGP4dcfKM1quuamuWoXK/rZfaVXNvVsNV9B3MfGhUSfZJZ5+Ro9Vtjp1jaaDKrQtKNKaqRW9CCTM6vny6bxmpr1eMra/q65andr+ul9ppVdo9aXLVr1f18vtPd7MbM6dLR6d9qFCFepWTn999bCPVw5cuOTGpf+D6M9ycbBtcPwDa+HBe2681LnN6kfOqm02udWs3y/wCon9pzrvavaGK8XXNRXkup/afXrnZLZraDSnKwt7eCqxfRXFvww/Nz480z5tsbd7PaZqt9DaiFs6cYbkFXt3WSmpccJJ4HbYndLPR4642y2oUnjaLVF5Lyp9prvbTar/3Jqv7ZU+0+96HQ8Hu0zuFpOlaVdu23el/1eo7u9nHroLPrXy7Dn6rqXgr0XUa2n6jY6TRuqDSnT9K3LDaT5qDXJo6yeHO5fk+J+rXar/3Jqv7ZU+0n1abVf+5NV/bKn2nrvBdb6btD4Q9Rnd6VaTtKtvWq07WdCEqdL75DCUWsLCeDb8Imy+nVvCbouiafa0NPo3tCkpq2pRglmpNOWEsN4XzIqbjw/q02p/8Acmq/tlT7SVtptT/7k1X9sqfafdNQ0TwfbF6RTqanpdhTobypxqXFr09ScsZ602+T7jW0XUvBfr+pQ03TtO0mrdVE3CnLS1DewsvDcEuSbJpZlPo+OUdstp2+O0WqP/rKn2nVttrNo5Y3td1F+W6n9p3fC1shpWgVLHUNKtlaxupTp1qUPWZSTTS6uvguHI+j+lGy+l7N0tSvNFsFSpW8JVJq0hJ8UuPLjxZxywtvq13TXo+X0Np9daWdZvn/ANTP7Tcp7Sa1lZ1a95/yiX2nr47T+Dr82wtV/wD89funltq9W0jUNQt/SW2pUbenDxnCiqblJvjlY48EvnOeWOpvbWN3fRvba1MbX3y9z/s4nMoTybm3MsbaX69z/s4nMt5cTjy4/erth6R1acjZg2alDibcDy3F6sMVueBG8RngYtnKx6scWTkYuRi5Fcp4JY9GOKZSK5T7zGU+82rTQ9U1K39EWds6lLecd7fjHj52hjhcrqR1txwm8rppyq4KKlwkdapsjtE+WnZ/rqf7xrVdi9p5et03/wDvp/vHScHJ+Grhz8Hzzn844le6Sycm5vHJtRZ6G42D2vqPEdK4e+KX7xyNX2U13RLVXepWSt6UpqCk61OWZPLxhSb6mdceLLGbsfQ4uo6fckzlv6xynPLy3kjeKd7vMlIlj6HvFm8TkryN4mmu9bkZK94bxNNd6zJJVvd5O8NHesBXvk75NNd8Z8iHKXaRvDIS2UdSb6yVOfaY5GSsTDGM959rGTHIyR13Fkako9ZdCv8ACauRvDW/DN7a6cK2UXRqHJjWceBsU62esmvDhnhHThUL4VO85sKyb4M2IVO8R58sHRhVLo1e858KhbCp3mnly43RjUNinPvObCobVKfIsrzZ4OlTlk3aTOfQlnBvUnyO+FfO5Y3aZfFmtBl8GenF4M4viZoqiyxM6RwrNGRgmZI05pQJIKzYADITSOsAgLoI5PPYSQ+RKNqfCjLC6iig/Fb78lsnm1b/AJhr0HmHmT+YuV+854rXLicXaGu6cqbbwksnXk8PyHntq5p0ItNdUfhZ872jbeCyfWf3ejix+8713bwvdHlSlFSU6WV8BjQju0KceyKJ0apKto9tKXN08P6DJLd4dh9CWWTKfOPPjNWxIAK2gAFQAAAkgkAAAgiSCQAAAAAAAAAAAsXJEkLkiQgAQAYAAAAAAAAAAAAAAAAAAEEgCASAAAAAAAAAAAAEkEgAABDIZkYhQxZkYsjcYSK5FjK5GK64qKhpXEU0btQ1K3I5ZPVxXy4N/SznBxKtPDeT0txDOTj3VJZfA8eWPl9/puTxpx6lLOclDto9h0KkOJW4iPqY8lkaSopfmlkYLsL3BEbprbdz2w3UZJE7pklwKxaJGWB1AaYYy4FM2sFkma9SXAadcIorSeODKDOcsswLfEezGagQwDntpNH+FUvbx+k/Sp+aqP8ACqXt4/SfpU9nS/N+P/8AIvi4/wB/+H5bq/hpe2ZMVwJq/hpe2YieWvtcbIhkkMy71BBLMWVztGzFslmDZqOWVGzFsNmLZqRwyyGyMkNmOTWnG5M94ZMMjI0z3rN4nJVkyTGmpmtUjJMqTM4szY745LUyyLKUzNMz6PVjk2KdTdkem2U0yrr2rUrKDcYevqzX5sFz+zys8omfWvBDZxjpF9fNePUrqiu5Rin9MvmO2GPflJXi9o83uuC5z19P5vfWtpQsbaFtbU406UFiMUbAB734i227oU3FvSuqE6NaCnTmsNMuAHzXVbWppGpztpNuHrqcn+dF/wD7gt0u43tTtFnnXh9ZHV8INKMdPtbtevp1ej80k3/hPK6Hc72tWCzzuaa/7keezWT1TLuw29JYTzty4/8APrfRI7Osa2tH1WxhWaVtcKcZt/mvKxL5zy9re0bXburVuKsaVKFxW3pSeEuEjW211ux1etbRsqkqioqSlJxaTzjlnyGplqVi47yn6PVbU6I9Qp0by3jm4t5JtL8+GeK83Necr2/lu7Lzf/NgaOyO1ltHTvQep3MaU6CSp1Jv18OpeVfRgx231zTL7Z6VC1vqNaq6kXuQll4NWyysyXukrp0ZZ8HLa5+lkuXubPitSfE+pbJ7Y6TDRqem6lWjb1KMXDNRZhUj5fJwwyyVPwbttzlp3H+e1/eZsmUnlZbjb4XeC5t7JNvOPRM8fAj4ltDP/XN/74qfWZ9uudtdk9ntJdPT7ihUjTT6K2tlnefPyLjzbPgl/XlXrVK0341STk/K3kuXpIuMu7X0zwCfhdof+m//ACng/Cn/AOpGse6Q/s4nqPBDtHo2zlPXK2r39K0jU6DcUsuU8dJnEVlvGVy7UeM241a113bHUdTsZSlbXE4unKUd1tKKXLyo3PRiz7z0/gK/Li4//j6n16Z6jbb/ANc9l/caX9pUPEeCfXdM2d2nuL/VrpW1D0FOCm4uWZOcGkkk23wZtbYbeWGpeEHS9odLp1qlHT4U4yVWO46m7OUnji+DUscfgKmrt6/w959ItK7PRUvqnxnTKV9X1KhR01VXd1JbtJUZYm2+pM/QFxtn4PtrNMjS1S9tZ0sqfQXcXCUJfbxaymUadV8FOk3lO9sq+mUrik8wqKpKTi8c1lsE3HyLWdH2q063pVdfo30KMp7tN3NRyW9jqy31Jn6Du5aXDYyEtZSenq1p9NlSfDEcet488cj5Z4VNttJ2joWem6TWlcwoVXVqVt1xjnGElni+b48uXM969pdjtS2cpabf6xaTpVKEIVafSuL4JcMriuKMfOrZbI4sLvwUP1sY/J3B5TaO40Wrrf8AqCkoWUIRimt7x5c2/G49ePMewhpHgrXrbq2/bKn7x5Tayns7b6nb0dnVCVGNPeq1IVZTUpN8uLfJL5znnPHybw9fm3tu3jbXUP6v+zic22ecM39vH/tvqH9X/ZxOdavgceT1r08U8R1rdm1F4NKi+RsxkeWx9Hjx8Ls95DZhvEORzsevHElIoqTJqTNec8mK9GGLJylJqMVlt4SXafWtIsVp2lW1r104Lex1yfF/O2fONkbH0w2hobyzTt/v0/Ny+fB9WPodFhqXJ8X2tyfex4p8vIAD3vih8p8KvppqWo2thZafd1re3g6k50qEpRc5dWUupL/uZ9WBjPHumnfp+b3HJOTW9PzWtA1z2Hv/ANmn9hktB1v2Hv8A9mn9h+kgcPs2P1fXntvkn+yfzr82+kOt+w9/+zT+wy9Idb9h7/8AZp/YfpAE+y4/Vr/HeT8E/nX5v9Idb9h7/wDZp/YPSLW/Ye//AGaf2H6QKp1I0oSnNqMIpuTfJJD7Lj9T/HeT8E/nX5qura6saip3dtVoTa3lGrTcG124Z7rwbbN6RtBaX9TU7P0RKjUjGD6SccJp59a0eR2q12W0G0V3qDb6KU92in1U1wj9vlbPoPgYebDVPdaf0M5cWE95p7+t6jk+x3LesvHo9J9zfZL2J/8AIq/vD7m+yXsT/wCRV/ePUg9vu8Po/M/bOp/9l/nXlvucbJexP/k1f3ifuc7J+xX/AJNX949QB7vD6L9s6n/2Zfzry/3Odk/Yr/yav7w+5zsl7E/+RV/ePUAe7w+h9s6n/wBmX868v9znZL2J/wDIq/vD7nOyXsT/AORV/ePUAe7w+h9s6n/2Zfzry/3OdkvYn/yKv7w+5zsl7E/+RV/ePUAe7w+h9s6n/wBmX868v9znZP2J/wDIq/vHzXwg6Tp+g7Q0rTTrfoaMraNRxc5S8Zyks5k2+pH3I+MeF1/7XUPeUPrzOHPhjMPEfT9ldVzZ9TJnnbNX1ryVKtlpLBuU6vUcqnIvhNp5TPn2R+yxx7o6sahdCbOZCs1zeDZp1M9Zmxzz49OlTqG1SmcynM26NTlxI8fJg7NvM6FKRx6FRZR0KVTkd8K+TzYOnCRsQZoU6htQmenGvnZ4tuLLEzWjItUjrK82WK5MyTKkzJM1HOxbkZMMjJWdM8jJjkZCaTkEZGQaSQyMjJm1dNh/wR+0Zr2/4CD7Youm8WTf801rdvoYrsgi5X737Ocnhlcz6OjUn2RbPAXGsx1OLpuWdyrTX/ej1O1N/wCgdJlNPjNNHyy1rSp1Ks1zbj8zyfN6r/Mz7fpp9zpOmmXScnJfX5Psmz0s6TGP6FScf+5mxLhN+U5extyrnSJz/wCdJ/DhnTm/vkvKfQw8cWO/pHxMp/mZfrQkhEnQoQSQVkAAAkAASRgkIAAAAAAAAAAAAALFyRJC5IkIAEAAAAAAAAAAAAAAAAAAAAAAAAAAAAAAAAAAAAJIAEgEBQgkhhQxZJizLUYsrkZyKpma64qahqVnwNqoalXkcsnq42jVWTnXMFx4HTqmjcRyebKPqcN8uPVhx5FLjg3a0cM1ZGH1cMvCpowaLJGHMsd5UYJANLQxk8IlsqnIEjGcjUrT/NLK1TCNVtvmzUj1ceKCGSQcs8noDFskxZzSrKH8Kpe3j9J+lT802/8ACaXt4/SfpY9/SelfkP8AyL4uP9/+H5cq/hp+2f0kx5EVfw0vbMRPPX2cGZDJMWZ072oZiyWzFs045VDMWyWzFlcMqhswbJZizbhlUMgMg04WgIBWdpyZZMQiLKsT4maZUjNMzXfHJamZJlaZkmY09OOS1M+weB+7jU2eu7Vvx6Nzvtd0orHzxZ8cyem2F2m9TOvxrV2/QdwujrpccLPCXmfzZOvFl25eXl9ocV5unuOPr6/yfoAFNGtTuKUKtKcZ05xUoyi8qSfJplx7340AKatWnQpSq1ZxhTgnKUpPCSXNsDyHhMu40dEtrfPj1rhNLujF5+do8Ts7Uzr+ne+qX10V7X7SLaHXZVaLfoSgujoZ611y87+bBzKMjy55by29uGFmGnuNV2T1y61W8r0bRSp1a85wfSwWU5NrrNJ7EbQv/go/LQ+088mOfJcSd2J25fV6H1D7QfyGPy0PtK57CbRPlYx+Wh9pwJKovzJfAa1RVWsqnN/0WNw7cvq71TwfbTS5WEfl6f2mpU8HG1UuWnR/aKf7xwKsKz/3U/is1KlKv+pqfFY3Povbl9Xoqngz2tfLTY/tFP8AeNSt4LNsp8tLh+00v3jztejXjFydGaiubcXg51V5NSxOzL6vTz8Ee2zllaTD9qpfvGP3IdtvYmH7VS/ePItZZg4nSWF48vq9j9yHbb2Jh+1Uv3h9yDbb2Jh+1Uv3jx26N0u4nu8nsfuQ7bexMP2ql+8ZR8EW2ifHSYftVL943/BhsE9otQWq6lSfpXaz4RkuFea/N9quv4O3H35JJJJYSLJtxzyuN0/PEPBNtmv4qh+00v3i6Pgr2xXPS4ftNP8AeP0GCe7jPvK+Bw8GG10cZ02P7RT/AHjapeDfauEk3p0cZ/lFP94+5HhfCHtlHQ7T0tsan+sLiPGUXxowfX5X1fD2Gbx4ybbx5M8rqR43b2WNuNQXfS/soHNtZHHoybeW3xOnbSxg4Z+fL6HHhqSOzRfA2Ys0aMzZjM89j6PFivbMJySMHU7yqUmznXtxwRUnnkVNmXWZUqE7m4p0KSzUqzUIrvbwc9bdfGM8vebAaerbSat9P191PEfax4fTn5j2Bq2VrCxsqNrS9ZRgoLvwjaPtceHZhMX4vqOW83Lln9QAG3EAAAAAAAAPC+FTX/SnZl2VGWLjUW6SxzVNevfzpf0j3R+efCBr3qg2quK1KW9bUPvNDHJxjzfneX5MHLly1i9vQ8PvOaW+k8vNRPrvgX/gGqe7U/oZ8jij674GP4Bqnu1P6Gebh/iR932hP/5cv2/u+mgA9z8qAGlqF/a6ZY1by8q9FQorM5tN4XLkuIJLbqN0HlfukbH+zMfkan7pP3SNkPZmPyNT90z34/V2+z834L/J6kHlvukbI+zEfkan7p6OjVp1qUKtOW9CpFSi+1Piiyy+jOfFnh8eNi4AFcw+K+F38r6HvKH15n2o+LeF78rbb3jD68zh1HwPq+yP9VP0rxMC6JTAuR8vJ+74fRmmWUqri8FRKJv5PRZt0KVXPNm7SqHFhUcWbtKsuSZZjp4+TidmhWwzpUa2cHn6VXGDfo1+xmp4r5vNwu7Sq56zbp1DjUa/ebtKtk7Y5Pl8nE6sKhbGZz4Ve8uhVO8yeLLjb0ZmakakanDmZqp3mpXC4NreJ3jXVQy3zW2OxfvIZKFMnfG07V2UN4q3id8bTtW5IcsFe8RvZeO0lq9rdqtehYw/SWCiklFyhn1uF8xbXi9+lFdqRw6+oTpX9eC5b+EZ5M+2705ceHd4jLaPTlqlpG2zh8Wj5Xcx9CV+il1Nrzn06nf1J3C3uWGj5xtHGKqykksqs/gZ487Ms9/V93o8spw3ivpPL6H4Oqyno1aHXGpl/B/keimsVZLvPBeDK/3Lq4tG8qpHeS71/wD78x7yrwrS8p7sbLhHxebC48+cv6pQIRJ0jjUkEkFZAAUSAAJAAQAAAAAAAAAAAAF0LFyRJC5IkiBDJAEAMAAAAAAAAAAAAAAAAAAAAAAAAAAAAAAAAAAAAAICjAIZGhmDMmYMzW4xZXNmciqbM10ximbNSqzZqM06sjlk9nHNteo+LNOtyZsVHxNWq+DOGT6HHGhX5mnNm3X4tmlU5nN9Ti9GEmYNkSkYb5Y9WMZ5IyVuaMXURvTcxWOXA16k8GE7jHIolNyfEunbDj+pKTk+JgGyMkyyegZHWGyDjcbam0mLMiVGT5I6TjZyyLf+E0vbx+k/Sx+baFKXomlw/PX0n6SPbwY6lfkf/ILLlx/v/wAPy3V/Cz9syY8iyrSl0s+H5zMVCS5o43B9jjymwhmTMGZuOna1izFmTMWjPa5ZMWYsyZiyxwyrFmDMmYs04ZIIJIK5VAJBUQSMEkXSUZJmBkiN41mmZJlZkmZd5kzyGY5GSaa7vD1ey23+q7MpW6xd2OfwFSWN32sur513H0Ox8LWzteGbiN1bSxxUqe8vM0/7kfEMmUZ8TvjyZTw+Z1HR8XJe7Xl9vu/Cxs/Ri3bwurqXUo091edt/wBx4TaPbrVNpM0JYtbPOegpvO97Z9fzLuPIxmXwku0t5LfV450uGF8RuU2blKWOs59OaXWdXQqdK71ywta8d+lWuacJxy1lOSTXA5+q5YyTbJVESq7pzU4TcZReU1zTPrfqD2a9jV8tU/eHqC2a9jF8tU/eOvucni+0YfSr9ldbhr2i0rnK6aHiVorqkuvz8/Ods5Wl7P6XocqstOtnRdRJTSqTknjlwbfadU9M3ry8mWt+PQABWWtd2tC+tKtpdU1Uo1oOFSEuUk1xR+a9sdnK+y+v19Oq5lS9fQqP/eU3yfl6n3pn6dONrmy+jbSRox1exjc9Bl025yi4558YtPqRnLHbrxcnZfPo/LuOBG6fo77luxfsLH9oq/vD7luxfsKv2ir+8c+yvV9p4/pX5x3T0Ox2yVztbrcLKlvQt6eJ3NZLhTh9r5JfYz7b9y3Yv2FX7RV/eO1ouz+l7PW07bSrONtTlLeklJycn3ttsswu/LOfU42fdnlsafp1tpdhRsbOkqNChBQhBdS+3vNwA6vEAADz21u1Ftsto87uridebcLej+nP7Fzf+aPgl1eXGo3tW8uqrqVq0nKc31s/QGsbJaHr1xG41Oylc1IR3Yt1qkUl3JSSNJeDfZFctIXy9X945Z43J6OLkwwn5viFHqOhQmfRdsNjdn9I2WvL2x09Ua9Lc3Z9LOWMzinwba5NnzOlM4Z42eK+nwcmPJNx16NTCXE2o1MnMozNunPgefJ9PjbTkRkwjLJkjnp7J6JPRbEWHovW/RMlmnaR3v6T4L+9+Y86fSdi9P8AQegwrSjipdS6R+15R+bj5zrwYd2f6PB7R5vd8Fk9b4ekAB9N+UDS1O9p6bplzfVVmFvSlNrtwuXn5G6eE8KOqdBotHTYS8e7nvTX8yPH6cfAzOV7Zt14eP3nJMPq9xB70IvtRmV0/wAFD2qLDTkAAD4Z4Tr+9t9t7qnQvLilBU6eIwqyivWrqTPJLVdT9kbr5aX2nqvCjTcturp/8un9RHkOia6jw577q/W9Jx45cOHj5Rd6Z6m+D1G5+Wl9ppqJd0bDjg5W35vdOGT0jBI+t+Bj8X6p7tT+hnybB9Z8DP4v1T3Wn9DOnD8ceH2nNdLl+39300AHvfkg814QvyE1X3FfWR6U814QvyE1X3JfWRnL0rrw/wAXH9Z/d+eIosjEwiXQR87Kv2vFjtCifpjSvxTZe94fVR+bMH6U0r8U2fveH1Ud+m9a+T7cx1jh+tboAPY/Nh8W8L35W23vGH15n2k+LeF/8rbb3lD68zh1HwPqeyP9VP0rxMC5FMC6J8vJ+84kkkAy9KcmcJuL4FZKLMtVG5SuccJPibtKulxTOQmZwqyg+DO3iuGfDK9BSue836Fz3nmad5jm8G7RvVleMTzHg5emr09O4z1mxCv3nBo3ees2oXPebmT5efT3btQrd5aqxx43JdG5XabmbzZcDqxq95kqvec1XGeszjX7zXc43hro9L3kqoaMa3eWRq95ruc7xN1VCekNRVDLpS9zncGzvllv98uIR78mi6vedHSYb8p1X1cEMb3Zac+WdmFrarTSvIL9GLkzxl/OauHUa4ym3856qpLeu6sl7VFVxp9GtFb0VntJnLnfDjxZTj8uA6qpNJeuPHbQ229C4muaxL4Ge6qWGK7ec8Tz20VmoVZ08cKtKS+b/I82eGWNlr6/R8mOVuM+blbB13R2hpNPGXu/CmfWa/4VPtR8U2bufQut29RvhvJH2pyVShGourgerj+Cx4euxs5Zl9UIkwTMsnaPDZpICJ6zTFQACokAkAAAgAAAAAAAAAAAALBYuSJC5AiAAAgEkMAAAAAAAAAAAAAAAAAAAAAAAAAAAAAAAAAAABAAVAYIZG4hsxZJizNbjBlMy5oqkjNdcWvUNKqblXhk0qpxyezias+s1ai4M25IonE42PdhdOfWiaFVYbOtUhwNCvDizOn0eLJzZ5RS2zYrRxk1nwNSPpYeYqqVGuRQ5N9bLamGUs3Hpx1oIbDZi2Sxq5DIyQ2Mmezbnc0kpNvCIit54NqhRxxZ1mMkcs+SSIp0H1mwqJZCHAujAjxZ81tV0KX+kU/br6T9AnwejD7/AE/br6T7wenh+b817Xy7rh+7831KP32flZMaHDibM4ffZeVlkKeUcn0cOStGVuuwonbLqOu6JVOiHonLfq407eS5cSp0pdh15UCmdDuC+9cpxa6jBo6UqC48Cidv2EslO+VpNGDNidJx6ipxM9v0ZvlW0QZtEYDnYxwME4JwRO1iSTgYCyAJwMBrQSQSTTRk+kbNeC2217Z+01Oeq1aMriLbpxopqOJNc89x82P0N4OPyC0v2k/ryOvFjLfL5/X82fFxy4XXl5b7idp7N1/kF9o+4naezdf5BfafUQen3eP0fH+29R+J8vXgVtF/Hdf5BfaZrwM2q/jqt8gvtPpoJ7vH6M3qua/7nw/bTYujslZ2txTv6ly69RwalTUcYWe042y1bO1ekLtvaP10e98Nct3RtM98S+qfN9kqmdr9HX/zqP10cMsZM/D3cOeWfDvL8/8Al+lAAet8gAAAAAAAAAAAAAAAAAAAAAeY8IvDYXUvJT/tInxClI+2+Ef8hNR8lP8AtYHw6mzz8vq+n0Xw39XRpSNunM59KRsQn3nlsfZ466EJl0ZGhGobEJmNPVjk3benCtc0qdSoqcJzUZTfKKzxZ9Pp7RaBQpQpw1GhGEYqKSfJI+TqXDmYy4o6cedw9I8nV9Lj1Gu63w+ueqvQV/Gtv8Yj1W6B7K2/xj4+6eTHoTt9oy+jwf4Xx/ir7F6rdn/Za3+MfLdtNUjrW0VavRnv29JKlRa5NLm/O2zndCYuiZy5blNO/B0WHDl3S7fe6f4OPkRYV0/wcfIiw9r84AAD4l4S4522uX/y6f1UeYjST5o9V4R1nbO59zp/VR52mjxZ/FX6npMtcWP6NedspclgonbSXYdRRyYTp5MPozlunIlTa5o+q+BtY0/VPdaf0M+dTop54H0rwQ09yx1Lvqw+hnXik7tvD7TzmXS5ft/d9HAB635MPM+EP8hNV9yX1kemPNeEP8hNV9yX1kZy9K68P8XH9Z/d+eIF8SiHMvifNyft+FZ1H6U0r8UWfven9VH5qP0rpX4os/e9P6qO/S+tfJ9u/Dx/u3QAe1+ZD4r4X/yut/eMPrzPtR8V8MH5XW/vGH15nDn+B9T2T/qp+leJgXRZTAuifMyfu+H0ZkAGHpASQRUggF2MskqbXWzAF7qmm7RvpQ4S5G5DUY49ccYkvd9XHLgwyd+GoZ5M2qV3nrPMxqSjyZtUbvdfHgbnn0ebk6Wa8PTU6+es2YVcnCoXSwuJvU7hPrNS6fN5OHTqxqFiq95zo1u8zVbvNdzy3idBVyXcI5zrd5hK47zNyScDp9PlpLi3wPVW1NWenxjLg1HL8p5PQIejNUpxfGMPHl5j1GoTc9y3jzm+J6OHxjc3yuv8Zzj/AHqiis4k+vxhXvKdN7m8t7sNHUr6VC8lb0+ChGOX34OBb1qs79TnJviyd/Z4cMePv8urLUFKq/KcbXqquLug15PpNurbShNy3uDfA5F/U3byEZc1US+Y4cnJb4r6nScWMy7o8bSmqF1vJ46Orj5z7botx6K02m3x3qafnR8Nun/pdePV0r+k+r7C3vTaeqWcyp4flTPTw3zpz9o4/wCX3fR6BPDM0zGstytJdWQnwOs+j5V8zaxEmKZJtysZAgk0yEkEgAAEAAAAAAAAAAAABRauSGAuSBEAAAIJAEAAAAAAAAAAAAAAAAEZJIAAABkkgASCCQAIyAGRkABkZALFB1gGVQYsyIwGoxMWixoxM6alYMqmWtFckSx0xalXrNKoss36kTWnTOeUezjy00pLiVSXA2qkcFE0c+17MMmpVic+uuJ06iOfXM2Pbw1y6y4s05rsOhWRo1OBnT6uGWo158zXllvkbE89hVJZOkdu/SlmLZbKL7DDdyi+EvJ4YZM4Qb4kqCwX04C1xy5YmnRRt0qeDGnHuNqnEjyZ8tIQLYw7jKMO4ujAunmyzY0Yff6fD85fSfcD4vSh9+p+2X0n2g9HF83w/aV3cf3fAZw++y9sy6nS7iZQ++y8psUocDD2Y5KnS4ciuVI3+j4cjCVPuMu0yc6dLuKJUu46c6ZROmuwhMnNnSRRKn3HRnTNecCVvuc+dLJrVaGOKR05w7iicOHIOkycqUcPDMMG/VpZ6jVlTaFm3WXakYM2sDBnRpikTgySJUWWRdRhgYLNwbncXSbV4ILXAxcWho2wZ+hfBx+QOl+0n9eR+emmfoXwcfkFpftJ/XkdeL1fK9qfwp+v/D1AAPQ+CAAD5h4bvxLpnvmX1T5psg/9sdG9/wBH66Ppfhu/E2me+ZfVPmeyP5YaN7/ofXR58/ifX6b/AE/836bAB6HyAAAfBNt9rdobDbLU7W01i7o0KVXEKcKjSisLkcJbcbVez998qzubb7KbQX22eqXNro95Xo1a2YVIUm4yWFyZw1sRtT7AX3yDPPd7fa4pxds3r+h6udqvZ+++VZ9/2VuKt3sppVzXqSq1qtpTnOcnlyk4rLZ8CWxG1HsDffIM++7K0KtrsppVvcU5UqtK0pxnCSw4tRWUzXHbvy8/Wzj7Z26dkAHZ80PnHhZ1rU9HWlelt7Wteldbf6KW7vY3MZ+Fn0c+b+FnR9T1daV6XWVe66J1d/ooOW7ncxnHkZnL08OvDr3k2+erbTad/wAeXnyrMltltN7OXnyrMY7G7Srnod98iyxbHbSewl78izh959OTi/L+j6T4LNW1HVtOv56heVbqVOtFQdWWcLB70+deCSlUoWOq0asHCpTuYxnF800mmj6Kd8fR83nknJZAAGnF5bwkfkJqPkp/2sD4VBn3TwlcNgdS8lP+1gfB4SPPy+r6fRfDf1bsJGxCfeaUJlsZnnr62LehMuhU7znxqF0KneZ06TJ0YzM1LPWaMK3UWxq940137bXAnCKFVRmqi7SaXvizBElwMVUREprtLIlzfdoesj5EZmEPWR8iMz6T8gAAD4v4Rvy0ufc6f1Ueepo9D4Rvyzufc6f1Ueepnkz9a/RdNf8AKx/RckHEyiSzm9vcplBH0XwUxxZ6j7rD6GfPmj6J4LP4JqHukPoZ04vieLr8t9Pf2e+AB6350PNeEHjsLqi/5S+sj0p5zb1Z2J1Rf8pfWRL6V14f4mP6x+eYriWoy6LjlIlRaPDljt+24LuI6j9K6V+KbP3vD6qPzY1wP0npX4qsve9P6qN9NNWvk+3fh4/3/s3QAex+aD4r4YPyutveMPrzPtR8U8MH5XW3vKH15nHn+B9P2V/qZ+leJgXRKKZfE+Xk/dcPozABh6kkEkEUAAUAAAAACckAotp1pU3wfA3KV/h8Wc8lGpl58ueXHjl6u5Tv0/zjZjcp9Z5yMmuTNqjcvk3xOleTk6afJ3Olz1kb/ec+Nx3lsKuesxXmvFY9vshRjTs7m9lji91PuSyzsU/HvIznz3d45tjSlbbIU1GL3px32lzw3n6DqU2p1JzjywkvIfQwmsccX47qs+/lzz/PX8nmtSk6mqXclx++7vwJIrhSdKlH723KWW3g9JQtqEuknuJuVSTb78l3RQSxuo55cVt2Y80xmtPMWdKpOst+Mt1Z5rrPMaxCc9YckniM3L+499capaWFWrG6lGluYcd7r4Hg9a1Glc6jWvLbDpzWF8HE8vLJJJK+v0NzuVyuPjXq8XWbnd1W+ubPa+D27qQ1WNBS8ScHF/3Hiv8AfTb5t5PW7FU3HWbVxTw6iT7snp4/ii9Vr3WX7vqN2n97n2x+cqi8mzfQxQi11SNSDO+XjJ8Lj84LkzJMrRmjUTKMyTFMyNOdCSBkrKQAEAAAAAAAAAAUAABauSAXJAiAAAAMAQCQBAJIAAAAAAAAAAAAQAFAAAAAQAAAAAAAFAAUACcAQCQyKxIaMmQyNSq5FckWswkg6SteUSmcUbMkVTiZsd8a0akEalRG/URpVVzOdj28d21KhoV0b9Xgc+uznY+jxXTQrHPqvizduZGhUeTL245KpeUraLGjFordzVNDCMsDBWbmhIvpoqS4l9MVxyybFNG1TRr0uZt00I8+VWxiXwhwMaaybEIlefKppQ++w9svpPsB8lpR++w9svpPrR6ON8jrrux8PlD77Lym1Rhw5FUo/fZeU2qMTm9UrLc4ciuUDa3eBhKIdpk0pwKZwN2cSicDLUrRqR4GtOB0KkOZq1FxI6StKcSicOBuTiUziRuVo1ImvOJu1ImvOIdJWrKBjuGw0RukdO5SoGSgWqJO6EtVbvcTuFu6N0VNqXErcTZcTBxCStaUS6Gp6jb0lSo39zTpx5QhWkkvMmRKJVKPcWFks8v03pUnLSLOUm23bwbb6/FRumjpP4msve9P6qN49r8lfWgACPmHhu/E2me+JfVPmmyP5YaN7/ofXR9M8N34n0z3xL6p802R/LHRvf8AR+ujz5/G+x03+nv7v0yAD0PjgAAAAAAAAAAAAAcTarWo6Ds9dX+V0kIbtJPrm+Efn4+RM7Z8h8L+t9PqFtolKfiW66ask/z2vFXmjx/pGcrqOvFh35yOt4HZyqabqk5ScpSuItt828H0g+a+Bn8Van7vH6p9KJh8K9R/FoADbi8p4TOHg/1LyUv7WB8BjI+++E//ANPtT8lL+1gfn2Mjhyer6nRfBf1bSqMzVVrmau8TvnCvq4zw3Y1y2Fddpzd/vI6VrkTTXa7MK67Tctra8uqbqW9pXrQTw5U6bks9nDynnY3DXWfafA7Pf2Uun/8AOmv/AOumbxx7rp5+p5Lw4d0eAWnan7HXfyEvsMlp2p+x138jL7D74Dr7mfV837fl+F8FWn6n7H3fyMvsJenan7H3XyMvsPvIHuZ9T/EMvwq6f4OPkRYAd3zgAAfHfCBp19cbX3FWhZXFWDhTxOFKUl61daRwKelamv4uu/kJfYfoEHK8ct29vH1lwxmOvR8FWmal7HXXyMvsMvSzUvY+6+Rl9h94Bn3M+rt/iOX4XwZ6XqXsfdfIy+w934Lk1a6lGSaaqwTT5p4Z6LazWVoWz9xdppVpLo6Pt3y+Di/MeZ8FE3Oz1Jttt1YZb8jExmOUOXny5uDK2a9H0IAHd8wPPbd/kXqfuS+sj0J5/bn8jdT9yX1kZy9K6cX8TH9Y+ERhnqLOhTXIypo2Yx4Hjr9bw5ac+pQxnB+jNK/FVp7hD6qPgc6aaPvmm8NMtV/yYfVR24fm+d7Zz7scP3bgAPQ/Ph8U8MH5XW3vKH15n2s+KeGH8r7b3jD68zjz/A+l7L/1M/SvDwL4lEC+J8zJ+54fRmSQSc3rgCeogNAAIoAAAAAAAASiCSiSU8GJJvGpW1CawuJs0JZaTOfB8Tdt3jDNV5uTHUfYLSklYW8ceKqKWPMjSnVdO7jTi8R3orBu6VWjcaZbzTTzTWfgNC+g6d63x6mj6OfjGWP5xjL35Y382xY5dCouuNaon8ZmwovrNey4SuY9auJP4eK+k2hpL6vGbYbPXupXXou2e/GMFmn5EeAlOpRbi02lwcWfb3HOV1PgcWvsfpNzWqV6tDMpLtxjvPHycF3vF9/ovauPHxe55p4npp8traW50bWvSg36JnGmu6Tzw+Y9Nsla1rLaKnaVqTjOM1nPVjib+p6dShTsaNBKNOje06j7MI6mz1nUvtorzVqkX0SqNUnjhLqXzHLoeb31ln5/0efqObumf4deHp71pW0s/wD6zmxZ1LrHoabfUjkRkfR5PV8zgn3a2YszRVFliI1lGaMkYolG3GsgEDTCQAEAAAAAAAAAAABILsWLkgFyQCAAFAMAgAAAQSAIAAAAAAAAIJIAAAsUAAAADQAAbAAAAAAAMkNgkMEpEhNscAyGAMGjFmeDFoLtg0YSRYzBjTcqqSKpoukVTJp2xyatTrNCsb9XkzQrmLHr4smjXlg5lzPmblzUSb4nJuKuW+Jxvh9Ti9GrXnmRrSZnN5ZXJmHrlYsxZkyAtrHBjgyIKztJbTKUXUxWbW1SNymadJm1TfIRxybtM2YcjUpvkbVPkWPPk2aX4WHtl9J9WPlNL8LD2y+k+rHo43yOt9Y+MSX32XlNqjjBqSf3yXlNilPgYemNrHAxkjHpFjmYyqEdZUSSRRNLiZzqFE6oblVVTUqcy6rURqzqcTLpKwmUT5FkplNSXAjcqmoa80WzkUyZHSVhujdJyMhrYok7oTJyDuMBoZIbIm0NFbRm2VyZIbYSRVJFjZhJmmtv0vpP4nsve9P6qN40dJ/E9l73p/VRvHtfk8vioAAj5j4bvxPpnviX1T5psj+WOje/6P10fS/Dd+J9M98S+qfNNkfyw0b3/R+ujz5/G+v038D+b9MgA9D5AAAPK6j4RtmNJ1CtYXl/OFxQlu1IqhOWH5UsGt91fY72Rqfs1T7D4/4Q/wAvtX93/wAKPOJHC8llfUw6Pjyxltr9B/dX2P8AZKp+zVPsPUWN7Q1GxoXtrNzoXFNVKcmmsxayuDPyukfpfY38jNG95Uvqo3hncq4dT0+PFjLHcAB0eIOLru1Gk7Nqh6a3EqPoje6PFOUs7uM8lw5o7R8q8NvrdG8tf/8AGZyupt04sZnnMa9JLwpbJqLav6kmllJW8+PzHxXU9QratqlzqFw/vlxUdSXdl8vNyNNFiOGWVr6vFwY8d8PrXgZWNK1L3eP1T6SfNvA3+KtS93h9U+knbD4Y+b1P8XIABtweR8J7x4O9V8lL+1gfnpSP0L4UP/TrVf6r+1gfndHDk9X1uh+C/quUhkwRkcbX1onIIBnbW2WeB9t8C/5H3Xv+f9nTPiJ9t8C/5H3X/wDIT/s6Z24vieH2h/A/ePoYAPS/PgAAAAAAAAAAAHK2h1enoeiXWoTw3Sh4kX+dN8Ir4Qslt1HzXwma36P1yOm0Z5o2KxLHJ1Hz+BYXlydvwS/wHUvdYfQz5jKrUuK061WbnUqScpSfNtvLZ9Q8E38B1D3SH0M4Y3eb6fNhMOn7Z+T6EADu+WHA23/I7Uvcl9ZHfOBtt+R+pe5L6yM5elb4/jx/WPiNOJtwhwKKS4m3TR5K/T8eTCUD7tp/4ttfcYfQj4fKPA+4af8Ai219xh9COvD83z/al3jj+7bAB6HxQ+K+GD8rrb3jD68z7UfHPC3S6Tay3f8A8KH15nPk+F9H2ZZOplv0rwEEXRMlbyS4GSjg8GfH84/ccGUsQSRjA6zzWaeyJQHWCNwABFAAAAAAAAAABJJiSUZJmxb1MvDNUyjJxeUblYyx3NPqmxd6q2nKg5ZceR29Qo78FUXOH0HzTZbV5W17GnnG81jyn1KlUhcUU+1cV2H0eLKcnHp/PvanT5dP1VvyvlpWni3E+HCrCM/OvFfzKJvKKZrUaXR3Cg/zW2vI/wD/ABG6dsZ48vm5XypcOInT36Uop4ymsl2CMdRe2WaTury606damt+m3CT3d59p6WjTVKjCmklupLC5GW6mllcES2kstnl6XpMOmlmHzb5OW8nq0tTqbtBR/SZzYMzv7pV7jEfWx4Iwgayy3k9vFh24TbYiWopjyLkWMZM1zMkYoyR0cayQCBY51IAKyAAAAAJAAAAAQwSALOoBckSVEAAVQAEQAAAAAQAAAAAAEAAAFAAAAAAAAABkACAAAJQEoySIRkihgnAwTgqVGASGEY4MWjMgCtorkWyK5BpVIpmy2bNWrLA06Yqaz4M5V5WjCL4m5cVXxwcS9k3lmcvR9Dgx3XPu7lt8Os59STb5ltdveZry4nkvq+1hjJFcmYMzkYGXWIZBL5mLKlQQyTFlZMltMpLYCpW3TZtUzTps2qQjjk3ab5G1TkadNm1TfI04ZNqg/vsPbL6T6yfI45XFPDNues6t1ajcr+sZ0wy0+d1HFeSzT6J6UaY3n0vtfkY/YPSnTerT7X5GP2HzSWt6x7J3XyrMHrmsr+M7r5VnTvjzfZ8/q+n+lOnex9t8jH7CPSrTv5Ba/Ix+w+XvXda9krr5VmEte1pfxpd/Ksd8X7Nn+L+76l6Vab7H2vyMfsI9KNM9jbT5CP2HymW0Ot+yt38qyqW0Wt+yt58tInfD7Nyfi/u+t+kulvnplp8hH7CPSPSPYuy/Z4fYfHp7S691avefLSKXtPtAv44vflpDvn0bnS8n4v7vs3pFpHsXZfs8PsI9ItH9irH9mh9h8Xe1G0Psze/LyKpbVbQ+zV98vIe8n0X7Jy/i/u+2+p/RfYix/ZofYPU9ovsPY/s0PsPh0tq9o/Zu++Xl9ph6q9o/Zy++Xl9o95j9F+x8v4v7vufqe0T2HsP2aH2D1PaL7D2H7ND7D4Z6q9o/Zy/+Xl9o9Vm0ns5ffLy+0nvMfofY+X8X933P1PaL7D2H7ND7B6ntF9h7D9mh9h8M9Vm0fs3ffLy+0eqzaT2bvvl5faPeY/Q+x8v4v7/9vufqe0X2HsP2aH2D1PaL7D2H7ND7D4Z6rNpPZu/+Xl9pD2s2k9nL75eX2j3mP0PsfL+L+/8A2+6ep7RPYew/ZofYR6ndE9hrD9lh9h8Le1u0ns5f/Ly+0we120vs5f8Ay8vtHvMfofY+X8X93ufCzpmn6fotjOzsba2lK4alKjRjBtbr4cEfKWzf1DW9W1WlGlqGo3N1CEt6MatRySfbxOe0csru7e/p8MuPDtt2/Tmkfiay970/qo3TS0j8T2Xven9VG6eqPgX1oACo+Y+G78T6Z74l9U+Z7Ifljo3v+j9dH0zw3fifTPfEvqnzTZD8sdG9/wBH66PPn8T6/Tf6f+f/AC/TIAPQ+QAADxWreC/Z/WdUuNRu53ir3Et6e5VSjnGOC3e41fuObLfp3/y6/dPfgz2z6Os5uSTUyrwH3HNmP07/AOWj+6ez06xo6ZpttYUHJ0ralGlDeeXhLCybgLJJ6Jny55+MrsABXMOBtLsjpu1St1qLrr0NvbnRTUfXYzng/wBFHfA1tZbLuPCLwRbNL8+++WX7pRfeDLZXTrCve16t9Gjb05VJvplySz+ifQj5x4X9e9BaLR0elPFW9lv1MdVOL/vlj4GYsxk9Hfj5OXPOY91YeByUZabqjgnGPoiOFnOFh9Z9KPmXgVedK1T3eH1T6aXD4YnUfxaAA04PI+FL/wBOtV8lL+1gfnaJ+ifCl/6dap5KX9rA/OyOHJ6vq9D8F/VYiTFGRxfViQQDLSS6nc16Md2lXqU03nEZtLJSCwvld6OvP5VX+UY9G3n8qr/KMqwMG5WLxxZ6NvP5VX+UZ9v8E+mVrTZZ31zOc6uoVHNb8m2oR4R5/wBJ+dHxfS9Pq6pqtrp9D8Jc1Y00+zL5+bmfpyztKNjZ0LShHdpUKcacF2RSwjrx+u3zOvymOMwnzbIAOz5Iea2+1n0i2PvrqEt2tUh0NHHPfnwyvIsvzHpTx23ex15thRs7alqNO1oW8pTlGVNy35NYT59Sz8JLvXh04u3vnd6PgSv7z+VV/lGWQv7z+V1/lGfSF4Drxfx3Q+Qf2k/cRvYxbjrVBvHBdA1/eefsyfZx6ng+r57C+vP5VX+UZf6JuKsd2pXqTjzxKbaNPo50q06VSLjOEnGUXzTXUbNLictvX2S+jYpSaPqnglebDUPdIfQz5XFH1LwR/wAB1L3WH0M6cd+9Hk63HXDf2fRQAep8IOBtt+R+o+5r6yO+cDbb8j9R9zX1kS+jfH8c/V8WpLibtNGnS5m9SXA8dfo8KzceB9rsPxdbe4w+hHxZrgfarD8XW3uUPoR14fm8HtK7mP7toAHofID5J4VI721Ft7yh9eZ9bPlXhPjnaa395x+vM58nwvb0N1zT93i4UsmcreLWMF1KBeocDx5P1fDyWORUt3FtpcCho7VSknk0q9twyjnfL6nHyy+rR6yTKUd14MTz5Y6r1xAJIMtAAAAAAAAAAAEkE5KAyQSBZRqSpVYzjJpp5yfVtltao6lpy36ijXprEk3z7z5KbNpc1KEswnKL7Uzrx8uXHdx8z2j0GPWcevSz0r7DT1S0vKe/Sqx6SnLDjnidGnNVIKS6z5RZatilUhPO9JY3lwZ2NN2ivbOn0cKsa0OrpOaPXh1ON9X4/n9lc/F4k2+gg8pHay5ceNtDPdPgVT2iv6zXjQpLsiss63qeOfN450fPf9r1da5o0Ib1Wooo497q3TJ06OVHrface5upXVbpHnl1mVKJxy57l4no9vF0c4/vZ+rZp8Xk2qaKKUTaguBcY1yVbFFqMIosR1jy5MkZIhIlG3DJkgFwBXNIAKgAABIAAAAAABAJIAtXJEkLkgVAAEAAAAAAAAEAkgAAAIAAUAAAAAACAJyCAAAAAAACUQZRQGSMkiEZGkoASEQCQUQYsyIZBhIqmWyKKjCxRVfA0asm8m3VNOp1lejCNKtyOTd9Z16y4HKu1zOefo+lweriV/XM1pG3XXjM1pI8tfWx9FMjBljRi0RuVgzFmbRi0EYEGTTMcFRii2BgkWRFSr6Zt0jUpm3SEccm3TZtUzTpm1TfArhk2o8jJrJXGRmmacbGLppmDprsLsowk0XbPaolTRVKCL5NFM5IbamKicF2FFSKRfOSNecibbmLXnEolFF83xKZMm3SYqZRK5RLZMrk0Tbp2qZRMNwtZHAL2q90bhYMA0r3BuFgwE7Ve4Q4ljIZnZ2xU4lcolzK5MqdqiSMGiyZXJita8P0zpH4nsve9P6qN00tI/E9l73p/VRuntj8rfWgAKj5j4bfxNpnviX1T5rsj+WGje/6P10fS/Db+JtM98S+qfNdkfyw0b39R+ujz5/E+v03+nv7/wDL9LgA9D5AAAAPiO2O3e0+mbW6jZWeqSpW9GruwgqVN7qwutxycdeErbH2Zn8jT/dOdzkevHpM7Jdx+hgfnteEjbD2Zn8jT/dPt2zV1XvdmtNu7qp0leta051J4S3pOKbfA1jlK58vBlxTeTrAA04AB888Km0mr7PLS5aVeO26d1ekxCMt7G5jmn2sluptvDC55dsfQm8LLPzjtrrr2g2pu72Mt6hGXRUOPDcjwT8/F+cvr+ELau5t6lCrq83TqwcJpUqaymsPio5R5vBxzz36Po9P09wtuT6/4E/xVqfu8Pqn00+Y+BT8Vap7vD6p9OOuHwx4up/i5AANODyPhS/9OtU8lL+1gfnWJ+ivCl/6dar5KX9rA/O0Thyer6vQ/Bf1ZoyIRJwtfWgCSCKklEEosaiQAVp9E8D2i+i9fr6rUjmnY092D/5k8r5o73wo+1nk/Bzo3pNsfawnHdr3K9EVe3MuS80d09YerCaj8x1fJ7zmtnp6AANvMAAAAAPz94R9K9Kdtrzdju0rvFzD+l67/uUjgUWfVfDHpDr6VZ6tCPjW1V0qjX6EuTfka/7j5RRZ5c5qv0HS8nfxSt2B9R8En8B1L3WH0M+XU+R9R8Ev8B1L3WH0MnH8add/Av7PogAPW+AHA23/ACP1H3NfWR3zz+3H5Hal7mvrIzl6N8fxz9Xxei+J0KPFHNos6FF8DyV+ixbGOB9osPxdbe5Q+hHxhcj7RY/wC29yj9CO3F83z/aPpj+7ZAB3fKD5b4TFnaW395x+vM+pHy7wlflHb+9I/XmY5Phevo/4s/d5aki9R4FdJGwkeLJ+l4slM4mvUhk3JIpnHuOb3YZOXcUeLa5mo0dapDnwNC4hhp4Fm5p9Hiz34a4MsEYOOWGnpQCcDBntoxBlgYGqMQZYIGqqATgYIIJGCcF0IwASiCCynByZEIObwjeoUMJcDVxc885jE0KWDfoQwV06TXJG3ThjgTT5vLntfSRt045NalE3KSLJ5fO5KvpxNyku416SNukj0Yx4OStimjYgiiBsRPRHhzWxM0YRLEdI8+SUZEIlG3GpAAYSACoIkhEgAAAAAAAAAABauRAXJAqAAIoAAgAAAAAEMkhgAAAIJIKoACAAAIAAAAAAAAAABGcTBGcQVmkSEDTKQCSogEgCCGSQ+QFczWqGzM1pkbxa1U1Z9Zt1FwNWp1ld8WnW5M5N11nXrcmcm65s55+j6PB6uNXXFmtJcTbrria7ieWvrY+ihxZi4l+6NwjbX3SNzuNncHRhNtV02Y7j7Dc6PuI6LuDO2puPsJUGbXRdxKp9wTaqnFrBs0+oxjAsjHBfRzyq6DL4S4GvEsiyuOUbUZFqn3mpGRYplc7F7mVymYb5hKYTSZzKZ1DGdQonMNSJnM15zInUNedQjrjiynMqcjCUytzDrMWbkVuRDkYOQakZZGTDJKYa0zRJimZZIzoIGQEsQzFksxYTTGRVNlkiqQRVIrZZLkVyFX5P03pH4msve9P6qN00dJ/E9l73p/VRvHuj8nl60AAR8z8Nn4n0z3xL6p812R/LDRvf1H66PpXhs/E+me+JfVPmuyP5YaP7+o/XRwz+J9fpv4F/f/l+lgAd3yAAAfnTwgL/AG71b3b/AAo4MYnoNvl/t3q3u3+FHDhE8uT7/DPuT9IbvA/ReyP5H6R7zpfVR+eMH6I2S/JHSPedL6qN8Tz+0JrDH9f+HZAB3fID5T4bvWaL5a//AOM+rHyjw3es0Ty1/wD8ZjP4Xfpv4seG2Y2T1DauvXo6fVt6cqEVKbrylFNN44YTPRPwN7R/yrTflZ/uG94E/wAZ6p7jD6zPsBjHCWbr1c3U8nHyXHF4zwebJ6hsnZXtDUKtvUlcVYzj0EpSSSWOOUj2YB1k1NPBnnc8rlQouK9G1ozr3FWFKlTi5TnOSUYrtbfI0de2g07ZzT5XupXCpU1whFcZzfZFdbPhG2O3mpbXV3Rbdtp8JZp20Zc++b638y+cmWUjrxcGXJfydzwheEqGu29bRNIgvQMpLpa84+NWw00orqWUuPN93X85igomaiebLLd8vtcPDOOagjIJGWDm9kjHBJOCcF01pjglInBOAsiDsbKaO9d2lsdPcW6dSonV9ouMvmTOQfVfAzo3C+1uouf+jUc+aUn9X5zeOO7pw6rk91xXJ9VSUUkkklwSRmAet+WADUv7yjp9hcX1w8UrelKpN9yWX9APyc+x2htr/aXUtFp46Wwp05SefXOWW/g8X4Ttn582H2lrUvCRS1G5nj0yrTp18Ph98fDzKW78B+gzOOW3fn4vdZSfkAA04OTtJpS1vZ6+05pOVek1DPVNcYv4Uj85004ycZJprg0z9RH5+250v0o2yvqUY7tKtLp6fZifF/A8rzHLlnjb6PQ56txcqnyPqXgl/gOo+6Q+hnyykz6n4Jf4DqXusPoZy4/je3rb/kX9n0QAHqfBDz+3H5Hal7mvrI9Aef24/I3Uvc19ZEy9G+P45+sfE6J0aJzqJ0KJ46/RYNtcj7RYfwC29yj9CPiy5H2iw/F1t7lD6EdeH5vn+0fTH920AD0PlB8v8JP5SW/vSP15n1A+YeEn8orf3pH68zHJ8L1dJ/Fn7vM0kbCXAoomylwPHX6LirCSK5RL3EwcTnXsxyas4ZNWpQbfI6TgVyp9xHqw5NORK1eewj0I+06ro8AqHHkTbv8AaK5XoR4XEO0fJM6/QdxHofuMXI+01yHavHXkj0LI7HobuHoXhyM91X7S5HoV9pj6Fmdn0K+wyjavsL3eD7U4noWp2Eqzqdh3lZ9sTNWn80rN6x59WVRmS0+o+tHoVadxnGzXYac71tedWnTfNl9PTcLimd+NouwsjZrsHa5ZdbXFp2Cj1G1C1x1HUjapLkZehl2F7Xmy6rfzc+NvjqLY0cG6qHcZKjjqJ2uN5ttaFM2KcDNU12FkIFmLjlntnTWDZpophEvgdZHkzu2xAviUQL4nbF5MlseosRXEzRuOGTNEmKMkacakAGmEghEhAkAAAAAAAAEASCAXQtXrUAuSAQAAoAAgAAAAABDJAEAMACCSCqAAgAAAQAAAAAAACCWQQSuZYitcyyIgzRJCJNs1IAKgAABi+RkYvkBXM15l8yiZG8WvUNWp1m3U5GrU6w74tKtyOTdc2det1nJu+sxm+jwerlVeZS0X1PXMrweWvq43wr3CdwsUTJRIqrcJUO4uUTNQIihU+4dF3G0qZl0YTbT6LuJ6PuNroyHAumWt0fcNw2HAxcSs1TjAM5IrYZrNSJ3ylshywVjS91CuVQqdTHWVSqd5U0znU7zXnV7zCpV7zXnV7zNrcxZ1KprTqldSr3lEquesR3xxXyqd5h0hRv8AEKQdZiv3xvFW9xJ3irpYmZJlaZkmCxZklMwySmZZsZkEZGSs2DMGZMxYjOmDK5FkiqRU0wlyZVMtlyKpAfprSfxPZe96f1Ubxo6T+J7L3vT+qjePbH5LL4qAAI+Z+Gz8T6Z74l9U+a7I/lfo3v6j9dH6I1DTLHVrWVrqFtTuKUucKkc4712PvR8+u/Bd6U65Z6xoVSVana3EK0rKrJKTUZJ4hN8Hy5PHlOeWNt29/Bz448fZfzfTyupUhRpupOUYQisuUnhJHyLaHwqbQULipZUNLjpVSPB9PFzqrv4pL5meF1LW9V1mpv6jqFe545SqTbivIuS8wvJGMOjzy82vt+reEjZnSlKKvvRlVf7u1W//AN3rfnPFat4YtRrqUNKsKVrHkqlZ9JPy44JfOfOoxLFAzc7Xs4+j48fWbWXt5c6nfVb28qOrcVpb054Sy/IuBhGJkoGSRyte3HHXiMWj9DbJ/klpPvOl9VH57kfYNM272e0TZbTKNzfdLXp2lNSo0I78k91cH1J+Vo3xWTe3k6/DLLHGYzfl70g+R6t4Zbue9DSNOp0V1VbmW9L4qwl8LPEartXr+t7yv9Ur1KcudKMtyHxY4R0vJHhw6Pkvr4fctV242c0Vyjd6nRlVj/uqL6SeezEc48+D5L4QttLTa6rZRs7WtRpWnSePVazPe3epZx63t6zx+6MHPLO3w93F0eOF3830vwJ/jPVfcYfWZ9hPz/sBtdZbI3l7WvKFetGvTjGKoqOU02+OWj3D8NehL+LdQ+CH7xvDKTHy8vVdPy5ctuOPh9IPH7ZbfadslQdBNXWoyjmnbxl63vm+pfO/nPH7QeGVXGnuhoNpWt69ThKvcKOaa/mpN5fe+XefLq1Wrc151q1SVWrUblOc5Zcm+bbfMZck+ScPR5W7z8NzW9d1HaLUJXupXDrVHwjHlGC7IrqRzlEyUTNROO318OOSaQomSRKRkkR6McUJE4JSMt0abkYYJwZbo3SNaY4GDLdGCroUXKSjFNtvCS62fpHZXR1oWzdjp+Ep0qadXvm+MvnbPi/g60b042wtVOO9RtP9Iq9ni+tXxmvnP0CduKfN8P2py7ynHP1AAdnxw+e+GDWvS/Zinp1KWKuoVN1pfq44cvn3V52fQj8++FLWfTbbOvRpzzRsUreGOW8uMn5d5teYxndR6uk4+/ln5PH05Sp1IzhJxlF5TXNM/T2z+qR1rQbHUo4zcUYykl1Sx4y8zyj8wpH2jwNat6I0O60ucsytKu/BP9Cf/wBk/hOXFfOnv6/i3x9/0fSgAeh8YPmPhh0vft7DVoR40pOhUfc+MfnUvhPpxxdq9L9OdmL+xUd6c6TlTX8+PjR+dIzlNzTrw59nJMnwCiz6r4JP4BqXusPoZ8npM+r+CN5sdS91h9DOHH8T63V3/Iv7PooAPS+IHn9ufyN1P3JfWR6A8/tz+Rupe5L6yJl6Vvj+OfrHxKjzOhRZzqTN+jI8dfosG4uR9qsPxfbe5R+hHxJS4H2yw/F1t7lD6EdeH5vn+0fTH920AD0PlB8v8JP5R2/vSP15n1A+WeEStTq7S0405xk6dtGM0nnde9J4ffhr4TnyfC9XSfxf5vPUTbhyNSibcOR5K/Q4JaIaMsEqJl3lV7uR0ZeoGSpmHTv011R7jNUe42VTM1TMVi8jVVHuJ6E3FTJ6IxYx71pdD3E9B3G6qXcZKj3E0zeVpxts9RZG2x1G7Gj3Fqo9x0mLllztKNv3GSt12G9Gj3Gapdx1mLleatFW67DJW67DeVLuMlSNTFi81aSoLsM1Q7jbVIyVIvaxeVqKj3Doe43Oj7iOjNaZ9603SMej7jddMwdMnavvGr0fcZKBduEbpNNd7FIsgY4MkWTTNq6BfF8DWiy+DOkefJfEsRVEsTNx58maMkYIyRpxrJAhEmmaEkEhEggBEgEASAQAABQAAFq5AlcgEQABVAARAAAAAAAAEMBgAQSQWKAAgAACASQAAAAABUAAiJXMsiVrmWRKM0SQiTSVIAKyAACCGSzFkFcyiRfPka8yOmMU1DVqGzUfE1psbejGNOt1nKuus6lbrOXc9ZjK+H0OH1cupzZgjOpzMFzPNX0sfRmkZJGK5lsTLSYxLFERRZFBmoUTLdMkjLAZVbpDiXNGDRRU4mEolzRg0WCma4GvPgzaka1QiaUyeCpzZlNmvORdppMp4KZ1DCczXqVATFlUq95q1KveY1KuOs1Z1G2NbdMcWc6jK3JmGQjTvGe8SmYEora3PcZJlaM4kFiM0ytGaIyzRPUQuRJIickZBATSWzFkshhmxhIrkWSK5BlW2VyZmyuTLCx+m9J/E1l73p/VRvGjpP4msve9P6qN49r8hl8VAAEAABy9Z0DS9etug1KzhXivWyaxKHkkuKPlm0Xgnv7HfudFm72guPQzwqsV3dUvmfcfZwZuMrtx82fH8Nfl6dOpQqypVqcqdSDxKE004vsafIlM/SF3o2l39XpbzTrS5qJY361CM3jsy0VeprQfYTTv2Sn9hz93+b3Tr5J5xfnZSG8fon1NaF7C6f8AskPsHqa0H2E0/wDZKf2E91Wv8Rx/DX51ckVSZ+j/AFM6D7B6d+yU/sI9TOgewmnfslP7B7q/U/xHH8Nfm1mJ+lPUxoHsHpv7JT+wepjQPYPTf2Sn9hfdU/xDD8NfmwxbP0r6mNn/AGD039kp/YPUxs/7Bab+yU/sJ7qtf4jh+GvzPJ8Ctn6c9S+z/sFpv7HT+wj1LbPewOmfsdP7C+6v1L7Swv8Atr8x4CR+nPUts97BaZ+x0/sHqW2e9gdM/Y6f2C8dZntDD8NfmVGSP0x6ltnvYHTP2On9hPqX2f8AYLTf2On9hPdVv/Esfw1+aEjJI+/7TWWzmz+gXWpT0PTN6lDFOLtKfjTfCK5dvzZPgmXOTk8ZbzwWEZyx7Xr6fqffS2TQo8DLdMoxM8HN7J5VbvIjBa0Q0TbpFWDFljRnaWlW+vKFnQjvVa9SNOC7W3hfSWLdSbfXfBDo/oTQK+q1I4ne1MQb/Vwyvrb3wI+imlpthS0zTbawor73bUo049+FjJunsxmpp+P5+T3vJln9QAFcnL2g1aGh6De6nUx/o1Jyin+dLlFedtI/MdSpOvWnWqycp1JOUpPm2+LZ9f8ADPrTpabZ6NTn41xPpqqX6EeEU/K3n+ifHoo4cl3dPs9Bx6w7vqyij2Xgx1X0r20tqcpYpXidCflfGP8A3JLznj4ouo1qlvXp16UnGpSkpwkupp5Rxl1dvqZ8cz47jfm/VANDSNSp6tpFpqFPG7c0Y1MJ8m1xXmfA3z2vydll1QABH592v0v0m2rv7WMd2m6nSU8ct2XjJebOPMe78ELzY6l7rD6Gavhf0rErDV4R7beo/hlH/EbPge/gGp+6w+hnCTWb6fJn39Lv9H0gAHd8wOdrWlx1jSLjT51XTjXjuuaWWuKf9x0QFlsu4+eR8E1tH+NqvyK+0uj4LreP8a1fkl9p70GOzH6O86rmn+54X7mdDH40q/JL7T2lCiqNvTop56OCjntwsFwLMZPRjk5c+T47sAPDbZ7bR05T0zTKilecqtVcVR7l/O+gtsk3WcOPLky7cVu2W2cNLjLT9Pmp3slic1xVH/7fQfNk51ajqVJOc5PLlJ5bfbkoW9Um5yk5Sk8tt5bZtUoHlzytfb4OCcc1GxRibMCmCLonOvdjNLEZxRglkvprJGtpjHJZGBlCJdGBnTOWbCMCxQLFAsUDNjhc1Kp9xkqZeqZnGn3Dtc7yKI0iyNIvjTM1TNTByy5FMaRYqSLlAzUDpMXK5qVTMlTLlAlRNyOdzUqmZKBdukqPca0z3qdxE7hdujdLpnuVbhG4XYI3Ro7lDgYOBsOJi4k03Mms4GDibLiVuJjTpMlOCMFjiYtBvYuZdBlKRbEM5ejYiyxMpiy1HSPNksRK5mKMkbcakyMTJFZoiSCSsjAAQABQAAAAAAABcuQIXJEhEAlkAAAQAAAAAAAAQwGABBJBVAAKAAIBAAAAAAABAAIJXMsiVrmWRKMySESaZTkEAqJyQAQGYslmL5BVczWmy+ozVqMzXbCKqj4mvNllSRRORjuevHFr1jmXPWdCq+Zz6/JnO17eLHTl1vXFaZbX9ca7lhnOvfj6LYstgyiLLYsy02IF0TXjIuhIM1aiTFMyyVgIaJJCq2jCSLWjCSC6a80a1VG7OOTUqxIaaVQ0qrN2qmsmjWzkLprzn3mrVmWVpGnVlzNrIwqTzwKshsxNOkZBEEoNJM4rJiiyK4BbdJS4maQiuJmlxImxGaISMkiJtKJGAAIJBBDIZLIZUYSK2WNFciIpkVTLZFMzUZr9PaT+JrL3vT+qjeNHSfxNZe96f1UcbXfCDs5oG9C5v41riP8Aw9t98nnseOC87R696j8l23LKyR6c0dQ1Sx0i29Eahd0rWkvzqs1HPcu19yPjuu+GTWL3epaPb09PpcuklipVfw8F8D8p4G9v7zUrh3F9c1bmtLnOrNyfzmLyT5PVx9Hll5y8P0xo20WkbQ0ZVdKvoXMYPE0sxlHyxeGvgOsflPT7+80y7hd2NxUt69P1tSnLD8neu4+t7JeF23vNyy2hjG3rcldQX3uXtl+b5eXkGPJL6nL0mWPnHzH1EFNKrTr041Kc4zhNb0ZReU12plx0eIAAAAAAAAAAAAAAAAAAAA5+tapR0bR7rUa/4O3pueM+ufUvO8Lzgktuo+V+GDX/AEVqdDQ6E807RdLWx11GuC80X/3Hz2CLLu6r6jfV725lv1q9R1JvvbyTCJ5c7u7foun4+zGYsoxM8GUVwMsHLb3RU0YNFzRhJCNxSz23go0f0w2nlf1I5pafT3l2b8sqPzbz8yPFSPuHg00f0q2RoVKixWvn6InnsfrV8VJ+dnbjm68XX8vu+Cyet8PZAA9L8yAHnttta9Idk76+hLdrdH0dHt35cE/NnPmFulxxuVkj4ht7rXp7tjfXMJb1GlLoKPHhuw4ZXleX5zz8UYLmWRPJlfL9Pw4dsmMZIkhEmHrj7V4INW9GbNVtPnLM7Gt4q/mTy18+8fQj4N4K9W9LdsadvOWKV9TdF55b3OPzrHnPvJ6+O7xfmeu4+znv5+QAG3ief200z042UvraMd6pGn0tPHPej4yx5cY855bwO/i/U/dYfQz6QeM2G01aNqm0FlhRhC6i6a/mNNx+ZoxZ96V6MM/8nLH9HtAYucVzkvhI6Sn+nH4TbzswYdJT/Tj8I6SH6cfhAzBh0kP04/CY9NS/WQ+MgLQVdNS/WQ+Mjw22W2nodT0zSqma3ra1eL9Z/Ni+3v6vLylsk8unHx5cmWoz2z22Vkp6ZpdTNz62tWjypdy/nfR5eXzaMXKWW8t8W2ZxptvLyy+FLuPLllvzX2uDgx45qMadM2YRwRGGCxLBzr3YzTOJbFFceZbFBbVkEbNOJTBG1SQ05XJbCJdGJFOPAvhEacssiMCyMDOMC2MS9rz5ZMIwLI0yyMDNRNTFwuatQMlHuLFEyUTWmLkrUTNRMlEySNSOdyY7pKiZpDBWdsd0YM8E4Km2GBgzwMF0m2DXAjHcZjATapoxaLmjBolamSlowcS9owaMukya8omLRfKJW4mNO2OSvBnFEqJkojS2soliMEixG44ZVmjJGKM0bcaGSIJKzQkgkrKSAAgACwAAAAAAAAXALkgEQAAAAIAAAAAAQSQwAAAEEkMqgAIABAAAAAAAAIIAAAlcyyJWuZZEDNAA2lSMkAIAALoMJPgZZMJPgRYpqM06ssZNmqzQqzy2csq9XFirnIpmyZyyVyZyuT3Y4qKrNGv1m7U5M0qxm16sI51x1s0pS4m7c8mc2b8Yy9WK+MyyMjUjMsjUDTdjULY1OBoxqFsaoTTejULFNGjGqXRqFZ021JGRrxlkuTImkvkQ0SAquSNaqjakimcSbVz6tPnwNCvDnwOrUhzNK4p8GNjhXCwzRq8zo3UeL4HNrczcWKWCAaaSZIxMohWaLYrgVxRdFcAVkkZpERRmlxIzsSMkiUiUgbQMGWABjgYMsDBF2waMWixohoG1TRXIuaKpIG1EiiZsSRrzNJXa1bbXaDVbaFpW1CdK2hBQVCj4kWkscccX52zzbRdIwaLbXl93jj4xmlaRkomWAZ2dqMDBJI21pKnOKwpySXUmOlq/rZ/GZGCTUp2slVq/rJ/GZmq1X9bP4zKjIbT3cZqrU/WT+Mw61XP4SfxmYoDa+7ZdLV/WT+Mx0tX9ZP4zISJSLs93E9JV/WT+MzJTq4/CT+MxGJYok2lwjDfq/rJ/Cxv1f1k/hZbudxG6TbPYr36v6yfwsjfq/rJ/GZbuEbhdr2K9+r+sn8Zjfq/rJ/CyzcJ3O4m1mDBTq/rJ/GZlmpJYlOTXezNQM1Ancs42EIF8YkxiZpGbdukx0JEk4DDbCRXIskVTYixVM9HHwlbV0KcadPUYxhBKMV6GpYSXV6083NlMjpLZ6Jnx4ck+9NvUPwpbYeykP2an+6Q/Cltl7Kw/ZqX7p5TBDRe+/V570vF+Gfyes+6rth7I0/2an9hzNc2x13aO1p2uqXaq0ac+kjCNKMPGw1nglnmzi4IwS536pOm45dzGISM0Y4JMWvRjNMsjJAMt7WU6k6NWNSnOUJwe9GUXhxa5NM6Ede1pr8b337TP7TmItguBqWsZ4TL1jox1zWc/je+/aZ/aXQ1rWX/G19+0T+00Kccs26dMvdXG8WP0bcNY1j2Vvf2if2mFSdxdVeluK1StUfDfqScn8LFOkbVOly4E7knFJ6RRCj3F0aDxyNqnS7i+NIbXsaaoPsMlb9xvxpGao9w2zcHPVv3E9A+w6KpLsJ6IbOxzugJVDuN/oiOjGyYNWNEsUMF27ghriStyaV4GDJkdZG2UOZfBFMOZsQLGcl1NG3SRr01xRtU0aefKtmmjYhEqpLgbMFwLI8+dZxiWxiRFFkUakebLISM0gkZJGnK0SMkgkZYLpi1jgywSkSWRNoSJwEZIqMcE4JBWaxGCQE2gEkFRGDFozMSNRW0YtFjRDRK3KqcTFxLmjHBnTUyVbpKRZukbpGu5BkkEjJI1IzalIyRCMiudCQCs1KARJUQwAEAAUAAAAAAAAWrkiQAiAAAAAoAAgAAAQySGAAAUIAKAAIAYDAgAAAAAIJAEAkEBcyxFa5maKMyTEF2jIjJAGxOSGyMmOSVdMmzCT4BsrnLgS1uRrXFTCfE5055Zfd1OODTbPPll5fS4sNRLfAwZkYsw7xTM0665m9NGpWjwZmu+Ll3PJnJqvEzsXK4M41zwkHpxYKZkpmvvkqZb6OjbUzONQ01MzVRhdbb0apdCrxOfGoXQqcSna6dOZsRkaFKWTcpvgjNYsXolEIySDnWLRXKJcYyRk21KkDTuIcGdGcTUrx4MLXnb2PjPgcevzZ3b6OGzhXHrmdcfRYoABW9hnEwMolVdEuiiqBdEjNZxRYlxMIosSDKUjJIJGSRBGBgywMAY4GDLAwFYNGLRY0YsCqSKpoukVSKKJGvM2JlEywVMwZmzBkrFQACMABPUAJIAaZEoxJDUSTkgFaZIyiYIyiUXQLEiqBdEM5MkhglDqIwhoxM3yMQqCUgERqMkjOKMUZxMqzSMkQiQJIZJEgK5FU2WyKJFaiqbKm+JZPmVM038kMhhsMztKgAgM0GSMgMpyCAFZGxSNdG1RWQrapRNunEopRNynHgSotpxNulHgU04m1TREW04l8YlcFwL4rgUZRiZqJCM0gxUbvcN0zIKywaMWixlciDCRgzKTMGwrFkIkgKsiX0yiBsQLGcmxT5m3SNSBuUTcebNt0kbcFwNambVNcDTy5VbFFiRjFFiRp58qySJSCRkkactiRlgJE4KztGCcE4GAgkAGVNhAAZAAVAABUBgdQGJGDIjBGmOCMGeERgi7Y4IwZ4GAu2OCcE4GAmzBkQiSs0AJKgSQAgACwAAAAAAAAQwABcuSJC5AIBgAQABVAARAAACGSQAABYqAAAABADAAgAAAAAAAAAAOsyRiZIDIEDIE5IyRkhsi6S2YtkNmDZm1uRLkU1J4RlKRq154Ri12wx8tK4nmbKkJvM2EcLfL6MmsUgnBOAbVSRq1lwZutcDXqxzFksdMa49yuDOJdriz0FzHOTh3seMg9eNctyCkYvgyEad4tUjOMilGcWGmxGRbTlxNaLLab4kV06DydCm+RzbZnQpma51sxM0iuJbEOORghoyIYZUzRqV1wZuTNWv1kacDUFzPP114zPR364M8/cRxJnTFcWoQZMxNtpMlzMDJBYvgXxNeBsQIzV0SyKK4lsSIyRkiEZIAME4AEYIMiGBDMZGTMZcgKpFMi+RTIooma8zZma0yqqZgzNmDJWckEEkEc6kAkAAA0lEkAKlEkIkNRKMo8zBGceZVWwLYlUC2JWKsRJiiSMjMTJmIUCARGozRnEwRnElVYiSESRTJDJMZFGEimbLZMomzQpmVszk8swY+TogxbJIZhmhAIKxakjIIyGbUkkZCCxnFZN6hHkadNZaOlQjwQarZpRNynEopRNynEzUW04mzCJVTiXwQFkUXRK4rgWIosRkivJlvBirMkNmG8HIrOiTK5MmTK5SIIkzBsNmOSqnI6yCVzIqyBsQNePUXwZYzWxDmjdo9Ro03yN6h1Go83JPDfpI2aaNalyNqB0keHOrolqRXFFiNxwtZIzRijJFc7UpEhArOwkgBNgAKyEEkAAAAAICgAAEEgCCMEgiowCQBGCUAEABgoYJACAAAAAoAEASCAAAAAAAXgLkAgAADIJZAqgAIgAAAAAhgAKEEgogAEAAACCRgCAAAAAAAnAEEoYADIAIoQ2GYtkaiGyuTJkyqTM2umMRKRp1pF85cDUqvLOWVevjxa74yM0iMcTOKOb02+BInBkkTgrFqtopqLgbLRTUXAlbxycq5jzOHew9cehuocMnFvI8GSPZhXnqqxIwRsV4+MU4NPRKgyRGDJIN7Zpl1MoRdAjUb9vI6VGXA5VuzpUHwM1jJuQLkyiDLUw45M8kMEMrOlczUrPgzakatVczPzVx75czz10vGZ6K96zgXa8ZnTFcWgzEylzMTdboZIjBKXELF1M2IFFNYNiIrFWxLYlSLYmUZxM0YR5maKRIAIIIZJDKqGYsyZiyCuRVMtkVT5CCiZrTNiZr1CxVUjBmcjBhnJBBLIDlUkmOTIiwAArSQARUkkEosaEZx5mKMo8yxfkuiWIriWIMVkiSESRB8iMkmL5miBKIJRG2SLEVosiZqs0ycmKMiEGYSMmzCQGEmUVJFs2a9RmosVsxJZiy1aGLJIM1moAAYqAAVkMkYmUSNRsUFmR07ePBcDQtY8Tq0Ii+rWTZpRNynEppR5G1BESM4RLoowgixIis0ZJmAyBZvEbxhkxcipYscyHMpcjFzDK5zK3LvK3PvMXIJpbvcSM95VvIneKqzJkipPJbEirIl0WUIsiwWNuk+Rv0Oo5tKXFHQodRqPLyx0aXI24GpSZtwOsfOzXRLEYRM0dI81ZoyRijJFYZIBArIACoAAgEEkAAAFCCcENAAAAAADAAAgE4GAIBOABGCQAAACAALAAAEAkgAAAAAAAAC9ckAuQCAAAAACAARQABAAACGSAIABVQCSCAAAAAAAAAAAAAAAACAwQyKhmLMmYPkRuMJMpmy2RTIxXXFTNmvMvmUyRyr14KussijHBnEy6VkkZYCJNMVi0UzXMvaKpozWsfVz7mOUzi3seaO9cLgzj3ceD4GHswrzlzFxmzXwbl2vGNQ6PVijBJII3EotiVItiRtt0DoUXwObRfE6FF8CVK3oMtTNeDLoskcrFiZDZGQ2VnTCRrVeTNiTNepxTMjk3nWcK6XFnfvFzOHcridIRzJrBWbFRFDRtv1DOJikWxQWrIIvhyKoF0SMVYixFaLERKyRkjFEpgZ5DZjkZG1TkhkZGQozF8icmLfAi6YyZTNlkmVTZpFNQ15l9Q15lVWzAyZiZc8kEEgOaCQAqQgA0kBEkWBKIJI0lGUTFGUTcaXRLEVxLEX5OdZAlAiIIfMyIYWIJRBKDTNGUTFGaMjJEkIkioZhIzfIrYIqma83xZfMolzZqNxWzFmRiyVKEEsgjFQQ+ZJBWaAArIjOPNGKLKay0G8Y37SPBcDqUYmhaxwkdOhHgjPzStqlE2YIqprkbEUCM4ozMUjIjSCGyeswkwqJSMJSIlIqlIDJz7zBzK5TK3UKmlzmRvlG+N8JY2FIyTKYy4FiYNLolseBTAtiRVhkjFGSCr6L4o6duzl0Tp2/UWPLzR0aRuwNKiblM7R8vk9WxEsRVEsR1jzVmjJGJkiudZIBA1GQACgACAQSQQAAUAwAIBLICgAAAAASQSBAJICAAAAAAAAAAKIBJAAAAAAAAAF65IBckSEQAAAAAgEkCqAAiAAAAACAAWKEEkEAAAAAAAAAAAAAAAABkMkhkVizB8jNmLI1FUimSL5FUjFdsVEkUyRsTRVJHPJ6caqwSg0EZdds0ZIxRkVioZVNFr5FciVY1Ky4M5N1HmdiquBy7qJzr2cbzl5DDZoPmdS+jxZy5euNx68QAIOjJFkSszQbjZpdRv0XwOfSfE3qTIlbkJF0ZGtBl0WRirkw3wMEw3wIyiTNeo+BdJmvUfAiNC64pnFulxO1c8Tj3K4s6YjmVUVM2KiKGjcaQkWRXAxSM4olS1ZFF0SqBbEIsiZowRmiDJEmOCcg0nIyRkjIqsskZMWxkRrSWzFvgGzFsVdMZMrkzOTK5FNKZmvLmbE+s15cyorZizJmLMuWSAAGAkAKIkgkimCQSixsJIJIoZRIMkai1bHkWIriZornWaJIRJEGQSQQMBAlBpkjNGCM0RWSJIRJBD5Fci0wkgKJlE0bE0UTRuNRSyDJmJMlQQSyDLNQAQVgAJCJRfQjmZSjato5ZY6SeHRto8DpUImlbx4I6NBGWGzTXBF8UVwRbEis0GAw0xZXJmciqbCq5yNecjOpLma85BpE5ZK3IxlIwcgmlm8ZRZTvFkAzV8WXR5FMC6IRdDkWxK4FsQM1yM0YoyQF1HmdO3XI51BcUdSguRqPNzVu0UblM1KSNunyO2L5fJ6r4liMIliOkeaskZIxRkiudZdQHUDUZAAQAAQQACqAAIAAAQSAqESAEAAAAAAAAQCSAAAAAAAAC7EAAbAAEAAAAAXYvXJALkgEAAAAAEAAigACAAAAACAAWKEEkEAAAAAAAAAAAAAgCJAAgMBhWLMWZMxZlqK2uJXJFskVyM10xUSRVJF8kVSRivRjVLI6zNmBh3jJMyRgjJESpfIwkZGMgRr1VwOZdo6lQ510uBivXxPP3seLORNeOdy9jwZxayxM1HsxYAgFdIyRnErRZEjcbFJm5SfA0aZuUnwJRtwZdFmvBlsWRmrkw2YJk5DOkSZRUfAskymo+ANNS4fBnJuFxZ1K74HMrrmWMubV5lL4l9ZcSg6RqCM0YolBNLolkSqJYjLK1GSMEZIKyGSAFiRkggrSWQAFRkhskxZFYswZmyuQSqahQ+suqFLKjBmDM2Yma5ZIABWAAASiSCUI3AkEhoJCBWoIzS5GKM0GWUTNGKMkVKyTMkzElEZSCABJKMckpkrTNGSMUzOJBkiQiSCDCRmYSNaFU0VSRdMqmixY15IwZbNcStitViyCWQZZQAAyAEhEo37WHBGnTjlnTto4LPRq+jeoLCRv0VwRp0Ub9JcjKabEEWoriWIisiGSQwrCTKKki2Rr1GGooqSNecuJbUZrzYaVyZg2TLmY5AyTL4GvHmbNMMVfTL4LgVU1wL4IMrYLgWxRhFcC2KKJSMkhFGcUC1sW8eR06C5GjQjyOjQRqPDzZNukjZhyNemjZgjtHzs6uiWLkVx5FiNvPWSMkQiSubLrAyDUQABAABBAAKoAAgAAAACgACAAAAAAAABBJAAAAAAAIJIAAAAAAoAAAACL1yQIXJEloZBAIAACAAyAAAAEAKDIAAEACSAAAAAAAAAAAAAAACQQSAIJICoZizJkMixW0VtFrK2YrpFUkVSLpcimXIxXfFTIrZbIqZivRilMyTK0ZIjVjMxkwQwimoaNyjfnyNK45GK9HE4l5Hg1g4VwvHZ6G7XM4N0vHZY92LUbGSJcwjTrGaZZErRZEja+mbVNmpA2abIjagy6LNeD4l0SJVqGTFEhGMmUVHwLZFFTkVK1a3Wc+t1m9WfM0aoiOdVXEoa4mzVXFmu+Z0isTLqMSV1FFkWWxZSixGazVyZlnJWjJEGQyQA0nJJBPUVQAkgxIa4GTIYqq2Vy5FkiqfIopmUyLqhTIlRgzEyZiRyqACSxhBIwAqUSQZBqGCScDBVMBInHABYIyRBkgiUZLmYokIzQRigmBYCABJKMTJGasZIsiYRM4gZokhEhEMwkZMwkyoxkUyLJMrkajSmfMrZZLmVvmL6NMWQSyDDNQAAyEogyS4gjYoR6zp267jRt4nToopW3RibtNGrRXA26ZmqviZoxiZIgkhhmMgrCRr1GXzZrVOsNteoa0zYn1mvIKrZiZMjARlBcTZpruKKaNqmgzV9NcC+CKoLgXwXArKyCLUjGCLEEqUi2nHiYxRdSXEMZVt0I8jfpLkalGPI3qSOkjwcuTYpo2IFMEXw5HSPBnVkSxcitFi5G3GskZIxSMkVgJALEAAWgADIgAkCAAUAAAAAAABQABAAACCSAoAAAACAAAEZJIfMKAgkBkgAAAAJARAH//Z\"></p>', 0, '2023-03-22 19:28:12', 3, NULL, NULL, b'0');

-- ----------------------------
-- Table structure for owner
-- ----------------------------
DROP TABLE IF EXISTS `owner`;
CREATE TABLE `owner`  (
  `id` int UNSIGNED NOT NULL AUTO_INCREMENT COMMENT '业主ID',
  `name` varchar(50) CHARACTER SET utf8mb3 COLLATE utf8mb3_general_ci NULL DEFAULT NULL COMMENT '姓名',
  `gender` bit(1) NULL DEFAULT NULL COMMENT '性别',
  `phoneNumber` varchar(50) CHARACTER SET utf8mb3 COLLATE utf8mb3_general_ci NULL DEFAULT NULL COMMENT '电话',
  `email` varchar(50) CHARACTER SET utf8mb3 COLLATE utf8mb3_general_ci NULL DEFAULT NULL COMMENT '邮箱',
  `birthday` date NULL DEFAULT NULL COMMENT '出生年月日',
  `identification` varchar(18) CHARACTER SET utf8mb3 COLLATE utf8mb3_general_ci NULL DEFAULT NULL COMMENT '身份证号',
  `is_deleted` bit(1) NULL DEFAULT b'0',
  PRIMARY KEY (`id`) USING BTREE
) ENGINE = InnoDB CHARACTER SET = utf8mb3 COLLATE = utf8mb3_general_ci ROW_FORMAT = Dynamic;

-- ----------------------------
-- Records of owner
-- ----------------------------
INSERT INTO `owner` VALUES (1, '陆菲菲', b'0', '17650183284', 'sda@qq.com', '2023-03-16', '350105199506138487', b'0');
INSERT INTO `owner` VALUES (2, '吴亦凡', b'1', '17607914290', 'wyf@gmail.com', '2023-03-16', '130821199103278829', b'0');
INSERT INTO `owner` VALUES (3, '王秀瑶', b'0', '13406983524', 'wjfwamdvu@qq.com', '2023-03-16', '610729197408202551', b'0');
INSERT INTO `owner` VALUES (4, '王妙蓝', b'1', '18556894069', 'tnjln@citiz.com', '2023-03-16', '820000195008115837', b'0');
INSERT INTO `owner` VALUES (5, '王黎晨', b'1', '17557533621', 'vogm@yeah.net', '2023-03-16', '450101197405207446', b'0');
INSERT INTO `owner` VALUES (6, '潭秋夏', b'0', '16572432737', 'vcbinsa@eastday.com', '2023-03-16', '411626198204167401', b'0');
INSERT INTO `owner` VALUES (7, '齐英逸', b'1', '18442315292', 'lvsk@citiz.com', '2023-03-16', '654022197901228286', b'0');
INSERT INTO `owner` VALUES (8, '牛念柳', b'0', '19936456245', 'slggnpanflba@163.com', '2023-03-16', '152224198908049211', b'0');
INSERT INTO `owner` VALUES (9, '郭凌兰', b'0', '13691269077', 'tarvqiadu@163.com', '2023-03-16', '230822197201256034', b'0');
INSERT INTO `owner` VALUES (10, '司宁曦', b'0', '15887709902', 'lcd@msn.com', '2023-03-16', '235407195106112745', b'0');
INSERT INTO `owner` VALUES (11, '杜宁雨', b'1', '15931139333', 'vetjvtmop@qq.com', '2023-03-16', '431202198811101720', b'0');
INSERT INTO `owner` VALUES (12, 'dsad', b'0', 'dasd', 'sad', '2023-03-20', 'dsad', b'1');
INSERT INTO `owner` VALUES (13, 'sd', b'0', 'a', 'a', '2023-03-07', 'a', b'1');

-- ----------------------------
-- Table structure for parking
-- ----------------------------
DROP TABLE IF EXISTS `parking`;
CREATE TABLE `parking`  (
  `id` int UNSIGNED NOT NULL AUTO_INCREMENT COMMENT '停车记录ID',
  `car_id` int UNSIGNED NULL DEFAULT NULL COMMENT '车辆ID',
  `stall_id` int UNSIGNED NULL DEFAULT NULL COMMENT '车位ID',
  `start_time` datetime NULL DEFAULT NULL COMMENT '入场时间',
  `end_time` datetime NULL DEFAULT NULL COMMENT '出场时间',
  `STATUS` tinyint NULL DEFAULT NULL COMMENT '状态',
  `bill_type_id` int NULL DEFAULT NULL COMMENT '收费类型ID',
  `money` decimal(10, 2) NULL DEFAULT NULL COMMENT '金额',
  `create_time` datetime NULL DEFAULT NULL COMMENT '创建时间',
  `create_by` int UNSIGNED NULL DEFAULT NULL COMMENT '创建人ID',
  `update_time` datetime NULL DEFAULT NULL COMMENT '处理时间',
  `update_by` int UNSIGNED NULL DEFAULT NULL COMMENT '处理人ID',
  `remark` varchar(255) CHARACTER SET utf8mb3 COLLATE utf8mb3_general_ci NULL DEFAULT NULL COMMENT '说明',
  `is_deleted` bit(1) NULL DEFAULT b'0',
  PRIMARY KEY (`id`) USING BTREE
) ENGINE = InnoDB CHARACTER SET = utf8mb3 COLLATE = utf8mb3_general_ci ROW_FORMAT = Dynamic;

-- ----------------------------
-- Records of parking
-- ----------------------------
INSERT INTO `parking` VALUES (1, 1, 1, '2023-03-17 13:32:05', '2023-03-17 13:32:09', 1, 4, 10.00, '2023-03-17 13:35:40', NULL, NULL, NULL, NULL, b'0');
INSERT INTO `parking` VALUES (2, 2, 2, '2023-03-21 19:46:26', '2023-03-21 21:47:08', 1, 4, 10.00, '2023-03-21 21:48:40', NULL, NULL, NULL, NULL, b'0');
INSERT INTO `parking` VALUES (3, 3, 3, '2023-03-21 19:46:26', '2023-03-21 21:47:08', 1, 4, 10.00, '2023-03-21 21:48:40', NULL, NULL, NULL, NULL, b'0');
INSERT INTO `parking` VALUES (4, 4, 4, '2023-03-21 19:46:26', '2023-03-21 21:47:08', 1, 4, 10.00, '2023-03-21 21:48:40', NULL, NULL, NULL, NULL, b'0');
INSERT INTO `parking` VALUES (5, 5, 5, '2023-03-21 19:46:26', '2023-03-21 21:47:08', 1, 4, 10.00, '2023-03-21 21:48:40', NULL, NULL, NULL, NULL, b'0');
INSERT INTO `parking` VALUES (6, 6, 6, '2023-03-21 19:46:26', '2023-03-21 21:47:08', 1, 4, 10.00, '2023-03-21 21:48:40', NULL, NULL, NULL, NULL, b'0');
INSERT INTO `parking` VALUES (7, 7, 7, '2023-03-21 19:46:26', '2023-03-21 21:47:08', 1, 4, 10.00, '2023-03-21 21:48:40', NULL, NULL, NULL, NULL, b'0');
INSERT INTO `parking` VALUES (8, 8, 8, '2023-03-21 03:46:26', '2023-03-28 07:20:48', 0, 4, 116.96, '2023-03-21 21:48:40', NULL, '2023-03-28 07:20:49', 1, NULL, b'0');
INSERT INTO `parking` VALUES (9, 9, 9, '2023-03-21 19:46:26', '2023-03-21 21:47:08', 1, 4, 10.00, '2023-03-21 21:48:40', NULL, NULL, NULL, NULL, b'0');
INSERT INTO `parking` VALUES (10, 10, 10, '2023-03-19 11:46:26', '2023-03-28 07:20:49', 1, 4, 144.16, '2023-03-20 21:48:40', NULL, '2023-03-28 07:20:50', 1, NULL, b'0');
INSERT INTO `parking` VALUES (11, 10, 10, '2023-03-19 11:46:26', '2023-03-28 08:40:35', 0, 4, 144.84, '2023-03-21 21:48:40', NULL, '2023-03-28 08:40:36', 1, NULL, b'0');
INSERT INTO `parking` VALUES (12, 12, 9, '2023-03-28 08:52:46', '2023-03-28 09:02:11', 0, 4, 0.00, '2023-03-28 08:52:23', 1, '2023-03-28 09:02:12', 1, NULL, b'0');
INSERT INTO `parking` VALUES (13, 13, 2, '2023-03-28 06:56:52', '2023-03-30 07:11:12', 0, 4, 48.00, '2023-03-28 08:56:35', 1, '2023-03-30 07:11:13', 1, NULL, b'0');

-- ----------------------------
-- Table structure for parking_lot
-- ----------------------------
DROP TABLE IF EXISTS `parking_lot`;
CREATE TABLE `parking_lot`  (
  `id` int UNSIGNED NOT NULL AUTO_INCREMENT COMMENT '停车场ID',
  `name` varchar(50) CHARACTER SET utf8mb3 COLLATE utf8mb3_general_ci NULL DEFAULT NULL COMMENT '停车场名',
  `areas` tinyint NULL DEFAULT NULL COMMENT '区域数',
  `create_time` datetime NULL DEFAULT NULL COMMENT '创建时间',
  `create_by` int UNSIGNED NULL DEFAULT NULL COMMENT '创建人ID',
  `is_deleted` bit(1) NULL DEFAULT b'0',
  PRIMARY KEY (`id`) USING BTREE
) ENGINE = InnoDB CHARACTER SET = utf8mb3 COLLATE = utf8mb3_general_ci ROW_FORMAT = Dynamic;

-- ----------------------------
-- Records of parking_lot
-- ----------------------------
INSERT INTO `parking_lot` VALUES (1, '1号停车场', 4, NULL, NULL, b'0');
INSERT INTO `parking_lot` VALUES (2, '2号停车场', 2, NULL, NULL, b'0');

-- ----------------------------
-- Table structure for purchase
-- ----------------------------
DROP TABLE IF EXISTS `purchase`;
CREATE TABLE `purchase`  (
  `id` int UNSIGNED NOT NULL AUTO_INCREMENT COMMENT '采购ID',
  `name` varchar(100) CHARACTER SET utf8mb3 COLLATE utf8mb3_general_ci NULL DEFAULT NULL COMMENT '物品名',
  `type` tinyint NULL DEFAULT NULL COMMENT '类型',
  `model` varchar(255) CHARACTER SET utf8mb3 COLLATE utf8mb3_general_ci NULL DEFAULT NULL COMMENT '型号',
  `producer` varchar(255) CHARACTER SET utf8mb3 COLLATE utf8mb3_general_ci NULL DEFAULT NULL COMMENT '生产商',
  `price` decimal(10, 2) NULL DEFAULT NULL COMMENT '价格',
  `number` tinyint UNSIGNED NULL DEFAULT 0,
  `create_by` int UNSIGNED NULL DEFAULT NULL COMMENT '创建人ID',
  `create_time` datetime NULL DEFAULT NULL COMMENT '创建时间',
  `update_time` datetime NULL DEFAULT NULL COMMENT '处理时间',
  `update_by` int UNSIGNED NULL DEFAULT NULL COMMENT '处理人ID',
  `status` tinyint NULL DEFAULT 1,
  `remark` varchar(500) CHARACTER SET utf8mb3 COLLATE utf8mb3_general_ci NULL DEFAULT NULL COMMENT '说明',
  `feedback` varchar(500) CHARACTER SET utf8mb3 COLLATE utf8mb3_general_ci NULL DEFAULT NULL COMMENT '反馈',
  `is_deleted` bit(1) NULL DEFAULT b'0',
  PRIMARY KEY (`id`) USING BTREE
) ENGINE = InnoDB CHARACTER SET = utf8mb3 COLLATE = utf8mb3_general_ci ROW_FORMAT = Dynamic;

-- ----------------------------
-- Records of purchase
-- ----------------------------
INSERT INTO `purchase` VALUES (1, 'A4纸', 1, 'A4', '晨光文具', 10.00, 1, 3, '2023-03-17 20:45:13', '2023-03-19 20:45:26', 1, 1, NULL, NULL, b'0');
INSERT INTO `purchase` VALUES (2, '电热水壶', 3, 'SW-17J15B', '九阳', 99.00, 1, 4, '2023-03-22 09:59:27', NULL, NULL, 0, NULL, NULL, b'0');
INSERT INTO `purchase` VALUES (3, '保温瓶', 3, '304不锈钢真空', '华亚', 79.00, 1, 4, '2023-03-22 09:59:27', NULL, NULL, 0, NULL, NULL, b'0');
INSERT INTO `purchase` VALUES (4, '茶托', 3, '白咖色J-512', '夜凉', 35.00, 1, 4, '2023-03-22 09:59:27', NULL, NULL, 0, NULL, NULL, b'0');
INSERT INTO `purchase` VALUES (5, '办公椅', 1, '加宽加厚坐垫+升级腰托', '卡勒维', 119.00, 2, 3, '2023-03-22 09:59:27', NULL, NULL, 0, NULL, NULL, b'0');
INSERT INTO `purchase` VALUES (6, '会议桌6', 1, 'HYZGX-75', '卡奈登', 659.00, 3, 3, '2023-03-22 09:59:27', NULL, NULL, 0, '求求了', NULL, b'0');
INSERT INTO `purchase` VALUES (7, '酒开', 3, '电动', 'CLITON', 45.00, 2, 4, '2023-03-22 09:59:27', NULL, NULL, 0, NULL, NULL, b'0');
INSERT INTO `purchase` VALUES (8, '对话机', 4, 'A5无磁喇叭', '科卫通', 200.00, 2, 5, '2023-03-22 09:59:27', NULL, NULL, 0, NULL, NULL, b'0');
INSERT INTO `purchase` VALUES (9, '吸尘器', 3, 'V10 Digital Slim', '戴森', 649.00, 1, 4, '2023-03-22 09:59:27', NULL, NULL, 0, NULL, NULL, b'0');
INSERT INTO `purchase` VALUES (10, '人字梯', 5, '折叠铝合金六步梯', '奥鹏', 165.00, 1, 6, '2023-03-22 09:59:27', '2023-04-08 03:10:09', 3, 2, NULL, '公司现在资金短缺。', b'0');
INSERT INTO `purchase` VALUES (11, 'xxxx', 1, 'xx', 'xx', 0.00, 1, 3, '2023-04-08 04:58:47', NULL, NULL, 0, 'xx', NULL, b'0');

-- ----------------------------
-- Table structure for repair
-- ----------------------------
DROP TABLE IF EXISTS `repair`;
CREATE TABLE `repair`  (
  `id` int UNSIGNED NOT NULL AUTO_INCREMENT COMMENT '报修ID',
  `house_id` int UNSIGNED NULL DEFAULT NULL COMMENT '房屋ID',
  `type` tinyint NULL DEFAULT NULL COMMENT '报修类型',
  `phoneNumber` varchar(50) CHARACTER SET utf8mb3 COLLATE utf8mb3_general_ci NULL DEFAULT NULL COMMENT '电话',
  `contents` varchar(255) CHARACTER SET utf8mb3 COLLATE utf8mb3_general_ci NULL DEFAULT NULL COMMENT '报修内容',
  `photo` varchar(255) CHARACTER SET utf8mb3 COLLATE utf8mb3_general_ci NULL DEFAULT NULL COMMENT '照片',
  `status` tinyint NULL DEFAULT NULL,
  `create_time` datetime NULL DEFAULT NULL COMMENT '创建时间',
  `update_time` datetime NULL DEFAULT NULL COMMENT '处理时间',
  `update_by` int UNSIGNED NULL DEFAULT NULL COMMENT '处理人ID',
  `repairer_id` int UNSIGNED NULL DEFAULT NULL COMMENT '维修员ID',
  `feedback` varchar(255) CHARACTER SET utf8mb3 COLLATE utf8mb3_general_ci NULL DEFAULT NULL COMMENT '反馈',
  `is_deleted` bit(1) NULL DEFAULT b'0',
  PRIMARY KEY (`id`) USING BTREE
) ENGINE = InnoDB CHARACTER SET = utf8mb3 COLLATE = utf8mb3_general_ci ROW_FORMAT = Dynamic;

-- ----------------------------
-- Records of repair
-- ----------------------------
INSERT INTO `repair` VALUES (1, 1, 1, '17650183284', '厕所楼板漏水', NULL, 1, '2023-03-19 16:37:48', '2023-03-19 16:37:50', 1, 1, NULL, b'0');
INSERT INTO `repair` VALUES (2, 2, 2, '17650183284', '钢化玻璃碎裂', NULL, 0, '2023-03-22 09:42:20', NULL, NULL, NULL, NULL, b'0');
INSERT INTO `repair` VALUES (3, 3, 1, '16572432737', '厕所楼板漏水', NULL, 0, '2023-03-22 09:42:20', NULL, NULL, NULL, NULL, b'0');
INSERT INTO `repair` VALUES (4, 4, 1, '17607914290', '厕所楼板漏水', NULL, 0, '2023-03-22 09:42:20', NULL, NULL, NULL, NULL, b'0');
INSERT INTO `repair` VALUES (5, 5, 1, '13406983524', '厕所楼板漏水', NULL, 0, '2023-02-22 09:42:20', NULL, NULL, NULL, NULL, b'0');
INSERT INTO `repair` VALUES (6, 6, 1, '18556894069', '厕所楼板漏水', NULL, 0, '2023-03-22 09:42:20', NULL, NULL, NULL, NULL, b'0');
INSERT INTO `repair` VALUES (7, 7, 1, '17557533621', '厕所楼板漏水', NULL, 0, '2023-03-22 09:42:20', NULL, NULL, NULL, NULL, b'0');
INSERT INTO `repair` VALUES (8, 8, 1, '16572432737', '厕所楼板漏水', NULL, 0, '2023-03-22 09:42:20', NULL, NULL, NULL, NULL, b'0');
INSERT INTO `repair` VALUES (9, 9, 1, '18442315292', '厕所楼板漏水', NULL, 0, '2023-03-22 09:42:20', NULL, NULL, NULL, NULL, b'0');
INSERT INTO `repair` VALUES (10, 1, 1, '19936456245', '厕所楼板漏水', NULL, 0, '2022-10-21 09:42:20', NULL, NULL, NULL, NULL, b'0');
INSERT INTO `repair` VALUES (11, 10, 1, '15622605851', 'aaaa', 'http://localhost:8000/repairImg/f26f6fd8-fde9-47eb-b54d-ae9eea229532.jpg', 0, '2023-04-04 13:26:52', NULL, NULL, NULL, NULL, b'0');
INSERT INTO `repair` VALUES (12, 4, 1, 'fsaf', 'fsafasgf', 'http://localhost:8000/repairImg/1194108e-1a9c-448f-a6c0-a8c0456f87fc.jpg', 0, '2023-04-04 13:36:46', NULL, NULL, NULL, NULL, b'0');
INSERT INTO `repair` VALUES (13, 10, 1, 'sdasd', 'dasdasd', 'http://localhost:8000/repairImg/b2b44a0b-ff5a-42fa-b8f2-71e8a99da1b9.jpg', 0, '2023-04-04 13:47:44', NULL, NULL, NULL, NULL, b'0');
INSERT INTO `repair` VALUES (14, 10, 1, 'sdasd', 'asdasd', 'http://localhost:8000/repairImg/983e999f-a491-41d4-87b9-7c6babb0cd82.jpg', 1, '2023-04-04 13:51:20', '2023-04-05 04:31:53', 1, 7, NULL, b'0');
INSERT INTO `repair` VALUES (15, 10, 0, 'sdasd', 'sdadsad', 'http://localhost:8000/repairImg/44fa96fb-4e68-40e1-9345-bc8190f30087.jpg', 0, '2023-04-04 15:00:42', NULL, NULL, NULL, NULL, b'1');
INSERT INTO `repair` VALUES (16, 10, 1, 'ds', 'ds', NULL, 1, '2023-04-04 15:45:39', NULL, NULL, NULL, NULL, b'1');

-- ----------------------------
-- Table structure for stall
-- ----------------------------
DROP TABLE IF EXISTS `stall`;
CREATE TABLE `stall`  (
  `id` int UNSIGNED NOT NULL AUTO_INCREMENT COMMENT '车位ID',
  `parking_lot_id` int UNSIGNED NULL DEFAULT NULL COMMENT '停车场ID',
  `area` tinyint NULL DEFAULT NULL COMMENT '所在区域',
  `stallNumber` varchar(10) CHARACTER SET utf8mb3 COLLATE utf8mb3_general_ci NULL DEFAULT NULL COMMENT '车位号',
  `STATUS` tinyint NULL DEFAULT NULL,
  `condition` bit(1) NULL DEFAULT NULL COMMENT '使用情况',
  `owner_id` int UNSIGNED NULL DEFAULT NULL COMMENT '业主ID',
  `is_deleted` bit(1) NULL DEFAULT b'0',
  PRIMARY KEY (`id`) USING BTREE
) ENGINE = InnoDB CHARACTER SET = utf8mb3 COLLATE = utf8mb3_general_ci ROW_FORMAT = Dynamic;

-- ----------------------------
-- Records of stall
-- ----------------------------
INSERT INTO `stall` VALUES (1, 1, 1, '1-001', 1, b'0', 1, b'0');
INSERT INTO `stall` VALUES (2, 1, 1, '1-002', 1, b'0', 2, b'0');
INSERT INTO `stall` VALUES (3, 1, 1, '1-003', 1, b'0', 3, b'0');
INSERT INTO `stall` VALUES (4, 1, 1, '1-004', 1, b'0', 4, b'0');
INSERT INTO `stall` VALUES (5, 1, 2, '2-001', 1, b'0', 5, b'0');
INSERT INTO `stall` VALUES (6, 1, 2, '2-002', 1, b'0', 6, b'0');
INSERT INTO `stall` VALUES (7, 1, 2, '2-003', 1, b'0', 7, b'0');
INSERT INTO `stall` VALUES (8, 2, 1, '1-001', 1, b'0', 8, b'0');
INSERT INTO `stall` VALUES (9, 2, 1, '1-002', 1, b'0', 9, b'0');
INSERT INTO `stall` VALUES (10, 2, 1, '1-003', 1, b'0', 10, b'0');
INSERT INTO `stall` VALUES (11, 2, 1, '1-004', 1, b'0', 11, b'0');

-- ----------------------------
-- Table structure for sys_menu
-- ----------------------------
DROP TABLE IF EXISTS `sys_menu`;
CREATE TABLE `sys_menu`  (
  `id` int UNSIGNED NOT NULL AUTO_INCREMENT,
  `name` varchar(50) CHARACTER SET utf8mb3 COLLATE utf8mb3_general_ci NULL DEFAULT NULL COMMENT '菜单名称',
  `icon` varchar(100) CHARACTER SET utf8mb3 COLLATE utf8mb3_general_ci NULL DEFAULT NULL COMMENT '菜单图标',
  `parent_id` int UNSIGNED NULL DEFAULT NULL COMMENT '父菜单ID',
  `order_num` int NULL DEFAULT NULL COMMENT '显示顺序',
  `path` varchar(200) CHARACTER SET utf8mb3 COLLATE utf8mb3_general_ci NULL DEFAULT NULL COMMENT '路由地址',
  `component` varchar(255) CHARACTER SET utf8mb3 COLLATE utf8mb3_general_ci NULL DEFAULT NULL COMMENT '组件路径',
  `menu_type` char(1) CHARACTER SET utf8mb3 COLLATE utf8mb3_general_ci NULL DEFAULT NULL COMMENT '菜单类型（M：目录，C：菜单，F：按钮）',
  `perms` varchar(100) CHARACTER SET utf8mb3 COLLATE utf8mb3_general_ci NULL DEFAULT NULL COMMENT '权限标识',
  `create_time` date NULL DEFAULT NULL COMMENT '创建时间',
  `update_time` date NULL DEFAULT NULL COMMENT '更新时间',
  `remark` varchar(500) CHARACTER SET utf8mb3 COLLATE utf8mb3_general_ci NULL DEFAULT NULL COMMENT '备注',
  PRIMARY KEY (`id`) USING BTREE
) ENGINE = InnoDB CHARACTER SET = utf8mb3 COLLATE = utf8mb3_general_ci ROW_FORMAT = Dynamic;

-- ----------------------------
-- Records of sys_menu
-- ----------------------------
INSERT INTO `sys_menu` VALUES (1, '员工管理', 'el-icon-user-solid', NULL, 1, NULL, NULL, 'M', 'system', NULL, NULL, NULL);
INSERT INTO `sys_menu` VALUES (2, '员工信息', 'el-icon-user', 1, 1, '/employee/EmployeeMsg', 'EmployeeMsg', 'C', 'system:employee:list', NULL, NULL, NULL);
INSERT INTO `sys_menu` VALUES (3, '值班管理', 'el-icon-date', 1, 2, '/employee/DutyManager', 'DutyManager', 'C', 'system:duty:list', NULL, NULL, NULL);
INSERT INTO `sys_menu` VALUES (4, '房屋管理', 'el-icon-office-building', NULL, 2, NULL, NULL, 'M', 'system', NULL, NULL, NULL);
INSERT INTO `sys_menu` VALUES (5, '房屋信息', 'el-icon-office-building', 4, 1, '/estate/HouseMsg', 'HouseMsg', 'C', 'system:state:list', NULL, NULL, NULL);
INSERT INTO `sys_menu` VALUES (6, '业主信息', 'el-icon-user', 4, 2, '/estate/OwnerMsg', 'OwnerMsg', 'C', 'system:owner:list', NULL, NULL, NULL);
INSERT INTO `sys_menu` VALUES (7, '物业缴费管理', 'el-icon-s-finance', NULL, 3, NULL, NULL, 'M', 'system', NULL, NULL, NULL);
INSERT INTO `sys_menu` VALUES (8, '缴费信息', 'el-icon-tickets', 7, 1, '/bill/BillMsg', 'BillMsg', 'C', 'system:bill:list', NULL, NULL, NULL);
INSERT INTO `sys_menu` VALUES (9, '停车管理', 'el-icon-truck', NULL, 4, NULL, NULL, 'M', 'system', NULL, NULL, NULL);
INSERT INTO `sys_menu` VALUES (10, '车位信息', 'el-icon-position', 9, 1, '/parking/StallMsg', 'StallMsg', 'C', 'system:stall:list', NULL, NULL, NULL);
INSERT INTO `sys_menu` VALUES (11, '停车信息', 'el-icon-map-location', 9, 2, '/parking/ParkingMsg', 'ParkingMsg', 'C', 'system:parking:list', NULL, NULL, NULL);
INSERT INTO `sys_menu` VALUES (12, '设备管理', 'el-icon-s-platform', NULL, 5, NULL, NULL, 'M', 'system', NULL, NULL, NULL);
INSERT INTO `sys_menu` VALUES (13, '设备信息', 'el-icon-table-lamp', 12, 1, '/equipment/EquipmentMsg', 'EquipmentMsg', 'C', 'system:equipment:list', NULL, NULL, NULL);
INSERT INTO `sys_menu` VALUES (14, '设备检修', 'el-icon-document-checked', 12, 2, '/equipment/MaintenanceMsg', 'MaintenanceMsg', 'C', 'system:maintenance:list', NULL, NULL, NULL);
INSERT INTO `sys_menu` VALUES (15, '报修管理', 'el-icon-s-opportunity', NULL, 6, NULL, NULL, 'M', 'system', NULL, NULL, NULL);
INSERT INTO `sys_menu` VALUES (16, '报修信息', 'el-icon-tickets', 15, 1, '/repair/RepairMsg', 'RepairMsg', 'C', 'system:repair:list', NULL, NULL, NULL);
INSERT INTO `sys_menu` VALUES (17, '报修记录', 'el-icon-time', 15, 2, '/repair/RepairRecords', 'RepairRecords', 'C', 'system:repairrecords:list', NULL, NULL, NULL);
INSERT INTO `sys_menu` VALUES (18, '采购管理', 'el-icon-s-goods', NULL, 7, NULL, '', 'M', 'system', NULL, NULL, NULL);
INSERT INTO `sys_menu` VALUES (19, '采购信息', 'el-icon-tickets', 18, 1, '/purchasing/PurchasingMsg', 'PurchasingMsg', 'C', 'system:purchase:list', NULL, NULL, NULL);
INSERT INTO `sys_menu` VALUES (20, '申请记录', 'el-icon-time', 18, 2, '/purchasing/ApplyRecords', 'ApplyRecords', 'C', 'system:purchaseapply:list', NULL, NULL, NULL);
INSERT INTO `sys_menu` VALUES (21, '业主反馈管理', 'el-icon-s-management', NULL, 8, NULL, NULL, 'M', 'system', NULL, NULL, NULL);
INSERT INTO `sys_menu` VALUES (22, '投诉信息', 'el-icon-tickets', 21, 1, '/feedback/ComplaintMsg', 'ComplaintMsg', 'C', 'system:complaint:list', NULL, NULL, NULL);
INSERT INTO `sys_menu` VALUES (23, '投诉记录', 'el-icon-time', 21, 2, '/feedback/ComplaintRecords', 'ComplaintRecords', 'C', 'system:complaintapply:list', NULL, NULL, NULL);
INSERT INTO `sys_menu` VALUES (24, '建议信息', 'el-icon-tickets', 21, 3, '/feedback/FeedbackMsg', 'FeedbackMsg', 'C', 'system:advise:list', NULL, NULL, NULL);
INSERT INTO `sys_menu` VALUES (25, '建议记录', 'el-icon-time', 21, 4, '/feedback/FeedbackRecords', 'FeedbackRecords', 'C', 'system:adviseapply:list', NULL, NULL, NULL);
INSERT INTO `sys_menu` VALUES (26, '公告管理', 'el-icon-s-comment', NULL, 9, NULL, NULL, 'M', 'system', NULL, NULL, NULL);
INSERT INTO `sys_menu` VALUES (27, '公告信息', 'el-icon-tickets', 26, 1, '/notice/NoticeMsg', 'NoticeMsg', 'C', 'system:noticemsg:list', NULL, NULL, NULL);
INSERT INTO `sys_menu` VALUES (28, '所有公告', 'el-icon-document-copy', 26, 2, '/notice/Notices', 'Notices', 'C', 'system:notice:list', NULL, NULL, NULL);
INSERT INTO `sys_menu` VALUES (29, '系统管理', 'el-icon-s-tools', NULL, 10, NULL, NULL, 'M', 'system', NULL, NULL, NULL);
INSERT INTO `sys_menu` VALUES (30, '角色管理', 'el-icon-view', 29, 1, '/system/RoleManager', 'RoleManager', 'C', 'system:role:list', NULL, NULL, NULL);
INSERT INTO `sys_menu` VALUES (31, '用户管理', 'el-icon-user', 29, 2, '/system/UserManager', 'UserManager', 'C', 'system:user:list', NULL, NULL, NULL);

-- ----------------------------
-- Table structure for sys_role
-- ----------------------------
DROP TABLE IF EXISTS `sys_role`;
CREATE TABLE `sys_role`  (
  `id` int UNSIGNED NOT NULL AUTO_INCREMENT,
  `name` varchar(30) CHARACTER SET utf8mb3 COLLATE utf8mb3_general_ci NULL DEFAULT NULL COMMENT '角色名称',
  `code` varchar(100) CHARACTER SET utf8mb3 COLLATE utf8mb3_general_ci NULL DEFAULT NULL COMMENT '角色权限字符串',
  `create_by` int UNSIGNED NULL DEFAULT NULL COMMENT '创建人ID',
  `create_time` datetime NULL DEFAULT NULL COMMENT '创建时间',
  `update_by` int UNSIGNED NULL DEFAULT NULL COMMENT '处理人ID',
  `update_time` datetime NULL DEFAULT NULL COMMENT '处理时间',
  `remark` varchar(500) CHARACTER SET utf8mb3 COLLATE utf8mb3_general_ci NULL DEFAULT NULL COMMENT '说明',
  `is_deleted` bit(1) NULL DEFAULT b'0',
  PRIMARY KEY (`id`) USING BTREE
) ENGINE = InnoDB CHARACTER SET = utf8mb3 COLLATE = utf8mb3_general_ci ROW_FORMAT = Dynamic;

-- ----------------------------
-- Records of sys_role
-- ----------------------------
INSERT INTO `sys_role` VALUES (1, '系统管理员', 'root', 1, '2023-03-14 15:29:08', NULL, NULL, NULL, b'0');
INSERT INTO `sys_role` VALUES (2, '业主', 'owner', 1, '2023-03-14 19:20:45', 3, '2023-04-25 08:35:41', '业主权限', b'0');
INSERT INTO `sys_role` VALUES (3, '财务专员', 'accounting', 3, '2023-04-25 08:31:37', NULL, NULL, '负责审批采购申请', b'0');

-- ----------------------------
-- Table structure for sys_role_menu
-- ----------------------------
DROP TABLE IF EXISTS `sys_role_menu`;
CREATE TABLE `sys_role_menu`  (
  `id` int UNSIGNED NOT NULL AUTO_INCREMENT,
  `role_id` int UNSIGNED NULL DEFAULT NULL COMMENT '角色ID',
  `menu_id` int UNSIGNED NULL DEFAULT NULL COMMENT '菜单ID',
  PRIMARY KEY (`id`) USING BTREE
) ENGINE = InnoDB CHARACTER SET = utf8mb3 COLLATE = utf8mb3_general_ci ROW_FORMAT = Dynamic;

-- ----------------------------
-- Records of sys_role_menu
-- ----------------------------
INSERT INTO `sys_role_menu` VALUES (1, 1, 1);
INSERT INTO `sys_role_menu` VALUES (2, 1, 2);
INSERT INTO `sys_role_menu` VALUES (3, 1, 3);
INSERT INTO `sys_role_menu` VALUES (4, 1, 4);
INSERT INTO `sys_role_menu` VALUES (5, 1, 5);
INSERT INTO `sys_role_menu` VALUES (6, 1, 6);
INSERT INTO `sys_role_menu` VALUES (7, 2, 4);
INSERT INTO `sys_role_menu` VALUES (8, 2, 5);
INSERT INTO `sys_role_menu` VALUES (9, 2, 6);

-- ----------------------------
-- Table structure for sys_user
-- ----------------------------
DROP TABLE IF EXISTS `sys_user`;
CREATE TABLE `sys_user`  (
  `id` int UNSIGNED NOT NULL AUTO_INCREMENT,
  `name` varchar(100) CHARACTER SET utf8mb3 COLLATE utf8mb3_general_ci NOT NULL,
  `password` varchar(255) CHARACTER SET utf8mb3 COLLATE utf8mb3_general_ci NOT NULL,
  `type` bit(1) NULL DEFAULT NULL,
  `bind_id` int UNSIGNED NULL DEFAULT NULL,
  `avatar` varchar(255) CHARACTER SET utf8mb3 COLLATE utf8mb3_general_ci NULL DEFAULT NULL,
  `create_time` datetime NULL DEFAULT NULL COMMENT '创建时间',
  `create_by` int UNSIGNED NULL DEFAULT NULL COMMENT '创建人ID',
  `is_deleted` bit(1) NULL DEFAULT b'0',
  PRIMARY KEY (`id`) USING BTREE
) ENGINE = InnoDB CHARACTER SET = utf8mb3 COLLATE = utf8mb3_general_ci ROW_FORMAT = Dynamic;

-- ----------------------------
-- Records of sys_user
-- ----------------------------
INSERT INTO `sys_user` VALUES (1, 'admin', '$2a$10$7hkjwvvmEopnOYnv8GndIe/FoD4aJrf.t2//e4X7cnITz9ecnhh/S', b'1', 3, NULL, '2023-03-14 12:32:54', 1, b'0');
INSERT INTO `sys_user` VALUES (2, 'owner', '$2a$10$7hkjwvvmEopnOYnv8GndIe/FoD4aJrf.t2//e4X7cnITz9ecnhh/S', b'0', 8, NULL, '2023-03-14 19:21:15', 1, b'0');
INSERT INTO `sys_user` VALUES (3, 'user1', '$2a$10$Q8ZFnReobRdyIPycHs9oZ.BxRo4vXNDMS.J8PJY9tywzR1Z2IgT9u', b'0', 9, NULL, '2023-04-15 04:55:30', 3, b'0');
INSERT INTO `sys_user` VALUES (4, 'user2', '$2a$10$X8GziZE5G2kofl40Os7hdetP7duy90k9hYs6hkk1digKjbV57W54W', b'1', 7, NULL, '2023-04-15 04:56:11', 3, b'0');

-- ----------------------------
-- Table structure for sys_user_role
-- ----------------------------
DROP TABLE IF EXISTS `sys_user_role`;
CREATE TABLE `sys_user_role`  (
  `id` int UNSIGNED NOT NULL AUTO_INCREMENT,
  `user_id` int UNSIGNED NULL DEFAULT NULL COMMENT '用户ID',
  `role_id` int UNSIGNED NULL DEFAULT NULL COMMENT '角色ID',
  PRIMARY KEY (`id`) USING BTREE
) ENGINE = InnoDB CHARACTER SET = utf8mb3 COLLATE = utf8mb3_general_ci ROW_FORMAT = Dynamic;

-- ----------------------------
-- Records of sys_user_role
-- ----------------------------
INSERT INTO `sys_user_role` VALUES (1, 1, 1);
INSERT INTO `sys_user_role` VALUES (4, 3, 3);
INSERT INTO `sys_user_role` VALUES (5, 2, 3);
INSERT INTO `sys_user_role` VALUES (6, 1, 3);
INSERT INTO `sys_user_role` VALUES (14, 3, 2);
INSERT INTO `sys_user_role` VALUES (17, 2, 2);

SET FOREIGN_KEY_CHECKS = 1;
